[000000000] ECUA SIM   HOST run_ms=4000 restbus=0 emulate_speed=0
[000000000] ECUA BSW   ECUM STATE STARTUP
[000000000] ECUA BSW   ECUM INIT_ZERO
[000000000] ECUA BSW   MCU clock=80000000
[000000000] ECUA BSW   ECUM INIT_ONE
[000000000] ECUA OS    STARTOS mode=0
[000000000] ECUA OS    TASK_START Task_Init prio=10
[000000000] ECUA BSW   ECUM STARTUP_TWO
[000000000] ECUA BSW   SCHM START
[000000000] ECUA BSW   SCHM INIT
[000000000] ECUA BSW   SCHM TIMING
[000000000] ECUA BSW   BSWM RULE R_Startup TRUE
[000000000] ECUA BSW   BSWM ACTION EcuM_AL_DriverInitTwo rc=0
[000000000] ECUA BSW   BSWM ACTION Can_Init rc=0
[000000000] ECUA BSW   BSWM ACTION CanIf_Init rc=0
[000000000] ECUA BSW   BSWM ACTION PduR_Init rc=0
[000000000] ECUA BSW   BSWM ACTION Com_Init rc=0
[000000000] ECUA RTE   START
[000000000] ECUA BSW   BSWM ACTION Rte_Start rc=0
[000000000] ECUA BSW   BSWM ACTION EcuM_RequestRUN rc=0
[000000000] ECUA BSW   BSWM RULE R_Run FALSE
[000000000] ECUA BSW   ECUM STATE RUN
[000000000] ECUA BSW   BSWM RULE R_Startup FALSE
[000000000] ECUA BSW   BSWM RULE R_Run TRUE
[000000000] ECUA CANIF MODE ctrl=0 mode=1
[000000000] ECUA BSW   BSWM ACTION CanIf_Start rc=0
[000000000] ECUA COM   GROUP_START 0
[000000000] ECUA BSW   BSWM ACTION Com_IpduGroupStart rc=0
[000000000] ECUA RTE   MODE EcuMode=RUN
[000000000] ECUA BSW   BSWM ACTION Rte_SwitchRun rc=0
[000000000] ECUA OS    TASK_END Task_Init
[000010000] ECUA OS    ALARM Alarm_BswMain
[000010000] ECUA OS    ALARM Alarm_Swc10ms
[000010000] ECUA OS    TASK_START Task_BswMain prio=3
[000010000] ECUA COM   TX ipdu=0 len=2
[000010000] ECUA PDUR  TX com=0 canif=0
[000010000] ECUA CAN   TX id=0x101 dlc=2 data=00 00
[000010000] ECUA CANIF TX pdu=0
[000010000] ECUA OS    TASK_END Task_BswMain
[000010000] ECUA OS    TASK_START Task_Swc10ms prio=2
[000010000] ECUA RTE   CALL R_WheelSpeed_GetWheelSpeed
[000010000] ECUA BSW   IOHWAB ADC raw=0
[000010000] ECUA RTE   WRITE P_VehicleSpeed_VehicleSpeed=0
[000010000] ECUA OS    TASK_END Task_Swc10ms
[000020000] ECUA OS    ALARM Alarm_BswMain
[000020000] ECUA OS    ALARM Alarm_Swc10ms
[000020000] ECUA OS    TASK_START Task_BswMain prio=3
[000020000] ECUA OS    TASK_END Task_BswMain
[000020000] ECUA OS    TASK_START Task_Swc10ms prio=2
[000020000] ECUA RTE   CALL R_WheelSpeed_GetWheelSpeed
[000020000] ECUA RTE   WRITE P_VehicleSpeed_VehicleSpeed=0
[000020000] ECUA OS    TASK_END Task_Swc10ms
[000030000] ECUA OS    ALARM Alarm_BswMain
[000030000] ECUA OS    ALARM Alarm_Swc10ms
[000030000] ECUA OS    TASK_START Task_BswMain prio=3
[000030000] ECUA COM   TX ipdu=0 len=2
[000030000] ECUA PDUR  TX com=0 canif=0
[000030000] ECUA CAN   TX id=0x101 dlc=2 data=00 00
[000030000] ECUA CANIF TX pdu=0
[000030000] ECUA OS    TASK_END Task_BswMain
[000030000] ECUA OS    TASK_START Task_Swc10ms prio=2
[000030000] ECUA RTE   CALL R_WheelSpeed_GetWheelSpeed
[000030000] ECUA RTE   WRITE P_VehicleSpeed_VehicleSpeed=0
[000030000] ECUA OS    TASK_END Task_Swc10ms
[000040000] ECUA OS    ALARM Alarm_BswMain
[000040000] ECUA OS    ALARM Alarm_Swc10ms
[000040000] ECUA OS    TASK_START Task_BswMain prio=3
[000040000] ECUA OS    TASK_END Task_BswMain
[000040000] ECUA OS    TASK_START Task_Swc10ms prio=2
[000040000] ECUA RTE   CALL R_WheelSpeed_GetWheelSpeed
[000040000] ECUA RTE   WRITE P_VehicleSpeed_VehicleSpeed=0
[000040000] ECUA OS    TASK_END Task_Swc10ms
[000050000] ECUA OS    ALARM Alarm_BswMain
[000050000] ECUA OS    ALARM Alarm_Swc10ms
[000050000] ECUA OS    TASK_START Task_BswMain prio=3
[000050000] ECUA COM   TX ipdu=0 len=2
[000050000] ECUA PDUR  TX com=0 canif=0
[000050000] ECUA CAN   TX id=0x101 dlc=2 data=00 00
[000050000] ECUA CANIF TX pdu=0
[000050000] ECUA OS    TASK_END Task_BswMain
[000050000] ECUA OS    TASK_START Task_Swc10ms prio=2
[000050000] ECUA RTE   CALL R_WheelSpeed_GetWheelSpeed
[000050000] ECUA RTE   WRITE P_VehicleSpeed_VehicleSpeed=0
[000050000] ECUA OS    TASK_END Task_Swc10ms
[000060000] ECUA OS    ALARM Alarm_BswMain
[000060000] ECUA OS    ALARM Alarm_Swc10ms
[000060000] ECUA OS    TASK_START Task_BswMain prio=3
[000060000] ECUA OS    TASK_END Task_BswMain
[000060000] ECUA OS    TASK_START Task_Swc10ms prio=2
[000060000] ECUA RTE   CALL R_WheelSpeed_GetWheelSpeed
[000060000] ECUA RTE   WRITE P_VehicleSpeed_VehicleSpeed=0
[000060000] ECUA OS    TASK_END Task_Swc10ms
[000070000] ECUA OS    ALARM Alarm_BswMain
[000070000] ECUA OS    ALARM Alarm_Swc10ms
[000070000] ECUA OS    TASK_START Task_BswMain prio=3
[000070000] ECUA COM   TX ipdu=0 len=2
[000070000] ECUA PDUR  TX com=0 canif=0
[000070000] ECUA CAN   TX id=0x101 dlc=2 data=00 00
[000070000] ECUA CANIF TX pdu=0
[000070000] ECUA OS    TASK_END Task_BswMain
[000070000] ECUA OS    TASK_START Task_Swc10ms prio=2
[000070000] ECUA RTE   CALL R_WheelSpeed_GetWheelSpeed
[000070000] ECUA RTE   WRITE P_VehicleSpeed_VehicleSpeed=0
[000070000] ECUA OS    TASK_END Task_Swc10ms
[000080000] ECUA OS    ALARM Alarm_BswMain
[000080000] ECUA OS    ALARM Alarm_Swc10ms
[000080000] ECUA OS    TASK_START Task_BswMain prio=3
[000080000] ECUA OS    TASK_END Task_BswMain
[000080000] ECUA OS    TASK_START Task_Swc10ms prio=2
[000080000] ECUA RTE   CALL R_WheelSpeed_GetWheelSpeed
[000080000] ECUA RTE   WRITE P_VehicleSpeed_VehicleSpeed=0
[000080000] ECUA OS    TASK_END Task_Swc10ms
[000090000] ECUA OS    ALARM Alarm_BswMain
[000090000] ECUA OS    ALARM Alarm_Swc10ms
[000090000] ECUA OS    TASK_START Task_BswMain prio=3
[000090000] ECUA COM   TX ipdu=0 len=2
[000090000] ECUA PDUR  TX com=0 canif=0
[000090000] ECUA CAN   TX id=0x101 dlc=2 data=00 00
[000090000] ECUA CANIF TX pdu=0
[000090000] ECUA OS    TASK_END Task_BswMain
[000090000] ECUA OS    TASK_START Task_Swc10ms prio=2
[000090000] ECUA RTE   CALL R_WheelSpeed_GetWheelSpeed
[000090000] ECUA RTE   WRITE P_VehicleSpeed_VehicleSpeed=0
[000090000] ECUA OS    TASK_END Task_Swc10ms
[000100000] ECUA OS    ALARM Alarm_BswMain
[000100000] ECUA OS    ALARM Alarm_Swc10ms
[000100000] ECUA OS    TASK_START Task_BswMain prio=3
[000100000] ECUA OS    TASK_END Task_BswMain
[000100000] ECUA OS    TASK_START Task_Swc10ms prio=2
[000100000] ECUA RTE   CALL R_WheelSpeed_GetWheelSpeed
[000100000] ECUA SWC   SpeedSensor raw=0 speed=0
[000100000] ECUA RTE   WRITE P_VehicleSpeed_VehicleSpeed=0
[000100000] ECUA OS    TASK_END Task_Swc10ms
[000110000] ECUA OS    ALARM Alarm_BswMain
[000110000] ECUA OS    ALARM Alarm_Swc10ms
[000110000] ECUA OS    TASK_START Task_BswMain prio=3
[000110000] ECUA COM   TX ipdu=0 len=2
[000110000] ECUA PDUR  TX com=0 canif=0
[000110000] ECUA CAN   TX id=0x101 dlc=2 data=00 00
[000110000] ECUA CANIF TX pdu=0
[000110000] ECUA OS    TASK_END Task_BswMain
[000110000] ECUA OS    TASK_START Task_Swc10ms prio=2
[000110000] ECUA RTE   CALL R_WheelSpeed_GetWheelSpeed
[000110000] ECUA RTE   WRITE P_VehicleSpeed_VehicleSpeed=0
[000110000] ECUA OS    TASK_END Task_Swc10ms
[000120000] ECUA OS    ALARM Alarm_BswMain
[000120000] ECUA OS    ALARM Alarm_Swc10ms
[000120000] ECUA OS    TASK_START Task_BswMain prio=3
[000120000] ECUA OS    TASK_END Task_BswMain
[000120000] ECUA OS    TASK_START Task_Swc10ms prio=2
[000120000] ECUA RTE   CALL R_WheelSpeed_GetWheelSpeed
[000120000] ECUA RTE   WRITE P_VehicleSpeed_VehicleSpeed=0
[000120000] ECUA OS    TASK_END Task_Swc10ms
[000130000] ECUA OS    ALARM Alarm_BswMain
[000130000] ECUA OS    ALARM Alarm_Swc10ms
[000130000] ECUA OS    TASK_START Task_BswMain prio=3
[000130000] ECUA COM   TX ipdu=0 len=2
[000130000] ECUA PDUR  TX com=0 canif=0
[000130000] ECUA CAN   TX id=0x101 dlc=2 data=00 00
[000130000] ECUA CANIF TX pdu=0
[000130000] ECUA OS    TASK_END Task_BswMain
[000130000] ECUA OS    TASK_START Task_Swc10ms prio=2
[000130000] ECUA RTE   CALL R_WheelSpeed_GetWheelSpeed
[000130000] ECUA RTE   WRITE P_VehicleSpeed_VehicleSpeed=0
[000130000] ECUA OS    TASK_END Task_Swc10ms
[000140000] ECUA OS    ALARM Alarm_BswMain
[000140000] ECUA OS    ALARM Alarm_Swc10ms
[000140000] ECUA OS    TASK_START Task_BswMain prio=3
[000140000] ECUA OS    TASK_END Task_BswMain
[000140000] ECUA OS    TASK_START Task_Swc10ms prio=2
[000140000] ECUA RTE   CALL R_WheelSpeed_GetWheelSpeed
[000140000] ECUA RTE   WRITE P_VehicleSpeed_VehicleSpeed=0
[000140000] ECUA OS    TASK_END Task_Swc10ms
[000150000] ECUA OS    ALARM Alarm_BswMain
[000150000] ECUA OS    ALARM Alarm_Swc10ms
[000150000] ECUA OS    TASK_START Task_BswMain prio=3
[000150000] ECUA COM   TX ipdu=0 len=2
[000150000] ECUA PDUR  TX com=0 canif=0
[000150000] ECUA CAN   TX id=0x101 dlc=2 data=00 00
[000150000] ECUA CANIF TX pdu=0
[000150000] ECUA OS    TASK_END Task_BswMain
[000150000] ECUA OS    TASK_START Task_Swc10ms prio=2
[000150000] ECUA RTE   CALL R_WheelSpeed_GetWheelSpeed
[000150000] ECUA RTE   WRITE P_VehicleSpeed_VehicleSpeed=0
[000150000] ECUA OS    TASK_END Task_Swc10ms
[000160000] ECUA OS    ALARM Alarm_BswMain
[000160000] ECUA OS    ALARM Alarm_Swc10ms
[000160000] ECUA OS    TASK_START Task_BswMain prio=3
[000160000] ECUA OS    TASK_END Task_BswMain
[000160000] ECUA OS    TASK_START Task_Swc10ms prio=2
[000160000] ECUA RTE   CALL R_WheelSpeed_GetWheelSpeed
[000160000] ECUA RTE   WRITE P_VehicleSpeed_VehicleSpeed=0
[000160000] ECUA OS    TASK_END Task_Swc10ms
[000170000] ECUA OS    ALARM Alarm_BswMain
[000170000] ECUA OS    ALARM Alarm_Swc10ms
[000170000] ECUA OS    TASK_START Task_BswMain prio=3
[000170000] ECUA COM   TX ipdu=0 len=2
[000170000] ECUA PDUR  TX com=0 canif=0
[000170000] ECUA CAN   TX id=0x101 dlc=2 data=00 00
[000170000] ECUA CANIF TX pdu=0
[000170000] ECUA OS    TASK_END Task_BswMain
[000170000] ECUA OS    TASK_START Task_Swc10ms prio=2
[000170000] ECUA RTE   CALL R_WheelSpeed_GetWheelSpeed
[000170000] ECUA RTE   WRITE P_VehicleSpeed_VehicleSpeed=0
[000170000] ECUA OS    TASK_END Task_Swc10ms
[000180000] ECUA OS    ALARM Alarm_BswMain
[000180000] ECUA OS    ALARM Alarm_Swc10ms
[000180000] ECUA OS    TASK_START Task_BswMain prio=3
[000180000] ECUA OS    TASK_END Task_BswMain
[000180000] ECUA OS    TASK_START Task_Swc10ms prio=2
[000180000] ECUA RTE   CALL R_WheelSpeed_GetWheelSpeed
[000180000] ECUA RTE   WRITE P_VehicleSpeed_VehicleSpeed=0
[000180000] ECUA OS    TASK_END Task_Swc10ms
[000190000] ECUA OS    ALARM Alarm_BswMain
[000190000] ECUA OS    ALARM Alarm_Swc10ms
[000190000] ECUA OS    TASK_START Task_BswMain prio=3
[000190000] ECUA COM   TX ipdu=0 len=2
[000190000] ECUA PDUR  TX com=0 canif=0
[000190000] ECUA CAN   TX id=0x101 dlc=2 data=00 00
[000190000] ECUA CANIF TX pdu=0
[000190000] ECUA OS    TASK_END Task_BswMain
[000190000] ECUA OS    TASK_START Task_Swc10ms prio=2
[000190000] ECUA RTE   CALL R_WheelSpeed_GetWheelSpeed
[000190000] ECUA RTE   WRITE P_VehicleSpeed_VehicleSpeed=0
[000190000] ECUA OS    TASK_END Task_Swc10ms
[000200000] ECUA OS    ALARM Alarm_BswMain
[000200000] ECUA OS    ALARM Alarm_Swc10ms
[000200000] ECUA OS    TASK_START Task_BswMain prio=3
[000200000] ECUA OS    TASK_END Task_BswMain
[000200000] ECUA OS    TASK_START Task_Swc10ms prio=2
[000200000] ECUA RTE   CALL R_WheelSpeed_GetWheelSpeed
[000200000] ECUA SWC   SpeedSensor raw=0 speed=0
[000200000] ECUA RTE   WRITE P_VehicleSpeed_VehicleSpeed=0
[000200000] ECUA OS    TASK_END Task_Swc10ms
[000210000] ECUA OS    ALARM Alarm_BswMain
[000210000] ECUA OS    ALARM Alarm_Swc10ms
[000210000] ECUA OS    TASK_START Task_BswMain prio=3
[000210000] ECUA COM   TX ipdu=0 len=2
[000210000] ECUA PDUR  TX com=0 canif=0
[000210000] ECUA CAN   TX id=0x101 dlc=2 data=00 00
[000210000] ECUA CANIF TX pdu=0
[000210000] ECUA OS    TASK_END Task_BswMain
[000210000] ECUA OS    TASK_START Task_Swc10ms prio=2
[000210000] ECUA RTE   CALL R_WheelSpeed_GetWheelSpeed
[000210000] ECUA RTE   WRITE P_VehicleSpeed_VehicleSpeed=14
[000210000] ECUA OS    TASK_END Task_Swc10ms
[000220000] ECUA OS    ALARM Alarm_BswMain
[000220000] ECUA OS    ALARM Alarm_Swc10ms
[000220000] ECUA OS    TASK_START Task_BswMain prio=3
[000220000] ECUA OS    TASK_END Task_BswMain
[000220000] ECUA OS    TASK_START Task_Swc10ms prio=2
[000220000] ECUA RTE   CALL R_WheelSpeed_GetWheelSpeed
[000220000] ECUA RTE   WRITE P_VehicleSpeed_VehicleSpeed=29
[000220000] ECUA OS    TASK_END Task_Swc10ms
[000230000] ECUA OS    ALARM Alarm_BswMain
[000230000] ECUA OS    ALARM Alarm_Swc10ms
[000230000] ECUA OS    TASK_START Task_BswMain prio=3
[000230000] ECUA COM   TX ipdu=0 len=2
[000230000] ECUA PDUR  TX com=0 canif=0
[000230000] ECUA CAN   TX id=0x101 dlc=2 data=1d 00
[000230000] ECUA CANIF TX pdu=0
[000230000] ECUA OS    TASK_END Task_BswMain
[000230000] ECUA OS    TASK_START Task_Swc10ms prio=2
[000230000] ECUA RTE   CALL R_WheelSpeed_GetWheelSpeed
[000230000] ECUA RTE   WRITE P_VehicleSpeed_VehicleSpeed=43
[000230000] ECUA OS    TASK_END Task_Swc10ms
[000240000] ECUA OS    ALARM Alarm_BswMain
[000240000] ECUA OS    ALARM Alarm_Swc10ms
[000240000] ECUA OS    TASK_START Task_BswMain prio=3
[000240000] ECUA OS    TASK_END Task_BswMain
[000240000] ECUA OS    TASK_START Task_Swc10ms prio=2
[000240000] ECUA RTE   CALL R_WheelSpeed_GetWheelSpeed
[000240000] ECUA RTE   WRITE P_VehicleSpeed_VehicleSpeed=58
[000240000] ECUA OS    TASK_END Task_Swc10ms
[000250000] ECUA OS    ALARM Alarm_BswMain
[000250000] ECUA OS    ALARM Alarm_Swc10ms
[000250000] ECUA OS    TASK_START Task_BswMain prio=3
[000250000] ECUA COM   TX ipdu=0 len=2
[000250000] ECUA PDUR  TX com=0 canif=0
[000250000] ECUA CAN   TX id=0x101 dlc=2 data=3a 00
[000250000] ECUA CANIF TX pdu=0
[000250000] ECUA OS    TASK_END Task_BswMain
[000250000] ECUA OS    TASK_START Task_Swc10ms prio=2
[000250000] ECUA RTE   CALL R_WheelSpeed_GetWheelSpeed
[000250000] ECUA RTE   WRITE P_VehicleSpeed_VehicleSpeed=73
[000250000] ECUA OS    TASK_END Task_Swc10ms
[000260000] ECUA OS    ALARM Alarm_BswMain
[000260000] ECUA OS    ALARM Alarm_Swc10ms
[000260000] ECUA OS    TASK_START Task_BswMain prio=3
[000260000] ECUA OS    TASK_END Task_BswMain
[000260000] ECUA OS    TASK_START Task_Swc10ms prio=2
[000260000] ECUA RTE   CALL R_WheelSpeed_GetWheelSpeed
[000260000] ECUA RTE   WRITE P_VehicleSpeed_VehicleSpeed=87
[000260000] ECUA OS    TASK_END Task_Swc10ms
[000270000] ECUA OS    ALARM Alarm_BswMain
[000270000] ECUA OS    ALARM Alarm_Swc10ms
[000270000] ECUA OS    TASK_START Task_BswMain prio=3
[000270000] ECUA COM   TX ipdu=0 len=2
[000270000] ECUA PDUR  TX com=0 canif=0
[000270000] ECUA CAN   TX id=0x101 dlc=2 data=57 00
[000270000] ECUA CANIF TX pdu=0
[000270000] ECUA OS    TASK_END Task_BswMain
[000270000] ECUA OS    TASK_START Task_Swc10ms prio=2
[000270000] ECUA RTE   CALL R_WheelSpeed_GetWheelSpeed
[000270000] ECUA RTE   WRITE P_VehicleSpeed_VehicleSpeed=102
[000270000] ECUA OS    TASK_END Task_Swc10ms
[000280000] ECUA OS    ALARM Alarm_BswMain
[000280000] ECUA OS    ALARM Alarm_Swc10ms
[000280000] ECUA OS    TASK_START Task_BswMain prio=3
[000280000] ECUA OS    TASK_END Task_BswMain
[000280000] ECUA OS    TASK_START Task_Swc10ms prio=2
[000280000] ECUA RTE   CALL R_WheelSpeed_GetWheelSpeed
[000280000] ECUA RTE   WRITE P_VehicleSpeed_VehicleSpeed=117
[000280000] ECUA OS    TASK_END Task_Swc10ms
[000290000] ECUA OS    ALARM Alarm_BswMain
[000290000] ECUA OS    ALARM Alarm_Swc10ms
[000290000] ECUA OS    TASK_START Task_BswMain prio=3
[000290000] ECUA COM   TX ipdu=0 len=2
[000290000] ECUA PDUR  TX com=0 canif=0
[000290000] ECUA CAN   TX id=0x101 dlc=2 data=75 00
[000290000] ECUA CANIF TX pdu=0
[000290000] ECUA OS    TASK_END Task_BswMain
[000290000] ECUA OS    TASK_START Task_Swc10ms prio=2
[000290000] ECUA RTE   CALL R_WheelSpeed_GetWheelSpeed
[000290000] ECUA RTE   WRITE P_VehicleSpeed_VehicleSpeed=131
[000290000] ECUA OS    TASK_END Task_Swc10ms
[000300000] ECUA OS    ALARM Alarm_BswMain
[000300000] ECUA OS    ALARM Alarm_Swc10ms
[000300000] ECUA OS    TASK_START Task_BswMain prio=3
[000300000] ECUA OS    TASK_END Task_BswMain
[000300000] ECUA OS    TASK_START Task_Swc10ms prio=2
[000300000] ECUA RTE   CALL R_WheelSpeed_GetWheelSpeed
[000300000] ECUA SWC   SpeedSensor raw=300 speed=146
[000300000] ECUA RTE   WRITE P_VehicleSpeed_VehicleSpeed=146
[000300000] ECUA OS    TASK_END Task_Swc10ms
[000310000] ECUA OS    ALARM Alarm_BswMain
[000310000] ECUA OS    ALARM Alarm_Swc10ms
[000310000] ECUA OS    TASK_START Task_BswMain prio=3
[000310000] ECUA COM   TX ipdu=0 len=2
[000310000] ECUA PDUR  TX com=0 canif=0
[000310000] ECUA CAN   TX id=0x101 dlc=2 data=92 00
[000310000] ECUA CANIF TX pdu=0
[000310000] ECUA OS    TASK_END Task_BswMain
[000310000] ECUA OS    TASK_START Task_Swc10ms prio=2
[000310000] ECUA RTE   CALL R_WheelSpeed_GetWheelSpeed
[000310000] ECUA RTE   WRITE P_VehicleSpeed_VehicleSpeed=161
[000310000] ECUA OS    TASK_END Task_Swc10ms
[000320000] ECUA OS    ALARM Alarm_BswMain
[000320000] ECUA OS    ALARM Alarm_Swc10ms
[000320000] ECUA OS    TASK_START Task_BswMain prio=3
[000320000] ECUA OS    TASK_END Task_BswMain
[000320000] ECUA OS    TASK_START Task_Swc10ms prio=2
[000320000] ECUA RTE   CALL R_WheelSpeed_GetWheelSpeed
[000320000] ECUA RTE   WRITE P_VehicleSpeed_VehicleSpeed=175
[000320000] ECUA OS    TASK_END Task_Swc10ms
[000330000] ECUA OS    ALARM Alarm_BswMain
[000330000] ECUA OS    ALARM Alarm_Swc10ms
[000330000] ECUA OS    TASK_START Task_BswMain prio=3
[000330000] ECUA COM   TX ipdu=0 len=2
[000330000] ECUA PDUR  TX com=0 canif=0
[000330000] ECUA CAN   TX id=0x101 dlc=2 data=af 00
[000330000] ECUA CANIF TX pdu=0
[000330000] ECUA OS    TASK_END Task_BswMain
[000330000] ECUA OS    TASK_START Task_Swc10ms prio=2
[000330000] ECUA RTE   CALL R_WheelSpeed_GetWheelSpeed
[000330000] ECUA RTE   WRITE P_VehicleSpeed_VehicleSpeed=190
[000330000] ECUA OS    TASK_END Task_Swc10ms
[000340000] ECUA OS    ALARM Alarm_BswMain
[000340000] ECUA OS    ALARM Alarm_Swc10ms
[000340000] ECUA OS    TASK_START Task_BswMain prio=3
[000340000] ECUA OS    TASK_END Task_BswMain
[000340000] ECUA OS    TASK_START Task_Swc10ms prio=2
[000340000] ECUA RTE   CALL R_WheelSpeed_GetWheelSpeed
[000340000] ECUA RTE   WRITE P_VehicleSpeed_VehicleSpeed=205
[000340000] ECUA OS    TASK_END Task_Swc10ms
[000350000] ECUA OS    ALARM Alarm_BswMain
[000350000] ECUA OS    ALARM Alarm_Swc10ms
[000350000] ECUA OS    TASK_START Task_BswMain prio=3
[000350000] ECUA COM   TX ipdu=0 len=2
[000350000] ECUA PDUR  TX com=0 canif=0
[000350000] ECUA CAN   TX id=0x101 dlc=2 data=cd 00
[000350000] ECUA CANIF TX pdu=0
[000350000] ECUA OS    TASK_END Task_BswMain
[000350000] ECUA OS    TASK_START Task_Swc10ms prio=2
[000350000] ECUA RTE   CALL R_WheelSpeed_GetWheelSpeed
[000350000] ECUA RTE   WRITE P_VehicleSpeed_VehicleSpeed=219
[000350000] ECUA OS    TASK_END Task_Swc10ms
[000360000] ECUA OS    ALARM Alarm_BswMain
[000360000] ECUA OS    ALARM Alarm_Swc10ms
[000360000] ECUA OS    TASK_START Task_BswMain prio=3
[000360000] ECUA OS    TASK_END Task_BswMain
[000360000] ECUA OS    TASK_START Task_Swc10ms prio=2
[000360000] ECUA RTE   CALL R_WheelSpeed_GetWheelSpeed
[000360000] ECUA RTE   WRITE P_VehicleSpeed_VehicleSpeed=234
[000360000] ECUA OS    TASK_END Task_Swc10ms
[000370000] ECUA OS    ALARM Alarm_BswMain
[000370000] ECUA OS    ALARM Alarm_Swc10ms
[000370000] ECUA OS    TASK_START Task_BswMain prio=3
[000370000] ECUA COM   TX ipdu=0 len=2
[000370000] ECUA PDUR  TX com=0 canif=0
[000370000] ECUA CAN   TX id=0x101 dlc=2 data=ea 00
[000370000] ECUA CANIF TX pdu=0
[000370000] ECUA OS    TASK_END Task_BswMain
[000370000] ECUA OS    TASK_START Task_Swc10ms prio=2
[000370000] ECUA RTE   CALL R_WheelSpeed_GetWheelSpeed
[000370000] ECUA RTE   WRITE P_VehicleSpeed_VehicleSpeed=249
[000370000] ECUA OS    TASK_END Task_Swc10ms
[000380000] ECUA OS    ALARM Alarm_BswMain
[000380000] ECUA OS    ALARM Alarm_Swc10ms
[000380000] ECUA OS    TASK_START Task_BswMain prio=3
[000380000] ECUA OS    TASK_END Task_BswMain
[000380000] ECUA OS    TASK_START Task_Swc10ms prio=2
[000380000] ECUA RTE   CALL R_WheelSpeed_GetWheelSpeed
[000380000] ECUA RTE   WRITE P_VehicleSpeed_VehicleSpeed=263
[000380000] ECUA OS    TASK_END Task_Swc10ms
[000390000] ECUA OS    ALARM Alarm_BswMain
[000390000] ECUA OS    ALARM Alarm_Swc10ms
[000390000] ECUA OS    TASK_START Task_BswMain prio=3
[000390000] ECUA COM   TX ipdu=0 len=2
[000390000] ECUA PDUR  TX com=0 canif=0
[000390000] ECUA CAN   TX id=0x101 dlc=2 data=07 01
[000390000] ECUA CANIF TX pdu=0
[000390000] ECUA OS    TASK_END Task_BswMain
[000390000] ECUA OS    TASK_START Task_Swc10ms prio=2
[000390000] ECUA RTE   CALL R_WheelSpeed_GetWheelSpeed
[000390000] ECUA RTE   WRITE P_VehicleSpeed_VehicleSpeed=278
[000390000] ECUA OS    TASK_END Task_Swc10ms
[000400000] ECUA OS    ALARM Alarm_BswMain
[000400000] ECUA OS    ALARM Alarm_Swc10ms
[000400000] ECUA OS    TASK_START Task_BswMain prio=3
[000400000] ECUA OS    TASK_END Task_BswMain
[000400000] ECUA OS    TASK_START Task_Swc10ms prio=2
[000400000] ECUA RTE   CALL R_WheelSpeed_GetWheelSpeed
[000400000] ECUA SWC   SpeedSensor raw=600 speed=293
[000400000] ECUA RTE   WRITE P_VehicleSpeed_VehicleSpeed=293
[000400000] ECUA OS    TASK_END Task_Swc10ms
[000410000] ECUA OS    ALARM Alarm_BswMain
[000410000] ECUA OS    ALARM Alarm_Swc10ms
[000410000] ECUA OS    TASK_START Task_BswMain prio=3
[000410000] ECUA COM   TX ipdu=0 len=2
[000410000] ECUA PDUR  TX com=0 canif=0
[000410000] ECUA CAN   TX id=0x101 dlc=2 data=25 01
[000410000] ECUA CANIF TX pdu=0
[000410000] ECUA OS    TASK_END Task_BswMain
[000410000] ECUA OS    TASK_START Task_Swc10ms prio=2
[000410000] ECUA RTE   CALL R_WheelSpeed_GetWheelSpeed
[000410000] ECUA RTE   WRITE P_VehicleSpeed_VehicleSpeed=307
[000410000] ECUA OS    TASK_END Task_Swc10ms
[000420000] ECUA OS    ALARM Alarm_BswMain
[000420000] ECUA OS    ALARM Alarm_Swc10ms
[000420000] ECUA OS    TASK_START Task_BswMain prio=3
[000420000] ECUA OS    TASK_END Task_BswMain
[000420000] ECUA OS    TASK_START Task_Swc10ms prio=2
[000420000] ECUA RTE   CALL R_WheelSpeed_GetWheelSpeed
[000420000] ECUA RTE   WRITE P_VehicleSpeed_VehicleSpeed=322
[000420000] ECUA OS    TASK_END Task_Swc10ms
[000430000] ECUA OS    ALARM Alarm_BswMain
[000430000] ECUA OS    ALARM Alarm_Swc10ms
[000430000] ECUA OS    TASK_START Task_BswMain prio=3
[000430000] ECUA COM   TX ipdu=0 len=2
[000430000] ECUA PDUR  TX com=0 canif=0
[000430000] ECUA CAN   TX id=0x101 dlc=2 data=42 01
[000430000] ECUA CANIF TX pdu=0
[000430000] ECUA OS    TASK_END Task_BswMain
[000430000] ECUA OS    TASK_START Task_Swc10ms prio=2
[000430000] ECUA RTE   CALL R_WheelSpeed_GetWheelSpeed
[000430000] ECUA RTE   WRITE P_VehicleSpeed_VehicleSpeed=336
[000430000] ECUA OS    TASK_END Task_Swc10ms
[000440000] ECUA OS    ALARM Alarm_BswMain
[000440000] ECUA OS    ALARM Alarm_Swc10ms
[000440000] ECUA OS    TASK_START Task_BswMain prio=3
[000440000] ECUA OS    TASK_END Task_BswMain
[000440000] ECUA OS    TASK_START Task_Swc10ms prio=2
[000440000] ECUA RTE   CALL R_WheelSpeed_GetWheelSpeed
[000440000] ECUA RTE   WRITE P_VehicleSpeed_VehicleSpeed=351
[000440000] ECUA OS    TASK_END Task_Swc10ms
[000450000] ECUA OS    ALARM Alarm_BswMain
[000450000] ECUA OS    ALARM Alarm_Swc10ms
[000450000] ECUA OS    TASK_START Task_BswMain prio=3
[000450000] ECUA COM   TX ipdu=0 len=2
[000450000] ECUA PDUR  TX com=0 canif=0
[000450000] ECUA CAN   TX id=0x101 dlc=2 data=5f 01
[000450000] ECUA CANIF TX pdu=0
[000450000] ECUA OS    TASK_END Task_BswMain
[000450000] ECUA OS    TASK_START Task_Swc10ms prio=2
[000450000] ECUA RTE   CALL R_WheelSpeed_GetWheelSpeed
[000450000] ECUA RTE   WRITE P_VehicleSpeed_VehicleSpeed=366
[000450000] ECUA OS    TASK_END Task_Swc10ms
[000460000] ECUA OS    ALARM Alarm_BswMain
[000460000] ECUA OS    ALARM Alarm_Swc10ms
[000460000] ECUA OS    TASK_START Task_BswMain prio=3
[000460000] ECUA OS    TASK_END Task_BswMain
[000460000] ECUA OS    TASK_START Task_Swc10ms prio=2
[000460000] ECUA RTE   CALL R_WheelSpeed_GetWheelSpeed
[000460000] ECUA RTE   WRITE P_VehicleSpeed_VehicleSpeed=380
[000460000] ECUA OS    TASK_END Task_Swc10ms
[000470000] ECUA OS    ALARM Alarm_BswMain
[000470000] ECUA OS    ALARM Alarm_Swc10ms
[000470000] ECUA OS    TASK_START Task_BswMain prio=3
[000470000] ECUA COM   TX ipdu=0 len=2
[000470000] ECUA PDUR  TX com=0 canif=0
[000470000] ECUA CAN   TX id=0x101 dlc=2 data=7c 01
[000470000] ECUA CANIF TX pdu=0
[000470000] ECUA OS    TASK_END Task_BswMain
[000470000] ECUA OS    TASK_START Task_Swc10ms prio=2
[000470000] ECUA RTE   CALL R_WheelSpeed_GetWheelSpeed
[000470000] ECUA RTE   WRITE P_VehicleSpeed_VehicleSpeed=395
[000470000] ECUA OS    TASK_END Task_Swc10ms
[000480000] ECUA OS    ALARM Alarm_BswMain
[000480000] ECUA OS    ALARM Alarm_Swc10ms
[000480000] ECUA OS    TASK_START Task_BswMain prio=3
[000480000] ECUA OS    TASK_END Task_BswMain
[000480000] ECUA OS    TASK_START Task_Swc10ms prio=2
[000480000] ECUA RTE   CALL R_WheelSpeed_GetWheelSpeed
[000480000] ECUA RTE   WRITE P_VehicleSpeed_VehicleSpeed=410
[000480000] ECUA OS    TASK_END Task_Swc10ms
[000490000] ECUA OS    ALARM Alarm_BswMain
[000490000] ECUA OS    ALARM Alarm_Swc10ms
[000490000] ECUA OS    TASK_START Task_BswMain prio=3
[000490000] ECUA COM   TX ipdu=0 len=2
[000490000] ECUA PDUR  TX com=0 canif=0
[000490000] ECUA CAN   TX id=0x101 dlc=2 data=9a 01
[000490000] ECUA CANIF TX pdu=0
[000490000] ECUA OS    TASK_END Task_BswMain
[000490000] ECUA OS    TASK_START Task_Swc10ms prio=2
[000490000] ECUA RTE   CALL R_WheelSpeed_GetWheelSpeed
[000490000] ECUA RTE   WRITE P_VehicleSpeed_VehicleSpeed=424
[000490000] ECUA OS    TASK_END Task_Swc10ms
[000500000] ECUA OS    ALARM Alarm_BswMain
[000500000] ECUA OS    ALARM Alarm_Swc10ms
[000500000] ECUA OS    TASK_START Task_BswMain prio=3
[000500000] ECUA OS    TASK_END Task_BswMain
[000500000] ECUA OS    TASK_START Task_Swc10ms prio=2
[000500000] ECUA RTE   CALL R_WheelSpeed_GetWheelSpeed
[000500000] ECUA SWC   SpeedSensor raw=900 speed=439
[000500000] ECUA RTE   WRITE P_VehicleSpeed_VehicleSpeed=439
[000500000] ECUA OS    TASK_END Task_Swc10ms
[000510000] ECUA OS    ALARM Alarm_BswMain
[000510000] ECUA OS    ALARM Alarm_Swc10ms
[000510000] ECUA OS    TASK_START Task_BswMain prio=3
[000510000] ECUA COM   TX ipdu=0 len=2
[000510000] ECUA PDUR  TX com=0 canif=0
[000510000] ECUA CAN   TX id=0x101 dlc=2 data=b7 01
[000510000] ECUA CANIF TX pdu=0
[000510000] ECUA OS    TASK_END Task_BswMain
[000510000] ECUA OS    TASK_START Task_Swc10ms prio=2
[000510000] ECUA RTE   CALL R_WheelSpeed_GetWheelSpeed
[000510000] ECUA BSW   IOHWAB ADC raw=930
[000510000] ECUA RTE   WRITE P_VehicleSpeed_VehicleSpeed=454
[000510000] ECUA OS    TASK_END Task_Swc10ms
[000520000] ECUA OS    ALARM Alarm_BswMain
[000520000] ECUA OS    ALARM Alarm_Swc10ms
[000520000] ECUA OS    TASK_START Task_BswMain prio=3
[000520000] ECUA OS    TASK_END Task_BswMain
[000520000] ECUA OS    TASK_START Task_Swc10ms prio=2
[000520000] ECUA RTE   CALL R_WheelSpeed_GetWheelSpeed
[000520000] ECUA RTE   WRITE P_VehicleSpeed_VehicleSpeed=468
[000520000] ECUA OS    TASK_END Task_Swc10ms
[000530000] ECUA OS    ALARM Alarm_BswMain
[000530000] ECUA OS    ALARM Alarm_Swc10ms
[000530000] ECUA OS    TASK_START Task_BswMain prio=3
[000530000] ECUA COM   TX ipdu=0 len=2
[000530000] ECUA PDUR  TX com=0 canif=0
[000530000] ECUA CAN   TX id=0x101 dlc=2 data=d4 01
[000530000] ECUA CANIF TX pdu=0
[000530000] ECUA OS    TASK_END Task_BswMain
[000530000] ECUA OS    TASK_START Task_Swc10ms prio=2
[000530000] ECUA RTE   CALL R_WheelSpeed_GetWheelSpeed
[000530000] ECUA RTE   WRITE P_VehicleSpeed_VehicleSpeed=483
[000530000] ECUA OS    TASK_END Task_Swc10ms
[000540000] ECUA OS    ALARM Alarm_BswMain
[000540000] ECUA OS    ALARM Alarm_Swc10ms
[000540000] ECUA OS    TASK_START Task_BswMain prio=3
[000540000] ECUA OS    TASK_END Task_BswMain
[000540000] ECUA OS    TASK_START Task_Swc10ms prio=2
[000540000] ECUA RTE   CALL R_WheelSpeed_GetWheelSpeed
[000540000] ECUA RTE   WRITE P_VehicleSpeed_VehicleSpeed=498
[000540000] ECUA OS    TASK_END Task_Swc10ms
[000550000] ECUA OS    ALARM Alarm_BswMain
[000550000] ECUA OS    ALARM Alarm_Swc10ms
[000550000] ECUA OS    TASK_START Task_BswMain prio=3
[000550000] ECUA COM   TX ipdu=0 len=2
[000550000] ECUA PDUR  TX com=0 canif=0
[000550000] ECUA CAN   TX id=0x101 dlc=2 data=f2 01
[000550000] ECUA CANIF TX pdu=0
[000550000] ECUA OS    TASK_END Task_BswMain
[000550000] ECUA OS    TASK_START Task_Swc10ms prio=2
[000550000] ECUA RTE   CALL R_WheelSpeed_GetWheelSpeed
[000550000] ECUA RTE   WRITE P_VehicleSpeed_VehicleSpeed=512
[000550000] ECUA OS    TASK_END Task_Swc10ms
[000560000] ECUA OS    ALARM Alarm_BswMain
[000560000] ECUA OS    ALARM Alarm_Swc10ms
[000560000] ECUA OS    TASK_START Task_BswMain prio=3
[000560000] ECUA OS    TASK_END Task_BswMain
[000560000] ECUA OS    TASK_START Task_Swc10ms prio=2
[000560000] ECUA RTE   CALL R_WheelSpeed_GetWheelSpeed
[000560000] ECUA RTE   WRITE P_VehicleSpeed_VehicleSpeed=527
[000560000] ECUA OS    TASK_END Task_Swc10ms
[000570000] ECUA OS    ALARM Alarm_BswMain
[000570000] ECUA OS    ALARM Alarm_Swc10ms
[000570000] ECUA OS    TASK_START Task_BswMain prio=3
[000570000] ECUA COM   TX ipdu=0 len=2
[000570000] ECUA PDUR  TX com=0 canif=0
[000570000] ECUA CAN   TX id=0x101 dlc=2 data=0f 02
[000570000] ECUA CANIF TX pdu=0
[000570000] ECUA OS    TASK_END Task_BswMain
[000570000] ECUA OS    TASK_START Task_Swc10ms prio=2
[000570000] ECUA RTE   CALL R_WheelSpeed_GetWheelSpeed
[000570000] ECUA RTE   WRITE P_VehicleSpeed_VehicleSpeed=542
[000570000] ECUA OS    TASK_END Task_Swc10ms
[000580000] ECUA OS    ALARM Alarm_BswMain
[000580000] ECUA OS    ALARM Alarm_Swc10ms
[000580000] ECUA OS    TASK_START Task_BswMain prio=3
[000580000] ECUA OS    TASK_END Task_BswMain
[000580000] ECUA OS    TASK_START Task_Swc10ms prio=2
[000580000] ECUA RTE   CALL R_WheelSpeed_GetWheelSpeed
[000580000] ECUA RTE   WRITE P_VehicleSpeed_VehicleSpeed=556
[000580000] ECUA OS    TASK_END Task_Swc10ms
[000590000] ECUA OS    ALARM Alarm_BswMain
[000590000] ECUA OS    ALARM Alarm_Swc10ms
[000590000] ECUA OS    TASK_START Task_BswMain prio=3
[000590000] ECUA COM   TX ipdu=0 len=2
[000590000] ECUA PDUR  TX com=0 canif=0
[000590000] ECUA CAN   TX id=0x101 dlc=2 data=2c 02
[000590000] ECUA CANIF TX pdu=0
[000590000] ECUA OS    TASK_END Task_BswMain
[000590000] ECUA OS    TASK_START Task_Swc10ms prio=2
[000590000] ECUA RTE   CALL R_WheelSpeed_GetWheelSpeed
[000590000] ECUA RTE   WRITE P_VehicleSpeed_VehicleSpeed=571
[000590000] ECUA OS    TASK_END Task_Swc10ms
[000600000] ECUA OS    ALARM Alarm_BswMain
[000600000] ECUA OS    ALARM Alarm_Swc10ms
[000600000] ECUA OS    TASK_START Task_BswMain prio=3
[000600000] ECUA OS    TASK_END Task_BswMain
[000600000] ECUA OS    TASK_START Task_Swc10ms prio=2
[000600000] ECUA RTE   CALL R_WheelSpeed_GetWheelSpeed
[000600000] ECUA SWC   SpeedSensor raw=1200 speed=586
[000600000] ECUA RTE   WRITE P_VehicleSpeed_VehicleSpeed=586
[000600000] ECUA OS    TASK_END Task_Swc10ms
[000610000] ECUA OS    ALARM Alarm_BswMain
[000610000] ECUA OS    ALARM Alarm_Swc10ms
[000610000] ECUA OS    TASK_START Task_BswMain prio=3
[000610000] ECUA COM   TX ipdu=0 len=2
[000610000] ECUA PDUR  TX com=0 canif=0
[000610000] ECUA CAN   TX id=0x101 dlc=2 data=4a 02
[000610000] ECUA CANIF TX pdu=0
[000610000] ECUA OS    TASK_END Task_BswMain
[000610000] ECUA OS    TASK_START Task_Swc10ms prio=2
[000610000] ECUA RTE   CALL R_WheelSpeed_GetWheelSpeed
[000610000] ECUA RTE   WRITE P_VehicleSpeed_VehicleSpeed=600
[000610000] ECUA OS    TASK_END Task_Swc10ms
[000620000] ECUA OS    ALARM Alarm_BswMain
[000620000] ECUA OS    ALARM Alarm_Swc10ms
[000620000] ECUA OS    TASK_START Task_BswMain prio=3
[000620000] ECUA OS    TASK_END Task_BswMain
[000620000] ECUA OS    TASK_START Task_Swc10ms prio=2
[000620000] ECUA RTE   CALL R_WheelSpeed_GetWheelSpeed
[000620000] ECUA RTE   WRITE P_VehicleSpeed_VehicleSpeed=615
[000620000] ECUA OS    TASK_END Task_Swc10ms
[000630000] ECUA OS    ALARM Alarm_BswMain
[000630000] ECUA OS    ALARM Alarm_Swc10ms
[000630000] ECUA OS    TASK_START Task_BswMain prio=3
[000630000] ECUA COM   TX ipdu=0 len=2
[000630000] ECUA PDUR  TX com=0 canif=0
[000630000] ECUA CAN   TX id=0x101 dlc=2 data=67 02
[000630000] ECUA CANIF TX pdu=0
[000630000] ECUA OS    TASK_END Task_BswMain
[000630000] ECUA OS    TASK_START Task_Swc10ms prio=2
[000630000] ECUA RTE   CALL R_WheelSpeed_GetWheelSpeed
[000630000] ECUA RTE   WRITE P_VehicleSpeed_VehicleSpeed=630
[000630000] ECUA OS    TASK_END Task_Swc10ms
[000640000] ECUA OS    ALARM Alarm_BswMain
[000640000] ECUA OS    ALARM Alarm_Swc10ms
[000640000] ECUA OS    TASK_START Task_BswMain prio=3
[000640000] ECUA OS    TASK_END Task_BswMain
[000640000] ECUA OS    TASK_START Task_Swc10ms prio=2
[000640000] ECUA RTE   CALL R_WheelSpeed_GetWheelSpeed
[000640000] ECUA RTE   WRITE P_VehicleSpeed_VehicleSpeed=644
[000640000] ECUA OS    TASK_END Task_Swc10ms
[000650000] ECUA OS    ALARM Alarm_BswMain
[000650000] ECUA OS    ALARM Alarm_Swc10ms
[000650000] ECUA OS    TASK_START Task_BswMain prio=3
[000650000] ECUA COM   TX ipdu=0 len=2
[000650000] ECUA PDUR  TX com=0 canif=0
[000650000] ECUA CAN   TX id=0x101 dlc=2 data=84 02
[000650000] ECUA CANIF TX pdu=0
[000650000] ECUA OS    TASK_END Task_BswMain
[000650000] ECUA OS    TASK_START Task_Swc10ms prio=2
[000650000] ECUA RTE   CALL R_WheelSpeed_GetWheelSpeed
[000650000] ECUA RTE   WRITE P_VehicleSpeed_VehicleSpeed=659
[000650000] ECUA OS    TASK_END Task_Swc10ms
[000660000] ECUA OS    ALARM Alarm_BswMain
[000660000] ECUA OS    ALARM Alarm_Swc10ms
[000660000] ECUA OS    TASK_START Task_BswMain prio=3
[000660000] ECUA OS    TASK_END Task_BswMain
[000660000] ECUA OS    TASK_START Task_Swc10ms prio=2
[000660000] ECUA RTE   CALL R_WheelSpeed_GetWheelSpeed
[000660000] ECUA RTE   WRITE P_VehicleSpeed_VehicleSpeed=673
[000660000] ECUA OS    TASK_END Task_Swc10ms
[000670000] ECUA OS    ALARM Alarm_BswMain
[000670000] ECUA OS    ALARM Alarm_Swc10ms
[000670000] ECUA OS    TASK_START Task_BswMain prio=3
[000670000] ECUA COM   TX ipdu=0 len=2
[000670000] ECUA PDUR  TX com=0 canif=0
[000670000] ECUA CAN   TX id=0x101 dlc=2 data=a1 02
[000670000] ECUA CANIF TX pdu=0
[000670000] ECUA OS    TASK_END Task_BswMain
[000670000] ECUA OS    TASK_START Task_Swc10ms prio=2
[000670000] ECUA RTE   CALL R_WheelSpeed_GetWheelSpeed
[000670000] ECUA RTE   WRITE P_VehicleSpeed_VehicleSpeed=688
[000670000] ECUA OS    TASK_END Task_Swc10ms
[000680000] ECUA OS    ALARM Alarm_BswMain
[000680000] ECUA OS    ALARM Alarm_Swc10ms
[000680000] ECUA OS    TASK_START Task_BswMain prio=3
[000680000] ECUA OS    TASK_END Task_BswMain
[000680000] ECUA OS    TASK_START Task_Swc10ms prio=2
[000680000] ECUA RTE   CALL R_WheelSpeed_GetWheelSpeed
[000680000] ECUA RTE   WRITE P_VehicleSpeed_VehicleSpeed=703
[000680000] ECUA OS    TASK_END Task_Swc10ms
[000690000] ECUA OS    ALARM Alarm_BswMain
[000690000] ECUA OS    ALARM Alarm_Swc10ms
[000690000] ECUA OS    TASK_START Task_BswMain prio=3
[000690000] ECUA COM   TX ipdu=0 len=2
[000690000] ECUA PDUR  TX com=0 canif=0
[000690000] ECUA CAN   TX id=0x101 dlc=2 data=bf 02
[000690000] ECUA CANIF TX pdu=0
[000690000] ECUA OS    TASK_END Task_BswMain
[000690000] ECUA OS    TASK_START Task_Swc10ms prio=2
[000690000] ECUA RTE   CALL R_WheelSpeed_GetWheelSpeed
[000690000] ECUA RTE   WRITE P_VehicleSpeed_VehicleSpeed=717
[000690000] ECUA OS    TASK_END Task_Swc10ms
[000700000] ECUA OS    ALARM Alarm_BswMain
[000700000] ECUA OS    ALARM Alarm_Swc10ms
[000700000] ECUA OS    TASK_START Task_BswMain prio=3
[000700000] ECUA OS    TASK_END Task_BswMain
[000700000] ECUA OS    TASK_START Task_Swc10ms prio=2
[000700000] ECUA RTE   CALL R_WheelSpeed_GetWheelSpeed
[000700000] ECUA SWC   SpeedSensor raw=1500 speed=732
[000700000] ECUA RTE   WRITE P_VehicleSpeed_VehicleSpeed=732
[000700000] ECUA OS    TASK_END Task_Swc10ms
[000710000] ECUA OS    ALARM Alarm_BswMain
[000710000] ECUA OS    ALARM Alarm_Swc10ms
[000710000] ECUA OS    TASK_START Task_BswMain prio=3
[000710000] ECUA COM   TX ipdu=0 len=2
[000710000] ECUA PDUR  TX com=0 canif=0
[000710000] ECUA CAN   TX id=0x101 dlc=2 data=dc 02
[000710000] ECUA CANIF TX pdu=0
[000710000] ECUA OS    TASK_END Task_BswMain
[000710000] ECUA OS    TASK_START Task_Swc10ms prio=2
[000710000] ECUA RTE   CALL R_WheelSpeed_GetWheelSpeed
[000710000] ECUA RTE   WRITE P_VehicleSpeed_VehicleSpeed=747
[000710000] ECUA OS    TASK_END Task_Swc10ms
[000720000] ECUA OS    ALARM Alarm_BswMain
[000720000] ECUA OS    ALARM Alarm_Swc10ms
[000720000] ECUA OS    TASK_START Task_BswMain prio=3
[000720000] ECUA OS    TASK_END Task_BswMain
[000720000] ECUA OS    TASK_START Task_Swc10ms prio=2
[000720000] ECUA RTE   CALL R_WheelSpeed_GetWheelSpeed
[000720000] ECUA RTE   WRITE P_VehicleSpeed_VehicleSpeed=761
[000720000] ECUA OS    TASK_END Task_Swc10ms
[000730000] ECUA OS    ALARM Alarm_BswMain
[000730000] ECUA OS    ALARM Alarm_Swc10ms
[000730000] ECUA OS    TASK_START Task_BswMain prio=3
[000730000] ECUA COM   TX ipdu=0 len=2
[000730000] ECUA PDUR  TX com=0 canif=0
[000730000] ECUA CAN   TX id=0x101 dlc=2 data=f9 02
[000730000] ECUA CANIF TX pdu=0
[000730000] ECUA OS    TASK_END Task_BswMain
[000730000] ECUA OS    TASK_START Task_Swc10ms prio=2
[000730000] ECUA RTE   CALL R_WheelSpeed_GetWheelSpeed
[000730000] ECUA RTE   WRITE P_VehicleSpeed_VehicleSpeed=776
[000730000] ECUA OS    TASK_END Task_Swc10ms
[000740000] ECUA OS    ALARM Alarm_BswMain
[000740000] ECUA OS    ALARM Alarm_Swc10ms
[000740000] ECUA OS    TASK_START Task_BswMain prio=3
[000740000] ECUA OS    TASK_END Task_BswMain
[000740000] ECUA OS    TASK_START Task_Swc10ms prio=2
[000740000] ECUA RTE   CALL R_WheelSpeed_GetWheelSpeed
[000740000] ECUA RTE   WRITE P_VehicleSpeed_VehicleSpeed=791
[000740000] ECUA OS    TASK_END Task_Swc10ms
[000750000] ECUA OS    ALARM Alarm_BswMain
[000750000] ECUA OS    ALARM Alarm_Swc10ms
[000750000] ECUA OS    TASK_START Task_BswMain prio=3
[000750000] ECUA COM   TX ipdu=0 len=2
[000750000] ECUA PDUR  TX com=0 canif=0
[000750000] ECUA CAN   TX id=0x101 dlc=2 data=17 03
[000750000] ECUA CANIF TX pdu=0
[000750000] ECUA OS    TASK_END Task_BswMain
[000750000] ECUA OS    TASK_START Task_Swc10ms prio=2
[000750000] ECUA RTE   CALL R_WheelSpeed_GetWheelSpeed
[000750000] ECUA RTE   WRITE P_VehicleSpeed_VehicleSpeed=805
[000750000] ECUA OS    TASK_END Task_Swc10ms
[000760000] ECUA OS    ALARM Alarm_BswMain
[000760000] ECUA OS    ALARM Alarm_Swc10ms
[000760000] ECUA OS    TASK_START Task_BswMain prio=3
[000760000] ECUA OS    TASK_END Task_BswMain
[000760000] ECUA OS    TASK_START Task_Swc10ms prio=2
[000760000] ECUA RTE   CALL R_WheelSpeed_GetWheelSpeed
[000760000] ECUA RTE   WRITE P_VehicleSpeed_VehicleSpeed=820
[000760000] ECUA OS    TASK_END Task_Swc10ms
[000770000] ECUA OS    ALARM Alarm_BswMain
[000770000] ECUA OS    ALARM Alarm_Swc10ms
[000770000] ECUA OS    TASK_START Task_BswMain prio=3
[000770000] ECUA COM   TX ipdu=0 len=2
[000770000] ECUA PDUR  TX com=0 canif=0
[000770000] ECUA CAN   TX id=0x101 dlc=2 data=34 03
[000770000] ECUA CANIF TX pdu=0
[000770000] ECUA OS    TASK_END Task_BswMain
[000770000] ECUA OS    TASK_START Task_Swc10ms prio=2
[000770000] ECUA RTE   CALL R_WheelSpeed_GetWheelSpeed
[000770000] ECUA RTE   WRITE P_VehicleSpeed_VehicleSpeed=835
[000770000] ECUA OS    TASK_END Task_Swc10ms
[000780000] ECUA OS    ALARM Alarm_BswMain
[000780000] ECUA OS    ALARM Alarm_Swc10ms
[000780000] ECUA OS    TASK_START Task_BswMain prio=3
[000780000] ECUA OS    TASK_END Task_BswMain
[000780000] ECUA OS    TASK_START Task_Swc10ms prio=2
[000780000] ECUA RTE   CALL R_WheelSpeed_GetWheelSpeed
[000780000] ECUA RTE   WRITE P_VehicleSpeed_VehicleSpeed=849
[000780000] ECUA OS    TASK_END Task_Swc10ms
[000790000] ECUA OS    ALARM Alarm_BswMain
[000790000] ECUA OS    ALARM Alarm_Swc10ms
[000790000] ECUA OS    TASK_START Task_BswMain prio=3
[000790000] ECUA COM   TX ipdu=0 len=2
[000790000] ECUA PDUR  TX com=0 canif=0
[000790000] ECUA CAN   TX id=0x101 dlc=2 data=51 03
[000790000] ECUA CANIF TX pdu=0
[000790000] ECUA OS    TASK_END Task_BswMain
[000790000] ECUA OS    TASK_START Task_Swc10ms prio=2
[000790000] ECUA RTE   CALL R_WheelSpeed_GetWheelSpeed
[000790000] ECUA RTE   WRITE P_VehicleSpeed_VehicleSpeed=864
[000790000] ECUA OS    TASK_END Task_Swc10ms
[000800000] ECUA OS    ALARM Alarm_BswMain
[000800000] ECUA OS    ALARM Alarm_Swc10ms
[000800000] ECUA OS    TASK_START Task_BswMain prio=3
[000800000] ECUA OS    TASK_END Task_BswMain
[000800000] ECUA OS    TASK_START Task_Swc10ms prio=2
[000800000] ECUA RTE   CALL R_WheelSpeed_GetWheelSpeed
[000800000] ECUA SWC   SpeedSensor raw=1800 speed=879
[000800000] ECUA RTE   WRITE P_VehicleSpeed_VehicleSpeed=879
[000800000] ECUA OS    TASK_END Task_Swc10ms
[000810000] ECUA OS    ALARM Alarm_BswMain
[000810000] ECUA OS    ALARM Alarm_Swc10ms
[000810000] ECUA OS    TASK_START Task_BswMain prio=3
[000810000] ECUA COM   TX ipdu=0 len=2
[000810000] ECUA PDUR  TX com=0 canif=0
[000810000] ECUA CAN   TX id=0x101 dlc=2 data=6f 03
[000810000] ECUA CANIF TX pdu=0
[000810000] ECUA OS    TASK_END Task_BswMain
[000810000] ECUA OS    TASK_START Task_Swc10ms prio=2
[000810000] ECUA RTE   CALL R_WheelSpeed_GetWheelSpeed
[000810000] ECUA RTE   WRITE P_VehicleSpeed_VehicleSpeed=893
[000810000] ECUA OS    TASK_END Task_Swc10ms
[000820000] ECUA OS    ALARM Alarm_BswMain
[000820000] ECUA OS    ALARM Alarm_Swc10ms
[000820000] ECUA OS    TASK_START Task_BswMain prio=3
[000820000] ECUA OS    TASK_END Task_BswMain
[000820000] ECUA OS    TASK_START Task_Swc10ms prio=2
[000820000] ECUA RTE   CALL R_WheelSpeed_GetWheelSpeed
[000820000] ECUA RTE   WRITE P_VehicleSpeed_VehicleSpeed=908
[000820000] ECUA OS    TASK_END Task_Swc10ms
[000830000] ECUA OS    ALARM Alarm_BswMain
[000830000] ECUA OS    ALARM Alarm_Swc10ms
[000830000] ECUA OS    TASK_START Task_BswMain prio=3
[000830000] ECUA COM   TX ipdu=0 len=2
[000830000] ECUA PDUR  TX com=0 canif=0
[000830000] ECUA CAN   TX id=0x101 dlc=2 data=8c 03
[000830000] ECUA CANIF TX pdu=0
[000830000] ECUA OS    TASK_END Task_BswMain
[000830000] ECUA OS    TASK_START Task_Swc10ms prio=2
[000830000] ECUA RTE   CALL R_WheelSpeed_GetWheelSpeed
[000830000] ECUA RTE   WRITE P_VehicleSpeed_VehicleSpeed=923
[000830000] ECUA OS    TASK_END Task_Swc10ms
[000840000] ECUA OS    ALARM Alarm_BswMain
[000840000] ECUA OS    ALARM Alarm_Swc10ms
[000840000] ECUA OS    TASK_START Task_BswMain prio=3
[000840000] ECUA OS    TASK_END Task_BswMain
[000840000] ECUA OS    TASK_START Task_Swc10ms prio=2
[000840000] ECUA RTE   CALL R_WheelSpeed_GetWheelSpeed
[000840000] ECUA RTE   WRITE P_VehicleSpeed_VehicleSpeed=937
[000840000] ECUA OS    TASK_END Task_Swc10ms
[000850000] ECUA OS    ALARM Alarm_BswMain
[000850000] ECUA OS    ALARM Alarm_Swc10ms
[000850000] ECUA OS    TASK_START Task_BswMain prio=3
[000850000] ECUA COM   TX ipdu=0 len=2
[000850000] ECUA PDUR  TX com=0 canif=0
[000850000] ECUA CAN   TX id=0x101 dlc=2 data=a9 03
[000850000] ECUA CANIF TX pdu=0
[000850000] ECUA OS    TASK_END Task_BswMain
[000850000] ECUA OS    TASK_START Task_Swc10ms prio=2
[000850000] ECUA RTE   CALL R_WheelSpeed_GetWheelSpeed
[000850000] ECUA RTE   WRITE P_VehicleSpeed_VehicleSpeed=952
[000850000] ECUA OS    TASK_END Task_Swc10ms
[000860000] ECUA OS    ALARM Alarm_BswMain
[000860000] ECUA OS    ALARM Alarm_Swc10ms
[000860000] ECUA OS    TASK_START Task_BswMain prio=3
[000860000] ECUA OS    TASK_END Task_BswMain
[000860000] ECUA OS    TASK_START Task_Swc10ms prio=2
[000860000] ECUA RTE   CALL R_WheelSpeed_GetWheelSpeed
[000860000] ECUA RTE   WRITE P_VehicleSpeed_VehicleSpeed=967
[000860000] ECUA OS    TASK_END Task_Swc10ms
[000870000] ECUA OS    ALARM Alarm_BswMain
[000870000] ECUA OS    ALARM Alarm_Swc10ms
[000870000] ECUA OS    TASK_START Task_BswMain prio=3
[000870000] ECUA COM   TX ipdu=0 len=2
[000870000] ECUA PDUR  TX com=0 canif=0
[000870000] ECUA CAN   TX id=0x101 dlc=2 data=c7 03
[000870000] ECUA CANIF TX pdu=0
[000870000] ECUA OS    TASK_END Task_BswMain
[000870000] ECUA OS    TASK_START Task_Swc10ms prio=2
[000870000] ECUA RTE   CALL R_WheelSpeed_GetWheelSpeed
[000870000] ECUA RTE   WRITE P_VehicleSpeed_VehicleSpeed=981
[000870000] ECUA OS    TASK_END Task_Swc10ms
[000880000] ECUA OS    ALARM Alarm_BswMain
[000880000] ECUA OS    ALARM Alarm_Swc10ms
[000880000] ECUA OS    TASK_START Task_BswMain prio=3
[000880000] ECUA OS    TASK_END Task_BswMain
[000880000] ECUA OS    TASK_START Task_Swc10ms prio=2
[000880000] ECUA RTE   CALL R_WheelSpeed_GetWheelSpeed
[000880000] ECUA RTE   WRITE P_VehicleSpeed_VehicleSpeed=996
[000880000] ECUA OS    TASK_END Task_Swc10ms
[000890000] ECUA OS    ALARM Alarm_BswMain
[000890000] ECUA OS    ALARM Alarm_Swc10ms
[000890000] ECUA OS    TASK_START Task_BswMain prio=3
[000890000] ECUA COM   TX ipdu=0 len=2
[000890000] ECUA PDUR  TX com=0 canif=0
[000890000] ECUA CAN   TX id=0x101 dlc=2 data=e4 03
[000890000] ECUA CANIF TX pdu=0
[000890000] ECUA OS    TASK_END Task_BswMain
[000890000] ECUA OS    TASK_START Task_Swc10ms prio=2
[000890000] ECUA RTE   CALL R_WheelSpeed_GetWheelSpeed
[000890000] ECUA RTE   WRITE P_VehicleSpeed_VehicleSpeed=1010
[000890000] ECUA OS    TASK_END Task_Swc10ms
[000900000] ECUA OS    ALARM Alarm_BswMain
[000900000] ECUA OS    ALARM Alarm_Swc10ms
[000900000] ECUA OS    TASK_START Task_BswMain prio=3
[000900000] ECUA OS    TASK_END Task_BswMain
[000900000] ECUA OS    TASK_START Task_Swc10ms prio=2
[000900000] ECUA RTE   CALL R_WheelSpeed_GetWheelSpeed
[000900000] ECUA SWC   SpeedSensor raw=2100 speed=1025
[000900000] ECUA RTE   WRITE P_VehicleSpeed_VehicleSpeed=1025
[000900000] ECUA OS    TASK_END Task_Swc10ms
[000910000] ECUA OS    ALARM Alarm_BswMain
[000910000] ECUA OS    ALARM Alarm_Swc10ms
[000910000] ECUA OS    TASK_START Task_BswMain prio=3
[000910000] ECUA COM   TX ipdu=0 len=2
[000910000] ECUA PDUR  TX com=0 canif=0
[000910000] ECUA CAN   TX id=0x101 dlc=2 data=01 04
[000910000] ECUA CANIF TX pdu=0
[000910000] ECUA OS    TASK_END Task_BswMain
[000910000] ECUA OS    TASK_START Task_Swc10ms prio=2
[000910000] ECUA RTE   CALL R_WheelSpeed_GetWheelSpeed
[000910000] ECUA RTE   WRITE P_VehicleSpeed_VehicleSpeed=1040
[000910000] ECUA OS    TASK_END Task_Swc10ms
[000920000] ECUA OS    ALARM Alarm_BswMain
[000920000] ECUA OS    ALARM Alarm_Swc10ms
[000920000] ECUA OS    TASK_START Task_BswMain prio=3
[000920000] ECUA OS    TASK_END Task_BswMain
[000920000] ECUA OS    TASK_START Task_Swc10ms prio=2
[000920000] ECUA RTE   CALL R_WheelSpeed_GetWheelSpeed
[000920000] ECUA RTE   WRITE P_VehicleSpeed_VehicleSpeed=1054
[000920000] ECUA OS    TASK_END Task_Swc10ms
[000930000] ECUA OS    ALARM Alarm_BswMain
[000930000] ECUA OS    ALARM Alarm_Swc10ms
[000930000] ECUA OS    TASK_START Task_BswMain prio=3
[000930000] ECUA COM   TX ipdu=0 len=2
[000930000] ECUA PDUR  TX com=0 canif=0
[000930000] ECUA CAN   TX id=0x101 dlc=2 data=1e 04
[000930000] ECUA CANIF TX pdu=0
[000930000] ECUA OS    TASK_END Task_BswMain
[000930000] ECUA OS    TASK_START Task_Swc10ms prio=2
[000930000] ECUA RTE   CALL R_WheelSpeed_GetWheelSpeed
[000930000] ECUA RTE   WRITE P_VehicleSpeed_VehicleSpeed=1069
[000930000] ECUA OS    TASK_END Task_Swc10ms
[000940000] ECUA OS    ALARM Alarm_BswMain
[000940000] ECUA OS    ALARM Alarm_Swc10ms
[000940000] ECUA OS    TASK_START Task_BswMain prio=3
[000940000] ECUA OS    TASK_END Task_BswMain
[000940000] ECUA OS    TASK_START Task_Swc10ms prio=2
[000940000] ECUA RTE   CALL R_WheelSpeed_GetWheelSpeed
[000940000] ECUA RTE   WRITE P_VehicleSpeed_VehicleSpeed=1084
[000940000] ECUA OS    TASK_END Task_Swc10ms
[000950000] ECUA OS    ALARM Alarm_BswMain
[000950000] ECUA OS    ALARM Alarm_Swc10ms
[000950000] ECUA OS    TASK_START Task_BswMain prio=3
[000950000] ECUA COM   TX ipdu=0 len=2
[000950000] ECUA PDUR  TX com=0 canif=0
[000950000] ECUA CAN   TX id=0x101 dlc=2 data=3c 04
[000950000] ECUA CANIF TX pdu=0
[000950000] ECUA OS    TASK_END Task_BswMain
[000950000] ECUA OS    TASK_START Task_Swc10ms prio=2
[000950000] ECUA RTE   CALL R_WheelSpeed_GetWheelSpeed
[000950000] ECUA RTE   WRITE P_VehicleSpeed_VehicleSpeed=1098
[000950000] ECUA OS    TASK_END Task_Swc10ms
[000960000] ECUA OS    ALARM Alarm_BswMain
[000960000] ECUA OS    ALARM Alarm_Swc10ms
[000960000] ECUA OS    TASK_START Task_BswMain prio=3
[000960000] ECUA OS    TASK_END Task_BswMain
[000960000] ECUA OS    TASK_START Task_Swc10ms prio=2
[000960000] ECUA RTE   CALL R_WheelSpeed_GetWheelSpeed
[000960000] ECUA RTE   WRITE P_VehicleSpeed_VehicleSpeed=1113
[000960000] ECUA OS    TASK_END Task_Swc10ms
[000970000] ECUA OS    ALARM Alarm_BswMain
[000970000] ECUA OS    ALARM Alarm_Swc10ms
[000970000] ECUA OS    TASK_START Task_BswMain prio=3
[000970000] ECUA COM   TX ipdu=0 len=2
[000970000] ECUA PDUR  TX com=0 canif=0
[000970000] ECUA CAN   TX id=0x101 dlc=2 data=59 04
[000970000] ECUA CANIF TX pdu=0
[000970000] ECUA OS    TASK_END Task_BswMain
[000970000] ECUA OS    TASK_START Task_Swc10ms prio=2
[000970000] ECUA RTE   CALL R_WheelSpeed_GetWheelSpeed
[000970000] ECUA RTE   WRITE P_VehicleSpeed_VehicleSpeed=1128
[000970000] ECUA OS    TASK_END Task_Swc10ms
[000980000] ECUA OS    ALARM Alarm_BswMain
[000980000] ECUA OS    ALARM Alarm_Swc10ms
[000980000] ECUA OS    TASK_START Task_BswMain prio=3
[000980000] ECUA OS    TASK_END Task_BswMain
[000980000] ECUA OS    TASK_START Task_Swc10ms prio=2
[000980000] ECUA RTE   CALL R_WheelSpeed_GetWheelSpeed
[000980000] ECUA RTE   WRITE P_VehicleSpeed_VehicleSpeed=1142
[000980000] ECUA OS    TASK_END Task_Swc10ms
[000990000] ECUA OS    ALARM Alarm_BswMain
[000990000] ECUA OS    ALARM Alarm_Swc10ms
[000990000] ECUA OS    TASK_START Task_BswMain prio=3
[000990000] ECUA COM   TX ipdu=0 len=2
[000990000] ECUA PDUR  TX com=0 canif=0
[000990000] ECUA CAN   TX id=0x101 dlc=2 data=76 04
[000990000] ECUA CANIF TX pdu=0
[000990000] ECUA OS    TASK_END Task_BswMain
[000990000] ECUA OS    TASK_START Task_Swc10ms prio=2
[000990000] ECUA RTE   CALL R_WheelSpeed_GetWheelSpeed
[000990000] ECUA RTE   WRITE P_VehicleSpeed_VehicleSpeed=1157
[000990000] ECUA OS    TASK_END Task_Swc10ms
[001000000] ECUA OS    ALARM Alarm_BswMain
[001000000] ECUA OS    ALARM Alarm_Swc10ms
[001000000] ECUA OS    TASK_START Task_BswMain prio=3
[001000000] ECUA OS    TASK_END Task_BswMain
[001000000] ECUA OS    TASK_START Task_Swc10ms prio=2
[001000000] ECUA RTE   CALL R_WheelSpeed_GetWheelSpeed
[001000000] ECUA SWC   SpeedSensor raw=2400 speed=1172
[001000000] ECUA RTE   WRITE P_VehicleSpeed_VehicleSpeed=1172
[001000000] ECUA OS    TASK_END Task_Swc10ms
[001010000] ECUA OS    ALARM Alarm_BswMain
[001010000] ECUA OS    ALARM Alarm_Swc10ms
[001010000] ECUA OS    TASK_START Task_BswMain prio=3
[001010000] ECUA COM   TX ipdu=0 len=2
[001010000] ECUA PDUR  TX com=0 canif=0
[001010000] ECUA CAN   TX id=0x101 dlc=2 data=94 04
[001010000] ECUA CANIF TX pdu=0
[001010000] ECUA OS    TASK_END Task_BswMain
[001010000] ECUA OS    TASK_START Task_Swc10ms prio=2
[001010000] ECUA RTE   CALL R_WheelSpeed_GetWheelSpeed
[001010000] ECUA BSW   IOHWAB ADC raw=2430
[001010000] ECUA RTE   WRITE P_VehicleSpeed_VehicleSpeed=1186
[001010000] ECUA OS    TASK_END Task_Swc10ms
[001020000] ECUA OS    ALARM Alarm_BswMain
[001020000] ECUA OS    ALARM Alarm_Swc10ms
[001020000] ECUA OS    TASK_START Task_BswMain prio=3
[001020000] ECUA OS    TASK_END Task_BswMain
[001020000] ECUA OS    TASK_START Task_Swc10ms prio=2
[001020000] ECUA RTE   CALL R_WheelSpeed_GetWheelSpeed
[001020000] ECUA RTE   WRITE P_VehicleSpeed_VehicleSpeed=1201
[001020000] ECUA OS    TASK_END Task_Swc10ms
[001030000] ECUA OS    ALARM Alarm_BswMain
[001030000] ECUA OS    ALARM Alarm_Swc10ms
[001030000] ECUA OS    TASK_START Task_BswMain prio=3
[001030000] ECUA COM   TX ipdu=0 len=2
[001030000] ECUA PDUR  TX com=0 canif=0
[001030000] ECUA CAN   TX id=0x101 dlc=2 data=b1 04
[001030000] ECUA CANIF TX pdu=0
[001030000] ECUA OS    TASK_END Task_BswMain
[001030000] ECUA OS    TASK_START Task_Swc10ms prio=2
[001030000] ECUA RTE   CALL R_WheelSpeed_GetWheelSpeed
[001030000] ECUA RTE   WRITE P_VehicleSpeed_VehicleSpeed=1216
[001030000] ECUA OS    TASK_END Task_Swc10ms
[001040000] ECUA OS    ALARM Alarm_BswMain
[001040000] ECUA OS    ALARM Alarm_Swc10ms
[001040000] ECUA OS    TASK_START Task_BswMain prio=3
[001040000] ECUA OS    TASK_END Task_BswMain
[001040000] ECUA OS    TASK_START Task_Swc10ms prio=2
[001040000] ECUA RTE   CALL R_WheelSpeed_GetWheelSpeed
[001040000] ECUA RTE   WRITE P_VehicleSpeed_VehicleSpeed=1230
[001040000] ECUA OS    TASK_END Task_Swc10ms
[001050000] ECUA OS    ALARM Alarm_BswMain
[001050000] ECUA OS    ALARM Alarm_Swc10ms
[001050000] ECUA OS    TASK_START Task_BswMain prio=3
[001050000] ECUA COM   TX ipdu=0 len=2
[001050000] ECUA PDUR  TX com=0 canif=0
[001050000] ECUA CAN   TX id=0x101 dlc=2 data=ce 04
[001050000] ECUA CANIF TX pdu=0
[001050000] ECUA OS    TASK_END Task_BswMain
[001050000] ECUA OS    TASK_START Task_Swc10ms prio=2
[001050000] ECUA RTE   CALL R_WheelSpeed_GetWheelSpeed
[001050000] ECUA RTE   WRITE P_VehicleSpeed_VehicleSpeed=1245
[001050000] ECUA OS    TASK_END Task_Swc10ms
[001060000] ECUA OS    ALARM Alarm_BswMain
[001060000] ECUA OS    ALARM Alarm_Swc10ms
[001060000] ECUA OS    TASK_START Task_BswMain prio=3
[001060000] ECUA OS    TASK_END Task_BswMain
[001060000] ECUA OS    TASK_START Task_Swc10ms prio=2
[001060000] ECUA RTE   CALL R_WheelSpeed_GetWheelSpeed
[001060000] ECUA RTE   WRITE P_VehicleSpeed_VehicleSpeed=1260
[001060000] ECUA OS    TASK_END Task_Swc10ms
[001070000] ECUA OS    ALARM Alarm_BswMain
[001070000] ECUA OS    ALARM Alarm_Swc10ms
[001070000] ECUA OS    TASK_START Task_BswMain prio=3
[001070000] ECUA COM   TX ipdu=0 len=2
[001070000] ECUA PDUR  TX com=0 canif=0
[001070000] ECUA CAN   TX id=0x101 dlc=2 data=ec 04
[001070000] ECUA CANIF TX pdu=0
[001070000] ECUA OS    TASK_END Task_BswMain
[001070000] ECUA OS    TASK_START Task_Swc10ms prio=2
[001070000] ECUA RTE   CALL R_WheelSpeed_GetWheelSpeed
[001070000] ECUA RTE   WRITE P_VehicleSpeed_VehicleSpeed=1274
[001070000] ECUA OS    TASK_END Task_Swc10ms
[001080000] ECUA OS    ALARM Alarm_BswMain
[001080000] ECUA OS    ALARM Alarm_Swc10ms
[001080000] ECUA OS    TASK_START Task_BswMain prio=3
[001080000] ECUA OS    TASK_END Task_BswMain
[001080000] ECUA OS    TASK_START Task_Swc10ms prio=2
[001080000] ECUA RTE   CALL R_WheelSpeed_GetWheelSpeed
[001080000] ECUA RTE   WRITE P_VehicleSpeed_VehicleSpeed=1289
[001080000] ECUA OS    TASK_END Task_Swc10ms
[001090000] ECUA OS    ALARM Alarm_BswMain
[001090000] ECUA OS    ALARM Alarm_Swc10ms
[001090000] ECUA OS    TASK_START Task_BswMain prio=3
[001090000] ECUA COM   TX ipdu=0 len=2
[001090000] ECUA PDUR  TX com=0 canif=0
[001090000] ECUA CAN   TX id=0x101 dlc=2 data=09 05
[001090000] ECUA CANIF TX pdu=0
[001090000] ECUA OS    TASK_END Task_BswMain
[001090000] ECUA OS    TASK_START Task_Swc10ms prio=2
[001090000] ECUA RTE   CALL R_WheelSpeed_GetWheelSpeed
[001090000] ECUA RTE   WRITE P_VehicleSpeed_VehicleSpeed=1304
[001090000] ECUA OS    TASK_END Task_Swc10ms
[001100000] ECUA OS    ALARM Alarm_BswMain
[001100000] ECUA OS    ALARM Alarm_Swc10ms
[001100000] ECUA OS    TASK_START Task_BswMain prio=3
[001100000] ECUA OS    TASK_END Task_BswMain
[001100000] ECUA OS    TASK_START Task_Swc10ms prio=2
[001100000] ECUA RTE   CALL R_WheelSpeed_GetWheelSpeed
[001100000] ECUA SWC   SpeedSensor raw=2700 speed=1318
[001100000] ECUA RTE   WRITE P_VehicleSpeed_VehicleSpeed=1318
[001100000] ECUA OS    TASK_END Task_Swc10ms
[001110000] ECUA OS    ALARM Alarm_BswMain
[001110000] ECUA OS    ALARM Alarm_Swc10ms
[001110000] ECUA OS    TASK_START Task_BswMain prio=3
[001110000] ECUA COM   TX ipdu=0 len=2
[001110000] ECUA PDUR  TX com=0 canif=0
[001110000] ECUA CAN   TX id=0x101 dlc=2 data=26 05
[001110000] ECUA CANIF TX pdu=0
[001110000] ECUA OS    TASK_END Task_BswMain
[001110000] ECUA OS    TASK_START Task_Swc10ms prio=2
[001110000] ECUA RTE   CALL R_WheelSpeed_GetWheelSpeed
[001110000] ECUA RTE   WRITE P_VehicleSpeed_VehicleSpeed=1333
[001110000] ECUA OS    TASK_END Task_Swc10ms
[001120000] ECUA OS    ALARM Alarm_BswMain
[001120000] ECUA OS    ALARM Alarm_Swc10ms
[001120000] ECUA OS    TASK_START Task_BswMain prio=3
[001120000] ECUA OS    TASK_END Task_BswMain
[001120000] ECUA OS    TASK_START Task_Swc10ms prio=2
[001120000] ECUA RTE   CALL R_WheelSpeed_GetWheelSpeed
[001120000] ECUA RTE   WRITE P_VehicleSpeed_VehicleSpeed=1347
[001120000] ECUA OS    TASK_END Task_Swc10ms
[001130000] ECUA OS    ALARM Alarm_BswMain
[001130000] ECUA OS    ALARM Alarm_Swc10ms
[001130000] ECUA OS    TASK_START Task_BswMain prio=3
[001130000] ECUA COM   TX ipdu=0 len=2
[001130000] ECUA PDUR  TX com=0 canif=0
[001130000] ECUA CAN   TX id=0x101 dlc=2 data=43 05
[001130000] ECUA CANIF TX pdu=0
[001130000] ECUA OS    TASK_END Task_BswMain
[001130000] ECUA OS    TASK_START Task_Swc10ms prio=2
[001130000] ECUA RTE   CALL R_WheelSpeed_GetWheelSpeed
[001130000] ECUA RTE   WRITE P_VehicleSpeed_VehicleSpeed=1362
[001130000] ECUA OS    TASK_END Task_Swc10ms
[001140000] ECUA OS    ALARM Alarm_BswMain
[001140000] ECUA OS    ALARM Alarm_Swc10ms
[001140000] ECUA OS    TASK_START Task_BswMain prio=3
[001140000] ECUA OS    TASK_END Task_BswMain
[001140000] ECUA OS    TASK_START Task_Swc10ms prio=2
[001140000] ECUA RTE   CALL R_WheelSpeed_GetWheelSpeed
[001140000] ECUA RTE   WRITE P_VehicleSpeed_VehicleSpeed=1377
[001140000] ECUA OS    TASK_END Task_Swc10ms
[001150000] ECUA OS    ALARM Alarm_BswMain
[001150000] ECUA OS    ALARM Alarm_Swc10ms
[001150000] ECUA OS    TASK_START Task_BswMain prio=3
[001150000] ECUA COM   TX ipdu=0 len=2
[001150000] ECUA PDUR  TX com=0 canif=0
[001150000] ECUA CAN   TX id=0x101 dlc=2 data=61 05
[001150000] ECUA CANIF TX pdu=0
[001150000] ECUA OS    TASK_END Task_BswMain
[001150000] ECUA OS    TASK_START Task_Swc10ms prio=2
[001150000] ECUA RTE   CALL R_WheelSpeed_GetWheelSpeed
[001150000] ECUA RTE   WRITE P_VehicleSpeed_VehicleSpeed=1391
[001150000] ECUA OS    TASK_END Task_Swc10ms
[001160000] ECUA OS    ALARM Alarm_BswMain
[001160000] ECUA OS    ALARM Alarm_Swc10ms
[001160000] ECUA OS    TASK_START Task_BswMain prio=3
[001160000] ECUA OS    TASK_END Task_BswMain
[001160000] ECUA OS    TASK_START Task_Swc10ms prio=2
[001160000] ECUA RTE   CALL R_WheelSpeed_GetWheelSpeed
[001160000] ECUA RTE   WRITE P_VehicleSpeed_VehicleSpeed=1406
[001160000] ECUA OS    TASK_END Task_Swc10ms
[001170000] ECUA OS    ALARM Alarm_BswMain
[001170000] ECUA OS    ALARM Alarm_Swc10ms
[001170000] ECUA OS    TASK_START Task_BswMain prio=3
[001170000] ECUA COM   TX ipdu=0 len=2
[001170000] ECUA PDUR  TX com=0 canif=0
[001170000] ECUA CAN   TX id=0x101 dlc=2 data=7e 05
[001170000] ECUA CANIF TX pdu=0
[001170000] ECUA OS    TASK_END Task_BswMain
[001170000] ECUA OS    TASK_START Task_Swc10ms prio=2
[001170000] ECUA RTE   CALL R_WheelSpeed_GetWheelSpeed
[001170000] ECUA RTE   WRITE P_VehicleSpeed_VehicleSpeed=1421
[001170000] ECUA OS    TASK_END Task_Swc10ms
[001180000] ECUA OS    ALARM Alarm_BswMain
[001180000] ECUA OS    ALARM Alarm_Swc10ms
[001180000] ECUA OS    TASK_START Task_BswMain prio=3
[001180000] ECUA OS    TASK_END Task_BswMain
[001180000] ECUA OS    TASK_START Task_Swc10ms prio=2
[001180000] ECUA RTE   CALL R_WheelSpeed_GetWheelSpeed
[001180000] ECUA RTE   WRITE P_VehicleSpeed_VehicleSpeed=1435
[001180000] ECUA OS    TASK_END Task_Swc10ms
[001190000] ECUA OS    ALARM Alarm_BswMain
[001190000] ECUA OS    ALARM Alarm_Swc10ms
[001190000] ECUA OS    TASK_START Task_BswMain prio=3
[001190000] ECUA COM   TX ipdu=0 len=2
[001190000] ECUA PDUR  TX com=0 canif=0
[001190000] ECUA CAN   TX id=0x101 dlc=2 data=9b 05
[001190000] ECUA CANIF TX pdu=0
[001190000] ECUA OS    TASK_END Task_BswMain
[001190000] ECUA OS    TASK_START Task_Swc10ms prio=2
[001190000] ECUA RTE   CALL R_WheelSpeed_GetWheelSpeed
[001190000] ECUA RTE   WRITE P_VehicleSpeed_VehicleSpeed=1450
[001190000] ECUA OS    TASK_END Task_Swc10ms
[001200000] ECUA OS    ALARM Alarm_BswMain
[001200000] ECUA OS    ALARM Alarm_Swc10ms
[001200000] ECUA OS    TASK_START Task_BswMain prio=3
[001200000] ECUA OS    TASK_END Task_BswMain
[001200000] ECUA OS    TASK_START Task_Swc10ms prio=2
[001200000] ECUA RTE   CALL R_WheelSpeed_GetWheelSpeed
[001200000] ECUA SWC   SpeedSensor raw=3000 speed=1465
[001200000] ECUA RTE   WRITE P_VehicleSpeed_VehicleSpeed=1465
[001200000] ECUA OS    TASK_END Task_Swc10ms
[001210000] ECUA OS    ALARM Alarm_BswMain
[001210000] ECUA OS    ALARM Alarm_Swc10ms
[001210000] ECUA OS    TASK_START Task_BswMain prio=3
[001210000] ECUA COM   TX ipdu=0 len=2
[001210000] ECUA PDUR  TX com=0 canif=0
[001210000] ECUA CAN   TX id=0x101 dlc=2 data=b9 05
[001210000] ECUA CANIF TX pdu=0
[001210000] ECUA OS    TASK_END Task_BswMain
[001210000] ECUA OS    TASK_START Task_Swc10ms prio=2
[001210000] ECUA RTE   CALL R_WheelSpeed_GetWheelSpeed
[001210000] ECUA RTE   WRITE P_VehicleSpeed_VehicleSpeed=1465
[001210000] ECUA OS    TASK_END Task_Swc10ms
[001220000] ECUA OS    ALARM Alarm_BswMain
[001220000] ECUA OS    ALARM Alarm_Swc10ms
[001220000] ECUA OS    TASK_START Task_BswMain prio=3
[001220000] ECUA OS    TASK_END Task_BswMain
[001220000] ECUA OS    TASK_START Task_Swc10ms prio=2
[001220000] ECUA RTE   CALL R_WheelSpeed_GetWheelSpeed
[001220000] ECUA RTE   WRITE P_VehicleSpeed_VehicleSpeed=1465
[001220000] ECUA OS    TASK_END Task_Swc10ms
[001230000] ECUA OS    ALARM Alarm_BswMain
[001230000] ECUA OS    ALARM Alarm_Swc10ms
[001230000] ECUA OS    TASK_START Task_BswMain prio=3
[001230000] ECUA COM   TX ipdu=0 len=2
[001230000] ECUA PDUR  TX com=0 canif=0
[001230000] ECUA CAN   TX id=0x101 dlc=2 data=b9 05
[001230000] ECUA CANIF TX pdu=0
[001230000] ECUA OS    TASK_END Task_BswMain
[001230000] ECUA OS    TASK_START Task_Swc10ms prio=2
[001230000] ECUA RTE   CALL R_WheelSpeed_GetWheelSpeed
[001230000] ECUA RTE   WRITE P_VehicleSpeed_VehicleSpeed=1465
[001230000] ECUA OS    TASK_END Task_Swc10ms
[001240000] ECUA OS    ALARM Alarm_BswMain
[001240000] ECUA OS    ALARM Alarm_Swc10ms
[001240000] ECUA OS    TASK_START Task_BswMain prio=3
[001240000] ECUA OS    TASK_END Task_BswMain
[001240000] ECUA OS    TASK_START Task_Swc10ms prio=2
[001240000] ECUA RTE   CALL R_WheelSpeed_GetWheelSpeed
[001240000] ECUA RTE   WRITE P_VehicleSpeed_VehicleSpeed=1465
[001240000] ECUA OS    TASK_END Task_Swc10ms
[001250000] ECUA OS    ALARM Alarm_BswMain
[001250000] ECUA OS    ALARM Alarm_Swc10ms
[001250000] ECUA OS    TASK_START Task_BswMain prio=3
[001250000] ECUA COM   TX ipdu=0 len=2
[001250000] ECUA PDUR  TX com=0 canif=0
[001250000] ECUA CAN   TX id=0x101 dlc=2 data=b9 05
[001250000] ECUA CANIF TX pdu=0
[001250000] ECUA OS    TASK_END Task_BswMain
[001250000] ECUA OS    TASK_START Task_Swc10ms prio=2
[001250000] ECUA RTE   CALL R_WheelSpeed_GetWheelSpeed
[001250000] ECUA RTE   WRITE P_VehicleSpeed_VehicleSpeed=1465
[001250000] ECUA OS    TASK_END Task_Swc10ms
[001260000] ECUA OS    ALARM Alarm_BswMain
[001260000] ECUA OS    ALARM Alarm_Swc10ms
[001260000] ECUA OS    TASK_START Task_BswMain prio=3
[001260000] ECUA OS    TASK_END Task_BswMain
[001260000] ECUA OS    TASK_START Task_Swc10ms prio=2
[001260000] ECUA RTE   CALL R_WheelSpeed_GetWheelSpeed
[001260000] ECUA RTE   WRITE P_VehicleSpeed_VehicleSpeed=1465
[001260000] ECUA OS    TASK_END Task_Swc10ms
[001270000] ECUA OS    ALARM Alarm_BswMain
[001270000] ECUA OS    ALARM Alarm_Swc10ms
[001270000] ECUA OS    TASK_START Task_BswMain prio=3
[001270000] ECUA COM   TX ipdu=0 len=2
[001270000] ECUA PDUR  TX com=0 canif=0
[001270000] ECUA CAN   TX id=0x101 dlc=2 data=b9 05
[001270000] ECUA CANIF TX pdu=0
[001270000] ECUA OS    TASK_END Task_BswMain
[001270000] ECUA OS    TASK_START Task_Swc10ms prio=2
[001270000] ECUA RTE   CALL R_WheelSpeed_GetWheelSpeed
[001270000] ECUA RTE   WRITE P_VehicleSpeed_VehicleSpeed=1465
[001270000] ECUA OS    TASK_END Task_Swc10ms
[001280000] ECUA OS    ALARM Alarm_BswMain
[001280000] ECUA OS    ALARM Alarm_Swc10ms
[001280000] ECUA OS    TASK_START Task_BswMain prio=3
[001280000] ECUA OS    TASK_END Task_BswMain
[001280000] ECUA OS    TASK_START Task_Swc10ms prio=2
[001280000] ECUA RTE   CALL R_WheelSpeed_GetWheelSpeed
[001280000] ECUA RTE   WRITE P_VehicleSpeed_VehicleSpeed=1465
[001280000] ECUA OS    TASK_END Task_Swc10ms
[001290000] ECUA OS    ALARM Alarm_BswMain
[001290000] ECUA OS    ALARM Alarm_Swc10ms
[001290000] ECUA OS    TASK_START Task_BswMain prio=3
[001290000] ECUA COM   TX ipdu=0 len=2
[001290000] ECUA PDUR  TX com=0 canif=0
[001290000] ECUA CAN   TX id=0x101 dlc=2 data=b9 05
[001290000] ECUA CANIF TX pdu=0
[001290000] ECUA OS    TASK_END Task_BswMain
[001290000] ECUA OS    TASK_START Task_Swc10ms prio=2
[001290000] ECUA RTE   CALL R_WheelSpeed_GetWheelSpeed
[001290000] ECUA RTE   WRITE P_VehicleSpeed_VehicleSpeed=1465
[001290000] ECUA OS    TASK_END Task_Swc10ms
[001300000] ECUA OS    ALARM Alarm_BswMain
[001300000] ECUA OS    ALARM Alarm_Swc10ms
[001300000] ECUA OS    TASK_START Task_BswMain prio=3
[001300000] ECUA OS    TASK_END Task_BswMain
[001300000] ECUA OS    TASK_START Task_Swc10ms prio=2
[001300000] ECUA RTE   CALL R_WheelSpeed_GetWheelSpeed
[001300000] ECUA SWC   SpeedSensor raw=3000 speed=1465
[001300000] ECUA RTE   WRITE P_VehicleSpeed_VehicleSpeed=1465
[001300000] ECUA OS    TASK_END Task_Swc10ms
[001310000] ECUA OS    ALARM Alarm_BswMain
[001310000] ECUA OS    ALARM Alarm_Swc10ms
[001310000] ECUA OS    TASK_START Task_BswMain prio=3
[001310000] ECUA COM   TX ipdu=0 len=2
[001310000] ECUA PDUR  TX com=0 canif=0
[001310000] ECUA CAN   TX id=0x101 dlc=2 data=b9 05
[001310000] ECUA CANIF TX pdu=0
[001310000] ECUA OS    TASK_END Task_BswMain
[001310000] ECUA OS    TASK_START Task_Swc10ms prio=2
[001310000] ECUA RTE   CALL R_WheelSpeed_GetWheelSpeed
[001310000] ECUA RTE   WRITE P_VehicleSpeed_VehicleSpeed=1465
[001310000] ECUA OS    TASK_END Task_Swc10ms
[001320000] ECUA OS    ALARM Alarm_BswMain
[001320000] ECUA OS    ALARM Alarm_Swc10ms
[001320000] ECUA OS    TASK_START Task_BswMain prio=3
[001320000] ECUA OS    TASK_END Task_BswMain
[001320000] ECUA OS    TASK_START Task_Swc10ms prio=2
[001320000] ECUA RTE   CALL R_WheelSpeed_GetWheelSpeed
[001320000] ECUA RTE   WRITE P_VehicleSpeed_VehicleSpeed=1465
[001320000] ECUA OS    TASK_END Task_Swc10ms
[001330000] ECUA OS    ALARM Alarm_BswMain
[001330000] ECUA OS    ALARM Alarm_Swc10ms
[001330000] ECUA OS    TASK_START Task_BswMain prio=3
[001330000] ECUA COM   TX ipdu=0 len=2
[001330000] ECUA PDUR  TX com=0 canif=0
[001330000] ECUA CAN   TX id=0x101 dlc=2 data=b9 05
[001330000] ECUA CANIF TX pdu=0
[001330000] ECUA OS    TASK_END Task_BswMain
[001330000] ECUA OS    TASK_START Task_Swc10ms prio=2
[001330000] ECUA RTE   CALL R_WheelSpeed_GetWheelSpeed
[001330000] ECUA RTE   WRITE P_VehicleSpeed_VehicleSpeed=1465
[001330000] ECUA OS    TASK_END Task_Swc10ms
[001340000] ECUA OS    ALARM Alarm_BswMain
[001340000] ECUA OS    ALARM Alarm_Swc10ms
[001340000] ECUA OS    TASK_START Task_BswMain prio=3
[001340000] ECUA OS    TASK_END Task_BswMain
[001340000] ECUA OS    TASK_START Task_Swc10ms prio=2
[001340000] ECUA RTE   CALL R_WheelSpeed_GetWheelSpeed
[001340000] ECUA RTE   WRITE P_VehicleSpeed_VehicleSpeed=1465
[001340000] ECUA OS    TASK_END Task_Swc10ms
[001350000] ECUA OS    ALARM Alarm_BswMain
[001350000] ECUA OS    ALARM Alarm_Swc10ms
[001350000] ECUA OS    TASK_START Task_BswMain prio=3
[001350000] ECUA COM   TX ipdu=0 len=2
[001350000] ECUA PDUR  TX com=0 canif=0
[001350000] ECUA CAN   TX id=0x101 dlc=2 data=b9 05
[001350000] ECUA CANIF TX pdu=0
[001350000] ECUA OS    TASK_END Task_BswMain
[001350000] ECUA OS    TASK_START Task_Swc10ms prio=2
[001350000] ECUA RTE   CALL R_WheelSpeed_GetWheelSpeed
[001350000] ECUA RTE   WRITE P_VehicleSpeed_VehicleSpeed=1465
[001350000] ECUA OS    TASK_END Task_Swc10ms
[001360000] ECUA OS    ALARM Alarm_BswMain
[001360000] ECUA OS    ALARM Alarm_Swc10ms
[001360000] ECUA OS    TASK_START Task_BswMain prio=3
[001360000] ECUA OS    TASK_END Task_BswMain
[001360000] ECUA OS    TASK_START Task_Swc10ms prio=2
[001360000] ECUA RTE   CALL R_WheelSpeed_GetWheelSpeed
[001360000] ECUA RTE   WRITE P_VehicleSpeed_VehicleSpeed=1465
[001360000] ECUA OS    TASK_END Task_Swc10ms
[001370000] ECUA OS    ALARM Alarm_BswMain
[001370000] ECUA OS    ALARM Alarm_Swc10ms
[001370000] ECUA OS    TASK_START Task_BswMain prio=3
[001370000] ECUA COM   TX ipdu=0 len=2
[001370000] ECUA PDUR  TX com=0 canif=0
[001370000] ECUA CAN   TX id=0x101 dlc=2 data=b9 05
[001370000] ECUA CANIF TX pdu=0
[001370000] ECUA OS    TASK_END Task_BswMain
[001370000] ECUA OS    TASK_START Task_Swc10ms prio=2
[001370000] ECUA RTE   CALL R_WheelSpeed_GetWheelSpeed
[001370000] ECUA RTE   WRITE P_VehicleSpeed_VehicleSpeed=1465
[001370000] ECUA OS    TASK_END Task_Swc10ms
[001380000] ECUA OS    ALARM Alarm_BswMain
[001380000] ECUA OS    ALARM Alarm_Swc10ms
[001380000] ECUA OS    TASK_START Task_BswMain prio=3
[001380000] ECUA OS    TASK_END Task_BswMain
[001380000] ECUA OS    TASK_START Task_Swc10ms prio=2
[001380000] ECUA RTE   CALL R_WheelSpeed_GetWheelSpeed
[001380000] ECUA RTE   WRITE P_VehicleSpeed_VehicleSpeed=1465
[001380000] ECUA OS    TASK_END Task_Swc10ms
[001390000] ECUA OS    ALARM Alarm_BswMain
[001390000] ECUA OS    ALARM Alarm_Swc10ms
[001390000] ECUA OS    TASK_START Task_BswMain prio=3
[001390000] ECUA COM   TX ipdu=0 len=2
[001390000] ECUA PDUR  TX com=0 canif=0
[001390000] ECUA CAN   TX id=0x101 dlc=2 data=b9 05
[001390000] ECUA CANIF TX pdu=0
[001390000] ECUA OS    TASK_END Task_BswMain
[001390000] ECUA OS    TASK_START Task_Swc10ms prio=2
[001390000] ECUA RTE   CALL R_WheelSpeed_GetWheelSpeed
[001390000] ECUA RTE   WRITE P_VehicleSpeed_VehicleSpeed=1465
[001390000] ECUA OS    TASK_END Task_Swc10ms
[001400000] ECUA OS    ALARM Alarm_BswMain
[001400000] ECUA OS    ALARM Alarm_Swc10ms
[001400000] ECUA OS    TASK_START Task_BswMain prio=3
[001400000] ECUA OS    TASK_END Task_BswMain
[001400000] ECUA OS    TASK_START Task_Swc10ms prio=2
[001400000] ECUA RTE   CALL R_WheelSpeed_GetWheelSpeed
[001400000] ECUA SWC   SpeedSensor raw=3000 speed=1465
[001400000] ECUA RTE   WRITE P_VehicleSpeed_VehicleSpeed=1465
[001400000] ECUA OS    TASK_END Task_Swc10ms
[001410000] ECUA OS    ALARM Alarm_BswMain
[001410000] ECUA OS    ALARM Alarm_Swc10ms
[001410000] ECUA OS    TASK_START Task_BswMain prio=3
[001410000] ECUA COM   TX ipdu=0 len=2
[001410000] ECUA PDUR  TX com=0 canif=0
[001410000] ECUA CAN   TX id=0x101 dlc=2 data=b9 05
[001410000] ECUA CANIF TX pdu=0
[001410000] ECUA OS    TASK_END Task_BswMain
[001410000] ECUA OS    TASK_START Task_Swc10ms prio=2
[001410000] ECUA RTE   CALL R_WheelSpeed_GetWheelSpeed
[001410000] ECUA RTE   WRITE P_VehicleSpeed_VehicleSpeed=1465
[001410000] ECUA OS    TASK_END Task_Swc10ms
[001420000] ECUA OS    ALARM Alarm_BswMain
[001420000] ECUA OS    ALARM Alarm_Swc10ms
[001420000] ECUA OS    TASK_START Task_BswMain prio=3
[001420000] ECUA OS    TASK_END Task_BswMain
[001420000] ECUA OS    TASK_START Task_Swc10ms prio=2
[001420000] ECUA RTE   CALL R_WheelSpeed_GetWheelSpeed
[001420000] ECUA RTE   WRITE P_VehicleSpeed_VehicleSpeed=1465
[001420000] ECUA OS    TASK_END Task_Swc10ms
[001430000] ECUA OS    ALARM Alarm_BswMain
[001430000] ECUA OS    ALARM Alarm_Swc10ms
[001430000] ECUA OS    TASK_START Task_BswMain prio=3
[001430000] ECUA COM   TX ipdu=0 len=2
[001430000] ECUA PDUR  TX com=0 canif=0
[001430000] ECUA CAN   TX id=0x101 dlc=2 data=b9 05
[001430000] ECUA CANIF TX pdu=0
[001430000] ECUA OS    TASK_END Task_BswMain
[001430000] ECUA OS    TASK_START Task_Swc10ms prio=2
[001430000] ECUA RTE   CALL R_WheelSpeed_GetWheelSpeed
[001430000] ECUA RTE   WRITE P_VehicleSpeed_VehicleSpeed=1465
[001430000] ECUA OS    TASK_END Task_Swc10ms
[001440000] ECUA OS    ALARM Alarm_BswMain
[001440000] ECUA OS    ALARM Alarm_Swc10ms
[001440000] ECUA OS    TASK_START Task_BswMain prio=3
[001440000] ECUA OS    TASK_END Task_BswMain
[001440000] ECUA OS    TASK_START Task_Swc10ms prio=2
[001440000] ECUA RTE   CALL R_WheelSpeed_GetWheelSpeed
[001440000] ECUA RTE   WRITE P_VehicleSpeed_VehicleSpeed=1465
[001440000] ECUA OS    TASK_END Task_Swc10ms
[001450000] ECUA OS    ALARM Alarm_BswMain
[001450000] ECUA OS    ALARM Alarm_Swc10ms
[001450000] ECUA OS    TASK_START Task_BswMain prio=3
[001450000] ECUA COM   TX ipdu=0 len=2
[001450000] ECUA PDUR  TX com=0 canif=0
[001450000] ECUA CAN   TX id=0x101 dlc=2 data=b9 05
[001450000] ECUA CANIF TX pdu=0
[001450000] ECUA OS    TASK_END Task_BswMain
[001450000] ECUA OS    TASK_START Task_Swc10ms prio=2
[001450000] ECUA RTE   CALL R_WheelSpeed_GetWheelSpeed
[001450000] ECUA RTE   WRITE P_VehicleSpeed_VehicleSpeed=1465
[001450000] ECUA OS    TASK_END Task_Swc10ms
[001460000] ECUA OS    ALARM Alarm_BswMain
[001460000] ECUA OS    ALARM Alarm_Swc10ms
[001460000] ECUA OS    TASK_START Task_BswMain prio=3
[001460000] ECUA OS    TASK_END Task_BswMain
[001460000] ECUA OS    TASK_START Task_Swc10ms prio=2
[001460000] ECUA RTE   CALL R_WheelSpeed_GetWheelSpeed
[001460000] ECUA RTE   WRITE P_VehicleSpeed_VehicleSpeed=1465
[001460000] ECUA OS    TASK_END Task_Swc10ms
[001470000] ECUA OS    ALARM Alarm_BswMain
[001470000] ECUA OS    ALARM Alarm_Swc10ms
[001470000] ECUA OS    TASK_START Task_BswMain prio=3
[001470000] ECUA COM   TX ipdu=0 len=2
[001470000] ECUA PDUR  TX com=0 canif=0
[001470000] ECUA CAN   TX id=0x101 dlc=2 data=b9 05
[001470000] ECUA CANIF TX pdu=0
[001470000] ECUA OS    TASK_END Task_BswMain
[001470000] ECUA OS    TASK_START Task_Swc10ms prio=2
[001470000] ECUA RTE   CALL R_WheelSpeed_GetWheelSpeed
[001470000] ECUA RTE   WRITE P_VehicleSpeed_VehicleSpeed=1465
[001470000] ECUA OS    TASK_END Task_Swc10ms
[001480000] ECUA OS    ALARM Alarm_BswMain
[001480000] ECUA OS    ALARM Alarm_Swc10ms
[001480000] ECUA OS    TASK_START Task_BswMain prio=3
[001480000] ECUA OS    TASK_END Task_BswMain
[001480000] ECUA OS    TASK_START Task_Swc10ms prio=2
[001480000] ECUA RTE   CALL R_WheelSpeed_GetWheelSpeed
[001480000] ECUA RTE   WRITE P_VehicleSpeed_VehicleSpeed=1465
[001480000] ECUA OS    TASK_END Task_Swc10ms
[001490000] ECUA OS    ALARM Alarm_BswMain
[001490000] ECUA OS    ALARM Alarm_Swc10ms
[001490000] ECUA OS    TASK_START Task_BswMain prio=3
[001490000] ECUA COM   TX ipdu=0 len=2
[001490000] ECUA PDUR  TX com=0 canif=0
[001490000] ECUA CAN   TX id=0x101 dlc=2 data=b9 05
[001490000] ECUA CANIF TX pdu=0
[001490000] ECUA OS    TASK_END Task_BswMain
[001490000] ECUA OS    TASK_START Task_Swc10ms prio=2
[001490000] ECUA RTE   CALL R_WheelSpeed_GetWheelSpeed
[001490000] ECUA RTE   WRITE P_VehicleSpeed_VehicleSpeed=1465
[001490000] ECUA OS    TASK_END Task_Swc10ms
[001500000] ECUA OS    ALARM Alarm_BswMain
[001500000] ECUA OS    ALARM Alarm_Swc10ms
[001500000] ECUA OS    TASK_START Task_BswMain prio=3
[001500000] ECUA OS    TASK_END Task_BswMain
[001500000] ECUA OS    TASK_START Task_Swc10ms prio=2
[001500000] ECUA RTE   CALL R_WheelSpeed_GetWheelSpeed
[001500000] ECUA SWC   SpeedSensor raw=3000 speed=1465
[001500000] ECUA RTE   WRITE P_VehicleSpeed_VehicleSpeed=1465
[001500000] ECUA OS    TASK_END Task_Swc10ms
[001510000] ECUA OS    ALARM Alarm_BswMain
[001510000] ECUA OS    ALARM Alarm_Swc10ms
[001510000] ECUA OS    TASK_START Task_BswMain prio=3
[001510000] ECUA COM   TX ipdu=0 len=2
[001510000] ECUA PDUR  TX com=0 canif=0
[001510000] ECUA CAN   TX id=0x101 dlc=2 data=b9 05
[001510000] ECUA CANIF TX pdu=0
[001510000] ECUA OS    TASK_END Task_BswMain
[001510000] ECUA OS    TASK_START Task_Swc10ms prio=2
[001510000] ECUA RTE   CALL R_WheelSpeed_GetWheelSpeed
[001510000] ECUA BSW   IOHWAB ADC raw=3000
[001510000] ECUA RTE   WRITE P_VehicleSpeed_VehicleSpeed=1465
[001510000] ECUA OS    TASK_END Task_Swc10ms
[001520000] ECUA OS    ALARM Alarm_BswMain
[001520000] ECUA OS    ALARM Alarm_Swc10ms
[001520000] ECUA OS    TASK_START Task_BswMain prio=3
[001520000] ECUA OS    TASK_END Task_BswMain
[001520000] ECUA OS    TASK_START Task_Swc10ms prio=2
[001520000] ECUA RTE   CALL R_WheelSpeed_GetWheelSpeed
[001520000] ECUA RTE   WRITE P_VehicleSpeed_VehicleSpeed=1465
[001520000] ECUA OS    TASK_END Task_Swc10ms
[001530000] ECUA OS    ALARM Alarm_BswMain
[001530000] ECUA OS    ALARM Alarm_Swc10ms
[001530000] ECUA OS    TASK_START Task_BswMain prio=3
[001530000] ECUA COM   TX ipdu=0 len=2
[001530000] ECUA PDUR  TX com=0 canif=0
[001530000] ECUA CAN   TX id=0x101 dlc=2 data=b9 05
[001530000] ECUA CANIF TX pdu=0
[001530000] ECUA OS    TASK_END Task_BswMain
[001530000] ECUA OS    TASK_START Task_Swc10ms prio=2
[001530000] ECUA RTE   CALL R_WheelSpeed_GetWheelSpeed
[001530000] ECUA RTE   WRITE P_VehicleSpeed_VehicleSpeed=1465
[001530000] ECUA OS    TASK_END Task_Swc10ms
[001540000] ECUA OS    ALARM Alarm_BswMain
[001540000] ECUA OS    ALARM Alarm_Swc10ms
[001540000] ECUA OS    TASK_START Task_BswMain prio=3
[001540000] ECUA OS    TASK_END Task_BswMain
[001540000] ECUA OS    TASK_START Task_Swc10ms prio=2
[001540000] ECUA RTE   CALL R_WheelSpeed_GetWheelSpeed
[001540000] ECUA RTE   WRITE P_VehicleSpeed_VehicleSpeed=1465
[001540000] ECUA OS    TASK_END Task_Swc10ms
[001550000] ECUA OS    ALARM Alarm_BswMain
[001550000] ECUA OS    ALARM Alarm_Swc10ms
[001550000] ECUA OS    TASK_START Task_BswMain prio=3
[001550000] ECUA COM   TX ipdu=0 len=2
[001550000] ECUA PDUR  TX com=0 canif=0
[001550000] ECUA CAN   TX id=0x101 dlc=2 data=b9 05
[001550000] ECUA CANIF TX pdu=0
[001550000] ECUA OS    TASK_END Task_BswMain
[001550000] ECUA OS    TASK_START Task_Swc10ms prio=2
[001550000] ECUA RTE   CALL R_WheelSpeed_GetWheelSpeed
[001550000] ECUA RTE   WRITE P_VehicleSpeed_VehicleSpeed=1465
[001550000] ECUA OS    TASK_END Task_Swc10ms
[001560000] ECUA OS    ALARM Alarm_BswMain
[001560000] ECUA OS    ALARM Alarm_Swc10ms
[001560000] ECUA OS    TASK_START Task_BswMain prio=3
[001560000] ECUA OS    TASK_END Task_BswMain
[001560000] ECUA OS    TASK_START Task_Swc10ms prio=2
[001560000] ECUA RTE   CALL R_WheelSpeed_GetWheelSpeed
[001560000] ECUA RTE   WRITE P_VehicleSpeed_VehicleSpeed=1465
[001560000] ECUA OS    TASK_END Task_Swc10ms
[001570000] ECUA OS    ALARM Alarm_BswMain
[001570000] ECUA OS    ALARM Alarm_Swc10ms
[001570000] ECUA OS    TASK_START Task_BswMain prio=3
[001570000] ECUA COM   TX ipdu=0 len=2
[001570000] ECUA PDUR  TX com=0 canif=0
[001570000] ECUA CAN   TX id=0x101 dlc=2 data=b9 05
[001570000] ECUA CANIF TX pdu=0
[001570000] ECUA OS    TASK_END Task_BswMain
[001570000] ECUA OS    TASK_START Task_Swc10ms prio=2
[001570000] ECUA RTE   CALL R_WheelSpeed_GetWheelSpeed
[001570000] ECUA RTE   WRITE P_VehicleSpeed_VehicleSpeed=1465
[001570000] ECUA OS    TASK_END Task_Swc10ms
[001580000] ECUA OS    ALARM Alarm_BswMain
[001580000] ECUA OS    ALARM Alarm_Swc10ms
[001580000] ECUA OS    TASK_START Task_BswMain prio=3
[001580000] ECUA OS    TASK_END Task_BswMain
[001580000] ECUA OS    TASK_START Task_Swc10ms prio=2
[001580000] ECUA RTE   CALL R_WheelSpeed_GetWheelSpeed
[001580000] ECUA RTE   WRITE P_VehicleSpeed_VehicleSpeed=1465
[001580000] ECUA OS    TASK_END Task_Swc10ms
[001590000] ECUA OS    ALARM Alarm_BswMain
[001590000] ECUA OS    ALARM Alarm_Swc10ms
[001590000] ECUA OS    TASK_START Task_BswMain prio=3
[001590000] ECUA COM   TX ipdu=0 len=2
[001590000] ECUA PDUR  TX com=0 canif=0
[001590000] ECUA CAN   TX id=0x101 dlc=2 data=b9 05
[001590000] ECUA CANIF TX pdu=0
[001590000] ECUA OS    TASK_END Task_BswMain
[001590000] ECUA OS    TASK_START Task_Swc10ms prio=2
[001590000] ECUA RTE   CALL R_WheelSpeed_GetWheelSpeed
[001590000] ECUA RTE   WRITE P_VehicleSpeed_VehicleSpeed=1465
[001590000] ECUA OS    TASK_END Task_Swc10ms
[001600000] ECUA OS    ALARM Alarm_BswMain
[001600000] ECUA OS    ALARM Alarm_Swc10ms
[001600000] ECUA OS    TASK_START Task_BswMain prio=3
[001600000] ECUA OS    TASK_END Task_BswMain
[001600000] ECUA OS    TASK_START Task_Swc10ms prio=2
[001600000] ECUA RTE   CALL R_WheelSpeed_GetWheelSpeed
[001600000] ECUA SWC   SpeedSensor raw=3000 speed=1465
[001600000] ECUA RTE   WRITE P_VehicleSpeed_VehicleSpeed=1465
[001600000] ECUA OS    TASK_END Task_Swc10ms
[001610000] ECUA OS    ALARM Alarm_BswMain
[001610000] ECUA OS    ALARM Alarm_Swc10ms
[001610000] ECUA OS    TASK_START Task_BswMain prio=3
[001610000] ECUA COM   TX ipdu=0 len=2
[001610000] ECUA PDUR  TX com=0 canif=0
[001610000] ECUA CAN   TX id=0x101 dlc=2 data=b9 05
[001610000] ECUA CANIF TX pdu=0
[001610000] ECUA OS    TASK_END Task_BswMain
[001610000] ECUA OS    TASK_START Task_Swc10ms prio=2
[001610000] ECUA RTE   CALL R_WheelSpeed_GetWheelSpeed
[001610000] ECUA RTE   WRITE P_VehicleSpeed_VehicleSpeed=1465
[001610000] ECUA OS    TASK_END Task_Swc10ms
[001620000] ECUA OS    ALARM Alarm_BswMain
[001620000] ECUA OS    ALARM Alarm_Swc10ms
[001620000] ECUA OS    TASK_START Task_BswMain prio=3
[001620000] ECUA OS    TASK_END Task_BswMain
[001620000] ECUA OS    TASK_START Task_Swc10ms prio=2
[001620000] ECUA RTE   CALL R_WheelSpeed_GetWheelSpeed
[001620000] ECUA RTE   WRITE P_VehicleSpeed_VehicleSpeed=1465
[001620000] ECUA OS    TASK_END Task_Swc10ms
[001630000] ECUA OS    ALARM Alarm_BswMain
[001630000] ECUA OS    ALARM Alarm_Swc10ms
[001630000] ECUA OS    TASK_START Task_BswMain prio=3
[001630000] ECUA COM   TX ipdu=0 len=2
[001630000] ECUA PDUR  TX com=0 canif=0
[001630000] ECUA CAN   TX id=0x101 dlc=2 data=b9 05
[001630000] ECUA CANIF TX pdu=0
[001630000] ECUA OS    TASK_END Task_BswMain
[001630000] ECUA OS    TASK_START Task_Swc10ms prio=2
[001630000] ECUA RTE   CALL R_WheelSpeed_GetWheelSpeed
[001630000] ECUA RTE   WRITE P_VehicleSpeed_VehicleSpeed=1465
[001630000] ECUA OS    TASK_END Task_Swc10ms
[001640000] ECUA OS    ALARM Alarm_BswMain
[001640000] ECUA OS    ALARM Alarm_Swc10ms
[001640000] ECUA OS    TASK_START Task_BswMain prio=3
[001640000] ECUA OS    TASK_END Task_BswMain
[001640000] ECUA OS    TASK_START Task_Swc10ms prio=2
[001640000] ECUA RTE   CALL R_WheelSpeed_GetWheelSpeed
[001640000] ECUA RTE   WRITE P_VehicleSpeed_VehicleSpeed=1465
[001640000] ECUA OS    TASK_END Task_Swc10ms
[001650000] ECUA OS    ALARM Alarm_BswMain
[001650000] ECUA OS    ALARM Alarm_Swc10ms
[001650000] ECUA OS    TASK_START Task_BswMain prio=3
[001650000] ECUA COM   TX ipdu=0 len=2
[001650000] ECUA PDUR  TX com=0 canif=0
[001650000] ECUA CAN   TX id=0x101 dlc=2 data=b9 05
[001650000] ECUA CANIF TX pdu=0
[001650000] ECUA OS    TASK_END Task_BswMain
[001650000] ECUA OS    TASK_START Task_Swc10ms prio=2
[001650000] ECUA RTE   CALL R_WheelSpeed_GetWheelSpeed
[001650000] ECUA RTE   WRITE P_VehicleSpeed_VehicleSpeed=1465
[001650000] ECUA OS    TASK_END Task_Swc10ms
[001660000] ECUA OS    ALARM Alarm_BswMain
[001660000] ECUA OS    ALARM Alarm_Swc10ms
[001660000] ECUA OS    TASK_START Task_BswMain prio=3
[001660000] ECUA OS    TASK_END Task_BswMain
[001660000] ECUA OS    TASK_START Task_Swc10ms prio=2
[001660000] ECUA RTE   CALL R_WheelSpeed_GetWheelSpeed
[001660000] ECUA RTE   WRITE P_VehicleSpeed_VehicleSpeed=1465
[001660000] ECUA OS    TASK_END Task_Swc10ms
[001670000] ECUA OS    ALARM Alarm_BswMain
[001670000] ECUA OS    ALARM Alarm_Swc10ms
[001670000] ECUA OS    TASK_START Task_BswMain prio=3
[001670000] ECUA COM   TX ipdu=0 len=2
[001670000] ECUA PDUR  TX com=0 canif=0
[001670000] ECUA CAN   TX id=0x101 dlc=2 data=b9 05
[001670000] ECUA CANIF TX pdu=0
[001670000] ECUA OS    TASK_END Task_BswMain
[001670000] ECUA OS    TASK_START Task_Swc10ms prio=2
[001670000] ECUA RTE   CALL R_WheelSpeed_GetWheelSpeed
[001670000] ECUA RTE   WRITE P_VehicleSpeed_VehicleSpeed=1465
[001670000] ECUA OS    TASK_END Task_Swc10ms
[001680000] ECUA OS    ALARM Alarm_BswMain
[001680000] ECUA OS    ALARM Alarm_Swc10ms
[001680000] ECUA OS    TASK_START Task_BswMain prio=3
[001680000] ECUA OS    TASK_END Task_BswMain
[001680000] ECUA OS    TASK_START Task_Swc10ms prio=2
[001680000] ECUA RTE   CALL R_WheelSpeed_GetWheelSpeed
[001680000] ECUA RTE   WRITE P_VehicleSpeed_VehicleSpeed=1465
[001680000] ECUA OS    TASK_END Task_Swc10ms
[001690000] ECUA OS    ALARM Alarm_BswMain
[001690000] ECUA OS    ALARM Alarm_Swc10ms
[001690000] ECUA OS    TASK_START Task_BswMain prio=3
[001690000] ECUA COM   TX ipdu=0 len=2
[001690000] ECUA PDUR  TX com=0 canif=0
[001690000] ECUA CAN   TX id=0x101 dlc=2 data=b9 05
[001690000] ECUA CANIF TX pdu=0
[001690000] ECUA OS    TASK_END Task_BswMain
[001690000] ECUA OS    TASK_START Task_Swc10ms prio=2
[001690000] ECUA RTE   CALL R_WheelSpeed_GetWheelSpeed
[001690000] ECUA RTE   WRITE P_VehicleSpeed_VehicleSpeed=1465
[001690000] ECUA OS    TASK_END Task_Swc10ms
[001700000] ECUA OS    ALARM Alarm_BswMain
[001700000] ECUA OS    ALARM Alarm_Swc10ms
[001700000] ECUA OS    TASK_START Task_BswMain prio=3
[001700000] ECUA OS    TASK_END Task_BswMain
[001700000] ECUA OS    TASK_START Task_Swc10ms prio=2
[001700000] ECUA RTE   CALL R_WheelSpeed_GetWheelSpeed
[001700000] ECUA SWC   SpeedSensor raw=3000 speed=1465
[001700000] ECUA RTE   WRITE P_VehicleSpeed_VehicleSpeed=1465
[001700000] ECUA OS    TASK_END Task_Swc10ms
[001710000] ECUA OS    ALARM Alarm_BswMain
[001710000] ECUA OS    ALARM Alarm_Swc10ms
[001710000] ECUA OS    TASK_START Task_BswMain prio=3
[001710000] ECUA COM   TX ipdu=0 len=2
[001710000] ECUA PDUR  TX com=0 canif=0
[001710000] ECUA CAN   TX id=0x101 dlc=2 data=b9 05
[001710000] ECUA CANIF TX pdu=0
[001710000] ECUA OS    TASK_END Task_BswMain
[001710000] ECUA OS    TASK_START Task_Swc10ms prio=2
[001710000] ECUA RTE   CALL R_WheelSpeed_GetWheelSpeed
[001710000] ECUA RTE   WRITE P_VehicleSpeed_VehicleSpeed=1465
[001710000] ECUA OS    TASK_END Task_Swc10ms
[001720000] ECUA OS    ALARM Alarm_BswMain
[001720000] ECUA OS    ALARM Alarm_Swc10ms
[001720000] ECUA OS    TASK_START Task_BswMain prio=3
[001720000] ECUA OS    TASK_END Task_BswMain
[001720000] ECUA OS    TASK_START Task_Swc10ms prio=2
[001720000] ECUA RTE   CALL R_WheelSpeed_GetWheelSpeed
[001720000] ECUA RTE   WRITE P_VehicleSpeed_VehicleSpeed=1465
[001720000] ECUA OS    TASK_END Task_Swc10ms
[001730000] ECUA OS    ALARM Alarm_BswMain
[001730000] ECUA OS    ALARM Alarm_Swc10ms
[001730000] ECUA OS    TASK_START Task_BswMain prio=3
[001730000] ECUA COM   TX ipdu=0 len=2
[001730000] ECUA PDUR  TX com=0 canif=0
[001730000] ECUA CAN   TX id=0x101 dlc=2 data=b9 05
[001730000] ECUA CANIF TX pdu=0
[001730000] ECUA OS    TASK_END Task_BswMain
[001730000] ECUA OS    TASK_START Task_Swc10ms prio=2
[001730000] ECUA RTE   CALL R_WheelSpeed_GetWheelSpeed
[001730000] ECUA RTE   WRITE P_VehicleSpeed_VehicleSpeed=1465
[001730000] ECUA OS    TASK_END Task_Swc10ms
[001740000] ECUA OS    ALARM Alarm_BswMain
[001740000] ECUA OS    ALARM Alarm_Swc10ms
[001740000] ECUA OS    TASK_START Task_BswMain prio=3
[001740000] ECUA OS    TASK_END Task_BswMain
[001740000] ECUA OS    TASK_START Task_Swc10ms prio=2
[001740000] ECUA RTE   CALL R_WheelSpeed_GetWheelSpeed
[001740000] ECUA RTE   WRITE P_VehicleSpeed_VehicleSpeed=1465
[001740000] ECUA OS    TASK_END Task_Swc10ms
[001750000] ECUA OS    ALARM Alarm_BswMain
[001750000] ECUA OS    ALARM Alarm_Swc10ms
[001750000] ECUA OS    TASK_START Task_BswMain prio=3
[001750000] ECUA COM   TX ipdu=0 len=2
[001750000] ECUA PDUR  TX com=0 canif=0
[001750000] ECUA CAN   TX id=0x101 dlc=2 data=b9 05
[001750000] ECUA CANIF TX pdu=0
[001750000] ECUA OS    TASK_END Task_BswMain
[001750000] ECUA OS    TASK_START Task_Swc10ms prio=2
[001750000] ECUA RTE   CALL R_WheelSpeed_GetWheelSpeed
[001750000] ECUA RTE   WRITE P_VehicleSpeed_VehicleSpeed=1465
[001750000] ECUA OS    TASK_END Task_Swc10ms
[001760000] ECUA OS    ALARM Alarm_BswMain
[001760000] ECUA OS    ALARM Alarm_Swc10ms
[001760000] ECUA OS    TASK_START Task_BswMain prio=3
[001760000] ECUA OS    TASK_END Task_BswMain
[001760000] ECUA OS    TASK_START Task_Swc10ms prio=2
[001760000] ECUA RTE   CALL R_WheelSpeed_GetWheelSpeed
[001760000] ECUA RTE   WRITE P_VehicleSpeed_VehicleSpeed=1465
[001760000] ECUA OS    TASK_END Task_Swc10ms
[001770000] ECUA OS    ALARM Alarm_BswMain
[001770000] ECUA OS    ALARM Alarm_Swc10ms
[001770000] ECUA OS    TASK_START Task_BswMain prio=3
[001770000] ECUA COM   TX ipdu=0 len=2
[001770000] ECUA PDUR  TX com=0 canif=0
[001770000] ECUA CAN   TX id=0x101 dlc=2 data=b9 05
[001770000] ECUA CANIF TX pdu=0
[001770000] ECUA OS    TASK_END Task_BswMain
[001770000] ECUA OS    TASK_START Task_Swc10ms prio=2
[001770000] ECUA RTE   CALL R_WheelSpeed_GetWheelSpeed
[001770000] ECUA RTE   WRITE P_VehicleSpeed_VehicleSpeed=1465
[001770000] ECUA OS    TASK_END Task_Swc10ms
[001780000] ECUA OS    ALARM Alarm_BswMain
[001780000] ECUA OS    ALARM Alarm_Swc10ms
[001780000] ECUA OS    TASK_START Task_BswMain prio=3
[001780000] ECUA OS    TASK_END Task_BswMain
[001780000] ECUA OS    TASK_START Task_Swc10ms prio=2
[001780000] ECUA RTE   CALL R_WheelSpeed_GetWheelSpeed
[001780000] ECUA RTE   WRITE P_VehicleSpeed_VehicleSpeed=1465
[001780000] ECUA OS    TASK_END Task_Swc10ms
[001790000] ECUA OS    ALARM Alarm_BswMain
[001790000] ECUA OS    ALARM Alarm_Swc10ms
[001790000] ECUA OS    TASK_START Task_BswMain prio=3
[001790000] ECUA COM   TX ipdu=0 len=2
[001790000] ECUA PDUR  TX com=0 canif=0
[001790000] ECUA CAN   TX id=0x101 dlc=2 data=b9 05
[001790000] ECUA CANIF TX pdu=0
[001790000] ECUA OS    TASK_END Task_BswMain
[001790000] ECUA OS    TASK_START Task_Swc10ms prio=2
[001790000] ECUA RTE   CALL R_WheelSpeed_GetWheelSpeed
[001790000] ECUA RTE   WRITE P_VehicleSpeed_VehicleSpeed=1465
[001790000] ECUA OS    TASK_END Task_Swc10ms
[001800000] ECUA OS    ALARM Alarm_BswMain
[001800000] ECUA OS    ALARM Alarm_Swc10ms
[001800000] ECUA OS    TASK_START Task_BswMain prio=3
[001800000] ECUA OS    TASK_END Task_BswMain
[001800000] ECUA OS    TASK_START Task_Swc10ms prio=2
[001800000] ECUA RTE   CALL R_WheelSpeed_GetWheelSpeed
[001800000] ECUA SWC   SpeedSensor raw=3000 speed=1465
[001800000] ECUA RTE   WRITE P_VehicleSpeed_VehicleSpeed=1465
[001800000] ECUA OS    TASK_END Task_Swc10ms
[001810000] ECUA OS    ALARM Alarm_BswMain
[001810000] ECUA OS    ALARM Alarm_Swc10ms
[001810000] ECUA OS    TASK_START Task_BswMain prio=3
[001810000] ECUA COM   TX ipdu=0 len=2
[001810000] ECUA PDUR  TX com=0 canif=0
[001810000] ECUA CAN   TX id=0x101 dlc=2 data=b9 05
[001810000] ECUA CANIF TX pdu=0
[001810000] ECUA OS    TASK_END Task_BswMain
[001810000] ECUA OS    TASK_START Task_Swc10ms prio=2
[001810000] ECUA RTE   CALL R_WheelSpeed_GetWheelSpeed
[001810000] ECUA RTE   WRITE P_VehicleSpeed_VehicleSpeed=1465
[001810000] ECUA OS    TASK_END Task_Swc10ms
[001820000] ECUA OS    ALARM Alarm_BswMain
[001820000] ECUA OS    ALARM Alarm_Swc10ms
[001820000] ECUA OS    TASK_START Task_BswMain prio=3
[001820000] ECUA OS    TASK_END Task_BswMain
[001820000] ECUA OS    TASK_START Task_Swc10ms prio=2
[001820000] ECUA RTE   CALL R_WheelSpeed_GetWheelSpeed
[001820000] ECUA RTE   WRITE P_VehicleSpeed_VehicleSpeed=1465
[001820000] ECUA OS    TASK_END Task_Swc10ms
[001830000] ECUA OS    ALARM Alarm_BswMain
[001830000] ECUA OS    ALARM Alarm_Swc10ms
[001830000] ECUA OS    TASK_START Task_BswMain prio=3
[001830000] ECUA COM   TX ipdu=0 len=2
[001830000] ECUA PDUR  TX com=0 canif=0
[001830000] ECUA CAN   TX id=0x101 dlc=2 data=b9 05
[001830000] ECUA CANIF TX pdu=0
[001830000] ECUA OS    TASK_END Task_BswMain
[001830000] ECUA OS    TASK_START Task_Swc10ms prio=2
[001830000] ECUA RTE   CALL R_WheelSpeed_GetWheelSpeed
[001830000] ECUA RTE   WRITE P_VehicleSpeed_VehicleSpeed=1465
[001830000] ECUA OS    TASK_END Task_Swc10ms
[001840000] ECUA OS    ALARM Alarm_BswMain
[001840000] ECUA OS    ALARM Alarm_Swc10ms
[001840000] ECUA OS    TASK_START Task_BswMain prio=3
[001840000] ECUA OS    TASK_END Task_BswMain
[001840000] ECUA OS    TASK_START Task_Swc10ms prio=2
[001840000] ECUA RTE   CALL R_WheelSpeed_GetWheelSpeed
[001840000] ECUA RTE   WRITE P_VehicleSpeed_VehicleSpeed=1465
[001840000] ECUA OS    TASK_END Task_Swc10ms
[001850000] ECUA OS    ALARM Alarm_BswMain
[001850000] ECUA OS    ALARM Alarm_Swc10ms
[001850000] ECUA OS    TASK_START Task_BswMain prio=3
[001850000] ECUA COM   TX ipdu=0 len=2
[001850000] ECUA PDUR  TX com=0 canif=0
[001850000] ECUA CAN   TX id=0x101 dlc=2 data=b9 05
[001850000] ECUA CANIF TX pdu=0
[001850000] ECUA OS    TASK_END Task_BswMain
[001850000] ECUA OS    TASK_START Task_Swc10ms prio=2
[001850000] ECUA RTE   CALL R_WheelSpeed_GetWheelSpeed
[001850000] ECUA RTE   WRITE P_VehicleSpeed_VehicleSpeed=1465
[001850000] ECUA OS    TASK_END Task_Swc10ms
[001860000] ECUA OS    ALARM Alarm_BswMain
[001860000] ECUA OS    ALARM Alarm_Swc10ms
[001860000] ECUA OS    TASK_START Task_BswMain prio=3
[001860000] ECUA OS    TASK_END Task_BswMain
[001860000] ECUA OS    TASK_START Task_Swc10ms prio=2
[001860000] ECUA RTE   CALL R_WheelSpeed_GetWheelSpeed
[001860000] ECUA RTE   WRITE P_VehicleSpeed_VehicleSpeed=1465
[001860000] ECUA OS    TASK_END Task_Swc10ms
[001870000] ECUA OS    ALARM Alarm_BswMain
[001870000] ECUA OS    ALARM Alarm_Swc10ms
[001870000] ECUA OS    TASK_START Task_BswMain prio=3
[001870000] ECUA COM   TX ipdu=0 len=2
[001870000] ECUA PDUR  TX com=0 canif=0
[001870000] ECUA CAN   TX id=0x101 dlc=2 data=b9 05
[001870000] ECUA CANIF TX pdu=0
[001870000] ECUA OS    TASK_END Task_BswMain
[001870000] ECUA OS    TASK_START Task_Swc10ms prio=2
[001870000] ECUA RTE   CALL R_WheelSpeed_GetWheelSpeed
[001870000] ECUA RTE   WRITE P_VehicleSpeed_VehicleSpeed=1465
[001870000] ECUA OS    TASK_END Task_Swc10ms
[001880000] ECUA OS    ALARM Alarm_BswMain
[001880000] ECUA OS    ALARM Alarm_Swc10ms
[001880000] ECUA OS    TASK_START Task_BswMain prio=3
[001880000] ECUA OS    TASK_END Task_BswMain
[001880000] ECUA OS    TASK_START Task_Swc10ms prio=2
[001880000] ECUA RTE   CALL R_WheelSpeed_GetWheelSpeed
[001880000] ECUA RTE   WRITE P_VehicleSpeed_VehicleSpeed=1465
[001880000] ECUA OS    TASK_END Task_Swc10ms
[001890000] ECUA OS    ALARM Alarm_BswMain
[001890000] ECUA OS    ALARM Alarm_Swc10ms
[001890000] ECUA OS    TASK_START Task_BswMain prio=3
[001890000] ECUA COM   TX ipdu=0 len=2
[001890000] ECUA PDUR  TX com=0 canif=0
[001890000] ECUA CAN   TX id=0x101 dlc=2 data=b9 05
[001890000] ECUA CANIF TX pdu=0
[001890000] ECUA OS    TASK_END Task_BswMain
[001890000] ECUA OS    TASK_START Task_Swc10ms prio=2
[001890000] ECUA RTE   CALL R_WheelSpeed_GetWheelSpeed
[001890000] ECUA RTE   WRITE P_VehicleSpeed_VehicleSpeed=1465
[001890000] ECUA OS    TASK_END Task_Swc10ms
[001900000] ECUA OS    ALARM Alarm_BswMain
[001900000] ECUA OS    ALARM Alarm_Swc10ms
[001900000] ECUA OS    TASK_START Task_BswMain prio=3
[001900000] ECUA OS    TASK_END Task_BswMain
[001900000] ECUA OS    TASK_START Task_Swc10ms prio=2
[001900000] ECUA RTE   CALL R_WheelSpeed_GetWheelSpeed
[001900000] ECUA SWC   SpeedSensor raw=3000 speed=1465
[001900000] ECUA RTE   WRITE P_VehicleSpeed_VehicleSpeed=1465
[001900000] ECUA OS    TASK_END Task_Swc10ms
[001910000] ECUA OS    ALARM Alarm_BswMain
[001910000] ECUA OS    ALARM Alarm_Swc10ms
[001910000] ECUA OS    TASK_START Task_BswMain prio=3
[001910000] ECUA COM   TX ipdu=0 len=2
[001910000] ECUA PDUR  TX com=0 canif=0
[001910000] ECUA CAN   TX id=0x101 dlc=2 data=b9 05
[001910000] ECUA CANIF TX pdu=0
[001910000] ECUA OS    TASK_END Task_BswMain
[001910000] ECUA OS    TASK_START Task_Swc10ms prio=2
[001910000] ECUA RTE   CALL R_WheelSpeed_GetWheelSpeed
[001910000] ECUA RTE   WRITE P_VehicleSpeed_VehicleSpeed=1465
[001910000] ECUA OS    TASK_END Task_Swc10ms
[001920000] ECUA OS    ALARM Alarm_BswMain
[001920000] ECUA OS    ALARM Alarm_Swc10ms
[001920000] ECUA OS    TASK_START Task_BswMain prio=3
[001920000] ECUA OS    TASK_END Task_BswMain
[001920000] ECUA OS    TASK_START Task_Swc10ms prio=2
[001920000] ECUA RTE   CALL R_WheelSpeed_GetWheelSpeed
[001920000] ECUA RTE   WRITE P_VehicleSpeed_VehicleSpeed=1465
[001920000] ECUA OS    TASK_END Task_Swc10ms
[001930000] ECUA OS    ALARM Alarm_BswMain
[001930000] ECUA OS    ALARM Alarm_Swc10ms
[001930000] ECUA OS    TASK_START Task_BswMain prio=3
[001930000] ECUA COM   TX ipdu=0 len=2
[001930000] ECUA PDUR  TX com=0 canif=0
[001930000] ECUA CAN   TX id=0x101 dlc=2 data=b9 05
[001930000] ECUA CANIF TX pdu=0
[001930000] ECUA OS    TASK_END Task_BswMain
[001930000] ECUA OS    TASK_START Task_Swc10ms prio=2
[001930000] ECUA RTE   CALL R_WheelSpeed_GetWheelSpeed
[001930000] ECUA RTE   WRITE P_VehicleSpeed_VehicleSpeed=1465
[001930000] ECUA OS    TASK_END Task_Swc10ms
[001940000] ECUA OS    ALARM Alarm_BswMain
[001940000] ECUA OS    ALARM Alarm_Swc10ms
[001940000] ECUA OS    TASK_START Task_BswMain prio=3
[001940000] ECUA OS    TASK_END Task_BswMain
[001940000] ECUA OS    TASK_START Task_Swc10ms prio=2
[001940000] ECUA RTE   CALL R_WheelSpeed_GetWheelSpeed
[001940000] ECUA RTE   WRITE P_VehicleSpeed_VehicleSpeed=1465
[001940000] ECUA OS    TASK_END Task_Swc10ms
[001950000] ECUA OS    ALARM Alarm_BswMain
[001950000] ECUA OS    ALARM Alarm_Swc10ms
[001950000] ECUA OS    TASK_START Task_BswMain prio=3
[001950000] ECUA COM   TX ipdu=0 len=2
[001950000] ECUA PDUR  TX com=0 canif=0
[001950000] ECUA CAN   TX id=0x101 dlc=2 data=b9 05
[001950000] ECUA CANIF TX pdu=0
[001950000] ECUA OS    TASK_END Task_BswMain
[001950000] ECUA OS    TASK_START Task_Swc10ms prio=2
[001950000] ECUA RTE   CALL R_WheelSpeed_GetWheelSpeed
[001950000] ECUA RTE   WRITE P_VehicleSpeed_VehicleSpeed=1465
[001950000] ECUA OS    TASK_END Task_Swc10ms
[001960000] ECUA OS    ALARM Alarm_BswMain
[001960000] ECUA OS    ALARM Alarm_Swc10ms
[001960000] ECUA OS    TASK_START Task_BswMain prio=3
[001960000] ECUA OS    TASK_END Task_BswMain
[001960000] ECUA OS    TASK_START Task_Swc10ms prio=2
[001960000] ECUA RTE   CALL R_WheelSpeed_GetWheelSpeed
[001960000] ECUA RTE   WRITE P_VehicleSpeed_VehicleSpeed=1465
[001960000] ECUA OS    TASK_END Task_Swc10ms
[001970000] ECUA OS    ALARM Alarm_BswMain
[001970000] ECUA OS    ALARM Alarm_Swc10ms
[001970000] ECUA OS    TASK_START Task_BswMain prio=3
[001970000] ECUA COM   TX ipdu=0 len=2
[001970000] ECUA PDUR  TX com=0 canif=0
[001970000] ECUA CAN   TX id=0x101 dlc=2 data=b9 05
[001970000] ECUA CANIF TX pdu=0
[001970000] ECUA OS    TASK_END Task_BswMain
[001970000] ECUA OS    TASK_START Task_Swc10ms prio=2
[001970000] ECUA RTE   CALL R_WheelSpeed_GetWheelSpeed
[001970000] ECUA RTE   WRITE P_VehicleSpeed_VehicleSpeed=1465
[001970000] ECUA OS    TASK_END Task_Swc10ms
[001980000] ECUA OS    ALARM Alarm_BswMain
[001980000] ECUA OS    ALARM Alarm_Swc10ms
[001980000] ECUA OS    TASK_START Task_BswMain prio=3
[001980000] ECUA OS    TASK_END Task_BswMain
[001980000] ECUA OS    TASK_START Task_Swc10ms prio=2
[001980000] ECUA RTE   CALL R_WheelSpeed_GetWheelSpeed
[001980000] ECUA RTE   WRITE P_VehicleSpeed_VehicleSpeed=1465
[001980000] ECUA OS    TASK_END Task_Swc10ms
[001990000] ECUA OS    ALARM Alarm_BswMain
[001990000] ECUA OS    ALARM Alarm_Swc10ms
[001990000] ECUA OS    TASK_START Task_BswMain prio=3
[001990000] ECUA COM   TX ipdu=0 len=2
[001990000] ECUA PDUR  TX com=0 canif=0
[001990000] ECUA CAN   TX id=0x101 dlc=2 data=b9 05
[001990000] ECUA CANIF TX pdu=0
[001990000] ECUA OS    TASK_END Task_BswMain
[001990000] ECUA OS    TASK_START Task_Swc10ms prio=2
[001990000] ECUA RTE   CALL R_WheelSpeed_GetWheelSpeed
[001990000] ECUA RTE   WRITE P_VehicleSpeed_VehicleSpeed=1465
[001990000] ECUA OS    TASK_END Task_Swc10ms
[002000000] ECUA OS    ALARM Alarm_BswMain
[002000000] ECUA OS    ALARM Alarm_Swc10ms
[002000000] ECUA OS    TASK_START Task_BswMain prio=3
[002000000] ECUA OS    TASK_END Task_BswMain
[002000000] ECUA OS    TASK_START Task_Swc10ms prio=2
[002000000] ECUA RTE   CALL R_WheelSpeed_GetWheelSpeed
[002000000] ECUA SWC   SpeedSensor raw=3000 speed=1465
[002000000] ECUA RTE   WRITE P_VehicleSpeed_VehicleSpeed=1465
[002000000] ECUA OS    TASK_END Task_Swc10ms
[002010000] ECUA OS    ALARM Alarm_BswMain
[002010000] ECUA OS    ALARM Alarm_Swc10ms
[002010000] ECUA OS    TASK_START Task_BswMain prio=3
[002010000] ECUA COM   TX ipdu=0 len=2
[002010000] ECUA PDUR  TX com=0 canif=0
[002010000] ECUA CAN   TX id=0x101 dlc=2 data=b9 05
[002010000] ECUA CANIF TX pdu=0
[002010000] ECUA OS    TASK_END Task_BswMain
[002010000] ECUA OS    TASK_START Task_Swc10ms prio=2
[002010000] ECUA RTE   CALL R_WheelSpeed_GetWheelSpeed
[002010000] ECUA BSW   IOHWAB ADC raw=3000
[002010000] ECUA RTE   WRITE P_VehicleSpeed_VehicleSpeed=1465
[002010000] ECUA OS    TASK_END Task_Swc10ms
[002020000] ECUA OS    ALARM Alarm_BswMain
[002020000] ECUA OS    ALARM Alarm_Swc10ms
[002020000] ECUA OS    TASK_START Task_BswMain prio=3
[002020000] ECUA OS    TASK_END Task_BswMain
[002020000] ECUA OS    TASK_START Task_Swc10ms prio=2
[002020000] ECUA RTE   CALL R_WheelSpeed_GetWheelSpeed
[002020000] ECUA RTE   WRITE P_VehicleSpeed_VehicleSpeed=1465
[002020000] ECUA OS    TASK_END Task_Swc10ms
[002030000] ECUA OS    ALARM Alarm_BswMain
[002030000] ECUA OS    ALARM Alarm_Swc10ms
[002030000] ECUA OS    TASK_START Task_BswMain prio=3
[002030000] ECUA COM   TX ipdu=0 len=2
[002030000] ECUA PDUR  TX com=0 canif=0
[002030000] ECUA CAN   TX id=0x101 dlc=2 data=b9 05
[002030000] ECUA CANIF TX pdu=0
[002030000] ECUA OS    TASK_END Task_BswMain
[002030000] ECUA OS    TASK_START Task_Swc10ms prio=2
[002030000] ECUA RTE   CALL R_WheelSpeed_GetWheelSpeed
[002030000] ECUA RTE   WRITE P_VehicleSpeed_VehicleSpeed=1465
[002030000] ECUA OS    TASK_END Task_Swc10ms
[002040000] ECUA OS    ALARM Alarm_BswMain
[002040000] ECUA OS    ALARM Alarm_Swc10ms
[002040000] ECUA OS    TASK_START Task_BswMain prio=3
[002040000] ECUA OS    TASK_END Task_BswMain
[002040000] ECUA OS    TASK_START Task_Swc10ms prio=2
[002040000] ECUA RTE   CALL R_WheelSpeed_GetWheelSpeed
[002040000] ECUA RTE   WRITE P_VehicleSpeed_VehicleSpeed=1465
[002040000] ECUA OS    TASK_END Task_Swc10ms
[002050000] ECUA OS    ALARM Alarm_BswMain
[002050000] ECUA OS    ALARM Alarm_Swc10ms
[002050000] ECUA OS    TASK_START Task_BswMain prio=3
[002050000] ECUA COM   TX ipdu=0 len=2
[002050000] ECUA PDUR  TX com=0 canif=0
[002050000] ECUA CAN   TX id=0x101 dlc=2 data=b9 05
[002050000] ECUA CANIF TX pdu=0
[002050000] ECUA OS    TASK_END Task_BswMain
[002050000] ECUA OS    TASK_START Task_Swc10ms prio=2
[002050000] ECUA RTE   CALL R_WheelSpeed_GetWheelSpeed
[002050000] ECUA RTE   WRITE P_VehicleSpeed_VehicleSpeed=1465
[002050000] ECUA OS    TASK_END Task_Swc10ms
[002060000] ECUA OS    ALARM Alarm_BswMain
[002060000] ECUA OS    ALARM Alarm_Swc10ms
[002060000] ECUA OS    TASK_START Task_BswMain prio=3
[002060000] ECUA OS    TASK_END Task_BswMain
[002060000] ECUA OS    TASK_START Task_Swc10ms prio=2
[002060000] ECUA RTE   CALL R_WheelSpeed_GetWheelSpeed
[002060000] ECUA RTE   WRITE P_VehicleSpeed_VehicleSpeed=1465
[002060000] ECUA OS    TASK_END Task_Swc10ms
[002070000] ECUA OS    ALARM Alarm_BswMain
[002070000] ECUA OS    ALARM Alarm_Swc10ms
[002070000] ECUA OS    TASK_START Task_BswMain prio=3
[002070000] ECUA COM   TX ipdu=0 len=2
[002070000] ECUA PDUR  TX com=0 canif=0
[002070000] ECUA CAN   TX id=0x101 dlc=2 data=b9 05
[002070000] ECUA CANIF TX pdu=0
[002070000] ECUA OS    TASK_END Task_BswMain
[002070000] ECUA OS    TASK_START Task_Swc10ms prio=2
[002070000] ECUA RTE   CALL R_WheelSpeed_GetWheelSpeed
[002070000] ECUA RTE   WRITE P_VehicleSpeed_VehicleSpeed=1465
[002070000] ECUA OS    TASK_END Task_Swc10ms
[002080000] ECUA OS    ALARM Alarm_BswMain
[002080000] ECUA OS    ALARM Alarm_Swc10ms
[002080000] ECUA OS    TASK_START Task_BswMain prio=3
[002080000] ECUA OS    TASK_END Task_BswMain
[002080000] ECUA OS    TASK_START Task_Swc10ms prio=2
[002080000] ECUA RTE   CALL R_WheelSpeed_GetWheelSpeed
[002080000] ECUA RTE   WRITE P_VehicleSpeed_VehicleSpeed=1465
[002080000] ECUA OS    TASK_END Task_Swc10ms
[002090000] ECUA OS    ALARM Alarm_BswMain
[002090000] ECUA OS    ALARM Alarm_Swc10ms
[002090000] ECUA OS    TASK_START Task_BswMain prio=3
[002090000] ECUA COM   TX ipdu=0 len=2
[002090000] ECUA PDUR  TX com=0 canif=0
[002090000] ECUA CAN   TX id=0x101 dlc=2 data=b9 05
[002090000] ECUA CANIF TX pdu=0
[002090000] ECUA OS    TASK_END Task_BswMain
[002090000] ECUA OS    TASK_START Task_Swc10ms prio=2
[002090000] ECUA RTE   CALL R_WheelSpeed_GetWheelSpeed
[002090000] ECUA RTE   WRITE P_VehicleSpeed_VehicleSpeed=1465
[002090000] ECUA OS    TASK_END Task_Swc10ms
[002100000] ECUA OS    ALARM Alarm_BswMain
[002100000] ECUA OS    ALARM Alarm_Swc10ms
[002100000] ECUA OS    TASK_START Task_BswMain prio=3
[002100000] ECUA OS    TASK_END Task_BswMain
[002100000] ECUA OS    TASK_START Task_Swc10ms prio=2
[002100000] ECUA RTE   CALL R_WheelSpeed_GetWheelSpeed
[002100000] ECUA SWC   SpeedSensor raw=3000 speed=1465
[002100000] ECUA RTE   WRITE P_VehicleSpeed_VehicleSpeed=1465
[002100000] ECUA OS    TASK_END Task_Swc10ms
[002110000] ECUA OS    ALARM Alarm_BswMain
[002110000] ECUA OS    ALARM Alarm_Swc10ms
[002110000] ECUA OS    TASK_START Task_BswMain prio=3
[002110000] ECUA COM   TX ipdu=0 len=2
[002110000] ECUA PDUR  TX com=0 canif=0
[002110000] ECUA CAN   TX id=0x101 dlc=2 data=b9 05
[002110000] ECUA CANIF TX pdu=0
[002110000] ECUA OS    TASK_END Task_BswMain
[002110000] ECUA OS    TASK_START Task_Swc10ms prio=2
[002110000] ECUA RTE   CALL R_WheelSpeed_GetWheelSpeed
[002110000] ECUA RTE   WRITE P_VehicleSpeed_VehicleSpeed=1465
[002110000] ECUA OS    TASK_END Task_Swc10ms
[002120000] ECUA OS    ALARM Alarm_BswMain
[002120000] ECUA OS    ALARM Alarm_Swc10ms
[002120000] ECUA OS    TASK_START Task_BswMain prio=3
[002120000] ECUA OS    TASK_END Task_BswMain
[002120000] ECUA OS    TASK_START Task_Swc10ms prio=2
[002120000] ECUA RTE   CALL R_WheelSpeed_GetWheelSpeed
[002120000] ECUA RTE   WRITE P_VehicleSpeed_VehicleSpeed=1465
[002120000] ECUA OS    TASK_END Task_Swc10ms
[002130000] ECUA OS    ALARM Alarm_BswMain
[002130000] ECUA OS    ALARM Alarm_Swc10ms
[002130000] ECUA OS    TASK_START Task_BswMain prio=3
[002130000] ECUA COM   TX ipdu=0 len=2
[002130000] ECUA PDUR  TX com=0 canif=0
[002130000] ECUA CAN   TX id=0x101 dlc=2 data=b9 05
[002130000] ECUA CANIF TX pdu=0
[002130000] ECUA OS    TASK_END Task_BswMain
[002130000] ECUA OS    TASK_START Task_Swc10ms prio=2
[002130000] ECUA RTE   CALL R_WheelSpeed_GetWheelSpeed
[002130000] ECUA RTE   WRITE P_VehicleSpeed_VehicleSpeed=1465
[002130000] ECUA OS    TASK_END Task_Swc10ms
[002140000] ECUA OS    ALARM Alarm_BswMain
[002140000] ECUA OS    ALARM Alarm_Swc10ms
[002140000] ECUA OS    TASK_START Task_BswMain prio=3
[002140000] ECUA OS    TASK_END Task_BswMain
[002140000] ECUA OS    TASK_START Task_Swc10ms prio=2
[002140000] ECUA RTE   CALL R_WheelSpeed_GetWheelSpeed
[002140000] ECUA RTE   WRITE P_VehicleSpeed_VehicleSpeed=1465
[002140000] ECUA OS    TASK_END Task_Swc10ms
[002150000] ECUA OS    ALARM Alarm_BswMain
[002150000] ECUA OS    ALARM Alarm_Swc10ms
[002150000] ECUA OS    TASK_START Task_BswMain prio=3
[002150000] ECUA COM   TX ipdu=0 len=2
[002150000] ECUA PDUR  TX com=0 canif=0
[002150000] ECUA CAN   TX id=0x101 dlc=2 data=b9 05
[002150000] ECUA CANIF TX pdu=0
[002150000] ECUA OS    TASK_END Task_BswMain
[002150000] ECUA OS    TASK_START Task_Swc10ms prio=2
[002150000] ECUA RTE   CALL R_WheelSpeed_GetWheelSpeed
[002150000] ECUA RTE   WRITE P_VehicleSpeed_VehicleSpeed=1465
[002150000] ECUA OS    TASK_END Task_Swc10ms
[002160000] ECUA OS    ALARM Alarm_BswMain
[002160000] ECUA OS    ALARM Alarm_Swc10ms
[002160000] ECUA OS    TASK_START Task_BswMain prio=3
[002160000] ECUA OS    TASK_END Task_BswMain
[002160000] ECUA OS    TASK_START Task_Swc10ms prio=2
[002160000] ECUA RTE   CALL R_WheelSpeed_GetWheelSpeed
[002160000] ECUA RTE   WRITE P_VehicleSpeed_VehicleSpeed=1465
[002160000] ECUA OS    TASK_END Task_Swc10ms
[002170000] ECUA OS    ALARM Alarm_BswMain
[002170000] ECUA OS    ALARM Alarm_Swc10ms
[002170000] ECUA OS    TASK_START Task_BswMain prio=3
[002170000] ECUA COM   TX ipdu=0 len=2
[002170000] ECUA PDUR  TX com=0 canif=0
[002170000] ECUA CAN   TX id=0x101 dlc=2 data=b9 05
[002170000] ECUA CANIF TX pdu=0
[002170000] ECUA OS    TASK_END Task_BswMain
[002170000] ECUA OS    TASK_START Task_Swc10ms prio=2
[002170000] ECUA RTE   CALL R_WheelSpeed_GetWheelSpeed
[002170000] ECUA RTE   WRITE P_VehicleSpeed_VehicleSpeed=1465
[002170000] ECUA OS    TASK_END Task_Swc10ms
[002180000] ECUA OS    ALARM Alarm_BswMain
[002180000] ECUA OS    ALARM Alarm_Swc10ms
[002180000] ECUA OS    TASK_START Task_BswMain prio=3
[002180000] ECUA OS    TASK_END Task_BswMain
[002180000] ECUA OS    TASK_START Task_Swc10ms prio=2
[002180000] ECUA RTE   CALL R_WheelSpeed_GetWheelSpeed
[002180000] ECUA RTE   WRITE P_VehicleSpeed_VehicleSpeed=1465
[002180000] ECUA OS    TASK_END Task_Swc10ms
[002190000] ECUA OS    ALARM Alarm_BswMain
[002190000] ECUA OS    ALARM Alarm_Swc10ms
[002190000] ECUA OS    TASK_START Task_BswMain prio=3
[002190000] ECUA COM   TX ipdu=0 len=2
[002190000] ECUA PDUR  TX com=0 canif=0
[002190000] ECUA CAN   TX id=0x101 dlc=2 data=b9 05
[002190000] ECUA CANIF TX pdu=0
[002190000] ECUA OS    TASK_END Task_BswMain
[002190000] ECUA OS    TASK_START Task_Swc10ms prio=2
[002190000] ECUA RTE   CALL R_WheelSpeed_GetWheelSpeed
[002190000] ECUA RTE   WRITE P_VehicleSpeed_VehicleSpeed=1465
[002190000] ECUA OS    TASK_END Task_Swc10ms
[002200000] ECUA OS    ALARM Alarm_BswMain
[002200000] ECUA OS    ALARM Alarm_Swc10ms
[002200000] ECUA OS    TASK_START Task_BswMain prio=3
[002200000] ECUA OS    TASK_END Task_BswMain
[002200000] ECUA OS    TASK_START Task_Swc10ms prio=2
[002200000] ECUA RTE   CALL R_WheelSpeed_GetWheelSpeed
[002200000] ECUA SWC   SpeedSensor raw=3000 speed=1465
[002200000] ECUA RTE   WRITE P_VehicleSpeed_VehicleSpeed=1465
[002200000] ECUA OS    TASK_END Task_Swc10ms
[002210000] ECUA OS    ALARM Alarm_BswMain
[002210000] ECUA OS    ALARM Alarm_Swc10ms
[002210000] ECUA OS    TASK_START Task_BswMain prio=3
[002210000] ECUA COM   TX ipdu=0 len=2
[002210000] ECUA PDUR  TX com=0 canif=0
[002210000] ECUA CAN   TX id=0x101 dlc=2 data=b9 05
[002210000] ECUA CANIF TX pdu=0
[002210000] ECUA OS    TASK_END Task_BswMain
[002210000] ECUA OS    TASK_START Task_Swc10ms prio=2
[002210000] ECUA RTE   CALL R_WheelSpeed_GetWheelSpeed
[002210000] ECUA RTE   WRITE P_VehicleSpeed_VehicleSpeed=1465
[002210000] ECUA OS    TASK_END Task_Swc10ms
[002220000] ECUA OS    ALARM Alarm_BswMain
[002220000] ECUA OS    ALARM Alarm_Swc10ms
[002220000] ECUA OS    TASK_START Task_BswMain prio=3
[002220000] ECUA OS    TASK_END Task_BswMain
[002220000] ECUA OS    TASK_START Task_Swc10ms prio=2
[002220000] ECUA RTE   CALL R_WheelSpeed_GetWheelSpeed
[002220000] ECUA RTE   WRITE P_VehicleSpeed_VehicleSpeed=1465
[002220000] ECUA OS    TASK_END Task_Swc10ms
[002230000] ECUA OS    ALARM Alarm_BswMain
[002230000] ECUA OS    ALARM Alarm_Swc10ms
[002230000] ECUA OS    TASK_START Task_BswMain prio=3
[002230000] ECUA COM   TX ipdu=0 len=2
[002230000] ECUA PDUR  TX com=0 canif=0
[002230000] ECUA CAN   TX id=0x101 dlc=2 data=b9 05
[002230000] ECUA CANIF TX pdu=0
[002230000] ECUA OS    TASK_END Task_BswMain
[002230000] ECUA OS    TASK_START Task_Swc10ms prio=2
[002230000] ECUA RTE   CALL R_WheelSpeed_GetWheelSpeed
[002230000] ECUA RTE   WRITE P_VehicleSpeed_VehicleSpeed=1465
[002230000] ECUA OS    TASK_END Task_Swc10ms
[002240000] ECUA OS    ALARM Alarm_BswMain
[002240000] ECUA OS    ALARM Alarm_Swc10ms
[002240000] ECUA OS    TASK_START Task_BswMain prio=3
[002240000] ECUA OS    TASK_END Task_BswMain
[002240000] ECUA OS    TASK_START Task_Swc10ms prio=2
[002240000] ECUA RTE   CALL R_WheelSpeed_GetWheelSpeed
[002240000] ECUA RTE   WRITE P_VehicleSpeed_VehicleSpeed=1465
[002240000] ECUA OS    TASK_END Task_Swc10ms
[002250000] ECUA OS    ALARM Alarm_BswMain
[002250000] ECUA OS    ALARM Alarm_Swc10ms
[002250000] ECUA OS    TASK_START Task_BswMain prio=3
[002250000] ECUA COM   TX ipdu=0 len=2
[002250000] ECUA PDUR  TX com=0 canif=0
[002250000] ECUA CAN   TX id=0x101 dlc=2 data=b9 05
[002250000] ECUA CANIF TX pdu=0
[002250000] ECUA OS    TASK_END Task_BswMain
[002250000] ECUA OS    TASK_START Task_Swc10ms prio=2
[002250000] ECUA RTE   CALL R_WheelSpeed_GetWheelSpeed
[002250000] ECUA RTE   WRITE P_VehicleSpeed_VehicleSpeed=1465
[002250000] ECUA OS    TASK_END Task_Swc10ms
[002260000] ECUA OS    ALARM Alarm_BswMain
[002260000] ECUA OS    ALARM Alarm_Swc10ms
[002260000] ECUA OS    TASK_START Task_BswMain prio=3
[002260000] ECUA OS    TASK_END Task_BswMain
[002260000] ECUA OS    TASK_START Task_Swc10ms prio=2
[002260000] ECUA RTE   CALL R_WheelSpeed_GetWheelSpeed
[002260000] ECUA RTE   WRITE P_VehicleSpeed_VehicleSpeed=1465
[002260000] ECUA OS    TASK_END Task_Swc10ms
[002270000] ECUA OS    ALARM Alarm_BswMain
[002270000] ECUA OS    ALARM Alarm_Swc10ms
[002270000] ECUA OS    TASK_START Task_BswMain prio=3
[002270000] ECUA COM   TX ipdu=0 len=2
[002270000] ECUA PDUR  TX com=0 canif=0
[002270000] ECUA CAN   TX id=0x101 dlc=2 data=b9 05
[002270000] ECUA CANIF TX pdu=0
[002270000] ECUA OS    TASK_END Task_BswMain
[002270000] ECUA OS    TASK_START Task_Swc10ms prio=2
[002270000] ECUA RTE   CALL R_WheelSpeed_GetWheelSpeed
[002270000] ECUA RTE   WRITE P_VehicleSpeed_VehicleSpeed=1465
[002270000] ECUA OS    TASK_END Task_Swc10ms
[002280000] ECUA OS    ALARM Alarm_BswMain
[002280000] ECUA OS    ALARM Alarm_Swc10ms
[002280000] ECUA OS    TASK_START Task_BswMain prio=3
[002280000] ECUA OS    TASK_END Task_BswMain
[002280000] ECUA OS    TASK_START Task_Swc10ms prio=2
[002280000] ECUA RTE   CALL R_WheelSpeed_GetWheelSpeed
[002280000] ECUA RTE   WRITE P_VehicleSpeed_VehicleSpeed=1465
[002280000] ECUA OS    TASK_END Task_Swc10ms
[002290000] ECUA OS    ALARM Alarm_BswMain
[002290000] ECUA OS    ALARM Alarm_Swc10ms
[002290000] ECUA OS    TASK_START Task_BswMain prio=3
[002290000] ECUA COM   TX ipdu=0 len=2
[002290000] ECUA PDUR  TX com=0 canif=0
[002290000] ECUA CAN   TX id=0x101 dlc=2 data=b9 05
[002290000] ECUA CANIF TX pdu=0
[002290000] ECUA OS    TASK_END Task_BswMain
[002290000] ECUA OS    TASK_START Task_Swc10ms prio=2
[002290000] ECUA RTE   CALL R_WheelSpeed_GetWheelSpeed
[002290000] ECUA RTE   WRITE P_VehicleSpeed_VehicleSpeed=1465
[002290000] ECUA OS    TASK_END Task_Swc10ms
[002300000] ECUA OS    ALARM Alarm_BswMain
[002300000] ECUA OS    ALARM Alarm_Swc10ms
[002300000] ECUA OS    TASK_START Task_BswMain prio=3
[002300000] ECUA OS    TASK_END Task_BswMain
[002300000] ECUA OS    TASK_START Task_Swc10ms prio=2
[002300000] ECUA RTE   CALL R_WheelSpeed_GetWheelSpeed
[002300000] ECUA SWC   SpeedSensor raw=3000 speed=1465
[002300000] ECUA RTE   WRITE P_VehicleSpeed_VehicleSpeed=1465
[002300000] ECUA OS    TASK_END Task_Swc10ms
[002310000] ECUA OS    ALARM Alarm_BswMain
[002310000] ECUA OS    ALARM Alarm_Swc10ms
[002310000] ECUA OS    TASK_START Task_BswMain prio=3
[002310000] ECUA COM   TX ipdu=0 len=2
[002310000] ECUA PDUR  TX com=0 canif=0
[002310000] ECUA CAN   TX id=0x101 dlc=2 data=b9 05
[002310000] ECUA CANIF TX pdu=0
[002310000] ECUA OS    TASK_END Task_BswMain
[002310000] ECUA OS    TASK_START Task_Swc10ms prio=2
[002310000] ECUA RTE   CALL R_WheelSpeed_GetWheelSpeed
[002310000] ECUA RTE   WRITE P_VehicleSpeed_VehicleSpeed=1465
[002310000] ECUA OS    TASK_END Task_Swc10ms
[002320000] ECUA OS    ALARM Alarm_BswMain
[002320000] ECUA OS    ALARM Alarm_Swc10ms
[002320000] ECUA OS    TASK_START Task_BswMain prio=3
[002320000] ECUA OS    TASK_END Task_BswMain
[002320000] ECUA OS    TASK_START Task_Swc10ms prio=2
[002320000] ECUA RTE   CALL R_WheelSpeed_GetWheelSpeed
[002320000] ECUA RTE   WRITE P_VehicleSpeed_VehicleSpeed=1465
[002320000] ECUA OS    TASK_END Task_Swc10ms
[002330000] ECUA OS    ALARM Alarm_BswMain
[002330000] ECUA OS    ALARM Alarm_Swc10ms
[002330000] ECUA OS    TASK_START Task_BswMain prio=3
[002330000] ECUA COM   TX ipdu=0 len=2
[002330000] ECUA PDUR  TX com=0 canif=0
[002330000] ECUA CAN   TX id=0x101 dlc=2 data=b9 05
[002330000] ECUA CANIF TX pdu=0
[002330000] ECUA OS    TASK_END Task_BswMain
[002330000] ECUA OS    TASK_START Task_Swc10ms prio=2
[002330000] ECUA RTE   CALL R_WheelSpeed_GetWheelSpeed
[002330000] ECUA RTE   WRITE P_VehicleSpeed_VehicleSpeed=1465
[002330000] ECUA OS    TASK_END Task_Swc10ms
[002340000] ECUA OS    ALARM Alarm_BswMain
[002340000] ECUA OS    ALARM Alarm_Swc10ms
[002340000] ECUA OS    TASK_START Task_BswMain prio=3
[002340000] ECUA OS    TASK_END Task_BswMain
[002340000] ECUA OS    TASK_START Task_Swc10ms prio=2
[002340000] ECUA RTE   CALL R_WheelSpeed_GetWheelSpeed
[002340000] ECUA RTE   WRITE P_VehicleSpeed_VehicleSpeed=1465
[002340000] ECUA OS    TASK_END Task_Swc10ms
[002350000] ECUA OS    ALARM Alarm_BswMain
[002350000] ECUA OS    ALARM Alarm_Swc10ms
[002350000] ECUA OS    TASK_START Task_BswMain prio=3
[002350000] ECUA COM   TX ipdu=0 len=2
[002350000] ECUA PDUR  TX com=0 canif=0
[002350000] ECUA CAN   TX id=0x101 dlc=2 data=b9 05
[002350000] ECUA CANIF TX pdu=0
[002350000] ECUA OS    TASK_END Task_BswMain
[002350000] ECUA OS    TASK_START Task_Swc10ms prio=2
[002350000] ECUA RTE   CALL R_WheelSpeed_GetWheelSpeed
[002350000] ECUA RTE   WRITE P_VehicleSpeed_VehicleSpeed=1465
[002350000] ECUA OS    TASK_END Task_Swc10ms
[002360000] ECUA OS    ALARM Alarm_BswMain
[002360000] ECUA OS    ALARM Alarm_Swc10ms
[002360000] ECUA OS    TASK_START Task_BswMain prio=3
[002360000] ECUA OS    TASK_END Task_BswMain
[002360000] ECUA OS    TASK_START Task_Swc10ms prio=2
[002360000] ECUA RTE   CALL R_WheelSpeed_GetWheelSpeed
[002360000] ECUA RTE   WRITE P_VehicleSpeed_VehicleSpeed=1465
[002360000] ECUA OS    TASK_END Task_Swc10ms
[002370000] ECUA OS    ALARM Alarm_BswMain
[002370000] ECUA OS    ALARM Alarm_Swc10ms
[002370000] ECUA OS    TASK_START Task_BswMain prio=3
[002370000] ECUA COM   TX ipdu=0 len=2
[002370000] ECUA PDUR  TX com=0 canif=0
[002370000] ECUA CAN   TX id=0x101 dlc=2 data=b9 05
[002370000] ECUA CANIF TX pdu=0
[002370000] ECUA OS    TASK_END Task_BswMain
[002370000] ECUA OS    TASK_START Task_Swc10ms prio=2
[002370000] ECUA RTE   CALL R_WheelSpeed_GetWheelSpeed
[002370000] ECUA RTE   WRITE P_VehicleSpeed_VehicleSpeed=1465
[002370000] ECUA OS    TASK_END Task_Swc10ms
[002380000] ECUA OS    ALARM Alarm_BswMain
[002380000] ECUA OS    ALARM Alarm_Swc10ms
[002380000] ECUA OS    TASK_START Task_BswMain prio=3
[002380000] ECUA OS    TASK_END Task_BswMain
[002380000] ECUA OS    TASK_START Task_Swc10ms prio=2
[002380000] ECUA RTE   CALL R_WheelSpeed_GetWheelSpeed
[002380000] ECUA RTE   WRITE P_VehicleSpeed_VehicleSpeed=1465
[002380000] ECUA OS    TASK_END Task_Swc10ms
[002390000] ECUA OS    ALARM Alarm_BswMain
[002390000] ECUA OS    ALARM Alarm_Swc10ms
[002390000] ECUA OS    TASK_START Task_BswMain prio=3
[002390000] ECUA COM   TX ipdu=0 len=2
[002390000] ECUA PDUR  TX com=0 canif=0
[002390000] ECUA CAN   TX id=0x101 dlc=2 data=b9 05
[002390000] ECUA CANIF TX pdu=0
[002390000] ECUA OS    TASK_END Task_BswMain
[002390000] ECUA OS    TASK_START Task_Swc10ms prio=2
[002390000] ECUA RTE   CALL R_WheelSpeed_GetWheelSpeed
[002390000] ECUA RTE   WRITE P_VehicleSpeed_VehicleSpeed=1465
[002390000] ECUA OS    TASK_END Task_Swc10ms
[002400000] ECUA OS    ALARM Alarm_BswMain
[002400000] ECUA OS    ALARM Alarm_Swc10ms
[002400000] ECUA OS    TASK_START Task_BswMain prio=3
[002400000] ECUA OS    TASK_END Task_BswMain
[002400000] ECUA OS    TASK_START Task_Swc10ms prio=2
[002400000] ECUA RTE   CALL R_WheelSpeed_GetWheelSpeed
[002400000] ECUA SWC   SpeedSensor raw=3000 speed=1465
[002400000] ECUA RTE   WRITE P_VehicleSpeed_VehicleSpeed=1465
[002400000] ECUA OS    TASK_END Task_Swc10ms
[002410000] ECUA OS    ALARM Alarm_BswMain
[002410000] ECUA OS    ALARM Alarm_Swc10ms
[002410000] ECUA OS    TASK_START Task_BswMain prio=3
[002410000] ECUA COM   TX ipdu=0 len=2
[002410000] ECUA PDUR  TX com=0 canif=0
[002410000] ECUA CAN   TX id=0x101 dlc=2 data=b9 05
[002410000] ECUA CANIF TX pdu=0
[002410000] ECUA OS    TASK_END Task_BswMain
[002410000] ECUA OS    TASK_START Task_Swc10ms prio=2
[002410000] ECUA RTE   CALL R_WheelSpeed_GetWheelSpeed
[002410000] ECUA RTE   WRITE P_VehicleSpeed_VehicleSpeed=1465
[002410000] ECUA OS    TASK_END Task_Swc10ms
[002420000] ECUA OS    ALARM Alarm_BswMain
[002420000] ECUA OS    ALARM Alarm_Swc10ms
[002420000] ECUA OS    TASK_START Task_BswMain prio=3
[002420000] ECUA OS    TASK_END Task_BswMain
[002420000] ECUA OS    TASK_START Task_Swc10ms prio=2
[002420000] ECUA RTE   CALL R_WheelSpeed_GetWheelSpeed
[002420000] ECUA RTE   WRITE P_VehicleSpeed_VehicleSpeed=1465
[002420000] ECUA OS    TASK_END Task_Swc10ms
[002430000] ECUA OS    ALARM Alarm_BswMain
[002430000] ECUA OS    ALARM Alarm_Swc10ms
[002430000] ECUA OS    TASK_START Task_BswMain prio=3
[002430000] ECUA COM   TX ipdu=0 len=2
[002430000] ECUA PDUR  TX com=0 canif=0
[002430000] ECUA CAN   TX id=0x101 dlc=2 data=b9 05
[002430000] ECUA CANIF TX pdu=0
[002430000] ECUA OS    TASK_END Task_BswMain
[002430000] ECUA OS    TASK_START Task_Swc10ms prio=2
[002430000] ECUA RTE   CALL R_WheelSpeed_GetWheelSpeed
[002430000] ECUA RTE   WRITE P_VehicleSpeed_VehicleSpeed=1465
[002430000] ECUA OS    TASK_END Task_Swc10ms
[002440000] ECUA OS    ALARM Alarm_BswMain
[002440000] ECUA OS    ALARM Alarm_Swc10ms
[002440000] ECUA OS    TASK_START Task_BswMain prio=3
[002440000] ECUA OS    TASK_END Task_BswMain
[002440000] ECUA OS    TASK_START Task_Swc10ms prio=2
[002440000] ECUA RTE   CALL R_WheelSpeed_GetWheelSpeed
[002440000] ECUA RTE   WRITE P_VehicleSpeed_VehicleSpeed=1465
[002440000] ECUA OS    TASK_END Task_Swc10ms
[002450000] ECUA OS    ALARM Alarm_BswMain
[002450000] ECUA OS    ALARM Alarm_Swc10ms
[002450000] ECUA OS    TASK_START Task_BswMain prio=3
[002450000] ECUA COM   TX ipdu=0 len=2
[002450000] ECUA PDUR  TX com=0 canif=0
[002450000] ECUA CAN   TX id=0x101 dlc=2 data=b9 05
[002450000] ECUA CANIF TX pdu=0
[002450000] ECUA OS    TASK_END Task_BswMain
[002450000] ECUA OS    TASK_START Task_Swc10ms prio=2
[002450000] ECUA RTE   CALL R_WheelSpeed_GetWheelSpeed
[002450000] ECUA RTE   WRITE P_VehicleSpeed_VehicleSpeed=1465
[002450000] ECUA OS    TASK_END Task_Swc10ms
[002460000] ECUA OS    ALARM Alarm_BswMain
[002460000] ECUA OS    ALARM Alarm_Swc10ms
[002460000] ECUA OS    TASK_START Task_BswMain prio=3
[002460000] ECUA OS    TASK_END Task_BswMain
[002460000] ECUA OS    TASK_START Task_Swc10ms prio=2
[002460000] ECUA RTE   CALL R_WheelSpeed_GetWheelSpeed
[002460000] ECUA RTE   WRITE P_VehicleSpeed_VehicleSpeed=1465
[002460000] ECUA OS    TASK_END Task_Swc10ms
[002470000] ECUA OS    ALARM Alarm_BswMain
[002470000] ECUA OS    ALARM Alarm_Swc10ms
[002470000] ECUA OS    TASK_START Task_BswMain prio=3
[002470000] ECUA COM   TX ipdu=0 len=2
[002470000] ECUA PDUR  TX com=0 canif=0
[002470000] ECUA CAN   TX id=0x101 dlc=2 data=b9 05
[002470000] ECUA CANIF TX pdu=0
[002470000] ECUA OS    TASK_END Task_BswMain
[002470000] ECUA OS    TASK_START Task_Swc10ms prio=2
[002470000] ECUA RTE   CALL R_WheelSpeed_GetWheelSpeed
[002470000] ECUA RTE   WRITE P_VehicleSpeed_VehicleSpeed=1465
[002470000] ECUA OS    TASK_END Task_Swc10ms
[002480000] ECUA OS    ALARM Alarm_BswMain
[002480000] ECUA OS    ALARM Alarm_Swc10ms
[002480000] ECUA OS    TASK_START Task_BswMain prio=3
[002480000] ECUA OS    TASK_END Task_BswMain
[002480000] ECUA OS    TASK_START Task_Swc10ms prio=2
[002480000] ECUA RTE   CALL R_WheelSpeed_GetWheelSpeed
[002480000] ECUA RTE   WRITE P_VehicleSpeed_VehicleSpeed=1465
[002480000] ECUA OS    TASK_END Task_Swc10ms
[002490000] ECUA OS    ALARM Alarm_BswMain
[002490000] ECUA OS    ALARM Alarm_Swc10ms
[002490000] ECUA OS    TASK_START Task_BswMain prio=3
[002490000] ECUA COM   TX ipdu=0 len=2
[002490000] ECUA PDUR  TX com=0 canif=0
[002490000] ECUA CAN   TX id=0x101 dlc=2 data=b9 05
[002490000] ECUA CANIF TX pdu=0
[002490000] ECUA OS    TASK_END Task_BswMain
[002490000] ECUA OS    TASK_START Task_Swc10ms prio=2
[002490000] ECUA RTE   CALL R_WheelSpeed_GetWheelSpeed
[002490000] ECUA RTE   WRITE P_VehicleSpeed_VehicleSpeed=1465
[002490000] ECUA OS    TASK_END Task_Swc10ms
[002500000] ECUA OS    ALARM Alarm_BswMain
[002500000] ECUA OS    ALARM Alarm_Swc10ms
[002500000] ECUA OS    TASK_START Task_BswMain prio=3
[002500000] ECUA OS    TASK_END Task_BswMain
[002500000] ECUA OS    TASK_START Task_Swc10ms prio=2
[002500000] ECUA RTE   CALL R_WheelSpeed_GetWheelSpeed
[002500000] ECUA SWC   SpeedSensor raw=3000 speed=1465
[002500000] ECUA RTE   WRITE P_VehicleSpeed_VehicleSpeed=1465
[002500000] ECUA OS    TASK_END Task_Swc10ms
[002510000] ECUA OS    ALARM Alarm_BswMain
[002510000] ECUA OS    ALARM Alarm_Swc10ms
[002510000] ECUA OS    TASK_START Task_BswMain prio=3
[002510000] ECUA COM   TX ipdu=0 len=2
[002510000] ECUA PDUR  TX com=0 canif=0
[002510000] ECUA CAN   TX id=0x101 dlc=2 data=b9 05
[002510000] ECUA CANIF TX pdu=0
[002510000] ECUA OS    TASK_END Task_BswMain
[002510000] ECUA OS    TASK_START Task_Swc10ms prio=2
[002510000] ECUA RTE   CALL R_WheelSpeed_GetWheelSpeed
[002510000] ECUA BSW   IOHWAB ADC raw=3000
[002510000] ECUA RTE   WRITE P_VehicleSpeed_VehicleSpeed=1465
[002510000] ECUA OS    TASK_END Task_Swc10ms
[002520000] ECUA OS    ALARM Alarm_BswMain
[002520000] ECUA OS    ALARM Alarm_Swc10ms
[002520000] ECUA OS    TASK_START Task_BswMain prio=3
[002520000] ECUA OS    TASK_END Task_BswMain
[002520000] ECUA OS    TASK_START Task_Swc10ms prio=2
[002520000] ECUA RTE   CALL R_WheelSpeed_GetWheelSpeed
[002520000] ECUA RTE   WRITE P_VehicleSpeed_VehicleSpeed=1465
[002520000] ECUA OS    TASK_END Task_Swc10ms
[002530000] ECUA OS    ALARM Alarm_BswMain
[002530000] ECUA OS    ALARM Alarm_Swc10ms
[002530000] ECUA OS    TASK_START Task_BswMain prio=3
[002530000] ECUA COM   TX ipdu=0 len=2
[002530000] ECUA PDUR  TX com=0 canif=0
[002530000] ECUA CAN   TX id=0x101 dlc=2 data=b9 05
[002530000] ECUA CANIF TX pdu=0
[002530000] ECUA OS    TASK_END Task_BswMain
[002530000] ECUA OS    TASK_START Task_Swc10ms prio=2
[002530000] ECUA RTE   CALL R_WheelSpeed_GetWheelSpeed
[002530000] ECUA RTE   WRITE P_VehicleSpeed_VehicleSpeed=1465
[002530000] ECUA OS    TASK_END Task_Swc10ms
[002540000] ECUA OS    ALARM Alarm_BswMain
[002540000] ECUA OS    ALARM Alarm_Swc10ms
[002540000] ECUA OS    TASK_START Task_BswMain prio=3
[002540000] ECUA OS    TASK_END Task_BswMain
[002540000] ECUA OS    TASK_START Task_Swc10ms prio=2
[002540000] ECUA RTE   CALL R_WheelSpeed_GetWheelSpeed
[002540000] ECUA RTE   WRITE P_VehicleSpeed_VehicleSpeed=1465
[002540000] ECUA OS    TASK_END Task_Swc10ms
[002550000] ECUA OS    ALARM Alarm_BswMain
[002550000] ECUA OS    ALARM Alarm_Swc10ms
[002550000] ECUA OS    TASK_START Task_BswMain prio=3
[002550000] ECUA COM   TX ipdu=0 len=2
[002550000] ECUA PDUR  TX com=0 canif=0
[002550000] ECUA CAN   TX id=0x101 dlc=2 data=b9 05
[002550000] ECUA CANIF TX pdu=0
[002550000] ECUA OS    TASK_END Task_BswMain
[002550000] ECUA OS    TASK_START Task_Swc10ms prio=2
[002550000] ECUA RTE   CALL R_WheelSpeed_GetWheelSpeed
[002550000] ECUA RTE   WRITE P_VehicleSpeed_VehicleSpeed=1465
[002550000] ECUA OS    TASK_END Task_Swc10ms
[002560000] ECUA OS    ALARM Alarm_BswMain
[002560000] ECUA OS    ALARM Alarm_Swc10ms
[002560000] ECUA OS    TASK_START Task_BswMain prio=3
[002560000] ECUA OS    TASK_END Task_BswMain
[002560000] ECUA OS    TASK_START Task_Swc10ms prio=2
[002560000] ECUA RTE   CALL R_WheelSpeed_GetWheelSpeed
[002560000] ECUA RTE   WRITE P_VehicleSpeed_VehicleSpeed=1465
[002560000] ECUA OS    TASK_END Task_Swc10ms
[002570000] ECUA OS    ALARM Alarm_BswMain
[002570000] ECUA OS    ALARM Alarm_Swc10ms
[002570000] ECUA OS    TASK_START Task_BswMain prio=3
[002570000] ECUA COM   TX ipdu=0 len=2
[002570000] ECUA PDUR  TX com=0 canif=0
[002570000] ECUA CAN   TX id=0x101 dlc=2 data=b9 05
[002570000] ECUA CANIF TX pdu=0
[002570000] ECUA OS    TASK_END Task_BswMain
[002570000] ECUA OS    TASK_START Task_Swc10ms prio=2
[002570000] ECUA RTE   CALL R_WheelSpeed_GetWheelSpeed
[002570000] ECUA RTE   WRITE P_VehicleSpeed_VehicleSpeed=1465
[002570000] ECUA OS    TASK_END Task_Swc10ms
[002580000] ECUA OS    ALARM Alarm_BswMain
[002580000] ECUA OS    ALARM Alarm_Swc10ms
[002580000] ECUA OS    TASK_START Task_BswMain prio=3
[002580000] ECUA OS    TASK_END Task_BswMain
[002580000] ECUA OS    TASK_START Task_Swc10ms prio=2
[002580000] ECUA RTE   CALL R_WheelSpeed_GetWheelSpeed
[002580000] ECUA RTE   WRITE P_VehicleSpeed_VehicleSpeed=1465
[002580000] ECUA OS    TASK_END Task_Swc10ms
[002590000] ECUA OS    ALARM Alarm_BswMain
[002590000] ECUA OS    ALARM Alarm_Swc10ms
[002590000] ECUA OS    TASK_START Task_BswMain prio=3
[002590000] ECUA COM   TX ipdu=0 len=2
[002590000] ECUA PDUR  TX com=0 canif=0
[002590000] ECUA CAN   TX id=0x101 dlc=2 data=b9 05
[002590000] ECUA CANIF TX pdu=0
[002590000] ECUA OS    TASK_END Task_BswMain
[002590000] ECUA OS    TASK_START Task_Swc10ms prio=2
[002590000] ECUA RTE   CALL R_WheelSpeed_GetWheelSpeed
[002590000] ECUA RTE   WRITE P_VehicleSpeed_VehicleSpeed=1465
[002590000] ECUA OS    TASK_END Task_Swc10ms
[002600000] ECUA OS    ALARM Alarm_BswMain
[002600000] ECUA OS    ALARM Alarm_Swc10ms
[002600000] ECUA OS    TASK_START Task_BswMain prio=3
[002600000] ECUA OS    TASK_END Task_BswMain
[002600000] ECUA OS    TASK_START Task_Swc10ms prio=2
[002600000] ECUA RTE   CALL R_WheelSpeed_GetWheelSpeed
[002600000] ECUA SWC   SpeedSensor raw=3000 speed=1465
[002600000] ECUA RTE   WRITE P_VehicleSpeed_VehicleSpeed=1465
[002600000] ECUA OS    TASK_END Task_Swc10ms
[002610000] ECUA OS    ALARM Alarm_BswMain
[002610000] ECUA OS    ALARM Alarm_Swc10ms
[002610000] ECUA OS    TASK_START Task_BswMain prio=3
[002610000] ECUA COM   TX ipdu=0 len=2
[002610000] ECUA PDUR  TX com=0 canif=0
[002610000] ECUA CAN   TX id=0x101 dlc=2 data=b9 05
[002610000] ECUA CANIF TX pdu=0
[002610000] ECUA OS    TASK_END Task_BswMain
[002610000] ECUA OS    TASK_START Task_Swc10ms prio=2
[002610000] ECUA RTE   CALL R_WheelSpeed_GetWheelSpeed
[002610000] ECUA RTE   WRITE P_VehicleSpeed_VehicleSpeed=1465
[002610000] ECUA OS    TASK_END Task_Swc10ms
[002620000] ECUA OS    ALARM Alarm_BswMain
[002620000] ECUA OS    ALARM Alarm_Swc10ms
[002620000] ECUA OS    TASK_START Task_BswMain prio=3
[002620000] ECUA OS    TASK_END Task_BswMain
[002620000] ECUA OS    TASK_START Task_Swc10ms prio=2
[002620000] ECUA RTE   CALL R_WheelSpeed_GetWheelSpeed
[002620000] ECUA RTE   WRITE P_VehicleSpeed_VehicleSpeed=1465
[002620000] ECUA OS    TASK_END Task_Swc10ms
[002630000] ECUA OS    ALARM Alarm_BswMain
[002630000] ECUA OS    ALARM Alarm_Swc10ms
[002630000] ECUA OS    TASK_START Task_BswMain prio=3
[002630000] ECUA COM   TX ipdu=0 len=2
[002630000] ECUA PDUR  TX com=0 canif=0
[002630000] ECUA CAN   TX id=0x101 dlc=2 data=b9 05
[002630000] ECUA CANIF TX pdu=0
[002630000] ECUA OS    TASK_END Task_BswMain
[002630000] ECUA OS    TASK_START Task_Swc10ms prio=2
[002630000] ECUA RTE   CALL R_WheelSpeed_GetWheelSpeed
[002630000] ECUA RTE   WRITE P_VehicleSpeed_VehicleSpeed=1465
[002630000] ECUA OS    TASK_END Task_Swc10ms
[002640000] ECUA OS    ALARM Alarm_BswMain
[002640000] ECUA OS    ALARM Alarm_Swc10ms
[002640000] ECUA OS    TASK_START Task_BswMain prio=3
[002640000] ECUA OS    TASK_END Task_BswMain
[002640000] ECUA OS    TASK_START Task_Swc10ms prio=2
[002640000] ECUA RTE   CALL R_WheelSpeed_GetWheelSpeed
[002640000] ECUA RTE   WRITE P_VehicleSpeed_VehicleSpeed=1465
[002640000] ECUA OS    TASK_END Task_Swc10ms
[002650000] ECUA OS    ALARM Alarm_BswMain
[002650000] ECUA OS    ALARM Alarm_Swc10ms
[002650000] ECUA OS    TASK_START Task_BswMain prio=3
[002650000] ECUA COM   TX ipdu=0 len=2
[002650000] ECUA PDUR  TX com=0 canif=0
[002650000] ECUA CAN   TX id=0x101 dlc=2 data=b9 05
[002650000] ECUA CANIF TX pdu=0
[002650000] ECUA OS    TASK_END Task_BswMain
[002650000] ECUA OS    TASK_START Task_Swc10ms prio=2
[002650000] ECUA RTE   CALL R_WheelSpeed_GetWheelSpeed
[002650000] ECUA RTE   WRITE P_VehicleSpeed_VehicleSpeed=1465
[002650000] ECUA OS    TASK_END Task_Swc10ms
[002660000] ECUA OS    ALARM Alarm_BswMain
[002660000] ECUA OS    ALARM Alarm_Swc10ms
[002660000] ECUA OS    TASK_START Task_BswMain prio=3
[002660000] ECUA OS    TASK_END Task_BswMain
[002660000] ECUA OS    TASK_START Task_Swc10ms prio=2
[002660000] ECUA RTE   CALL R_WheelSpeed_GetWheelSpeed
[002660000] ECUA RTE   WRITE P_VehicleSpeed_VehicleSpeed=1465
[002660000] ECUA OS    TASK_END Task_Swc10ms
[002670000] ECUA OS    ALARM Alarm_BswMain
[002670000] ECUA OS    ALARM Alarm_Swc10ms
[002670000] ECUA OS    TASK_START Task_BswMain prio=3
[002670000] ECUA COM   TX ipdu=0 len=2
[002670000] ECUA PDUR  TX com=0 canif=0
[002670000] ECUA CAN   TX id=0x101 dlc=2 data=b9 05
[002670000] ECUA CANIF TX pdu=0
[002670000] ECUA OS    TASK_END Task_BswMain
[002670000] ECUA OS    TASK_START Task_Swc10ms prio=2
[002670000] ECUA RTE   CALL R_WheelSpeed_GetWheelSpeed
[002670000] ECUA RTE   WRITE P_VehicleSpeed_VehicleSpeed=1465
[002670000] ECUA OS    TASK_END Task_Swc10ms
[002680000] ECUA OS    ALARM Alarm_BswMain
[002680000] ECUA OS    ALARM Alarm_Swc10ms
[002680000] ECUA OS    TASK_START Task_BswMain prio=3
[002680000] ECUA OS    TASK_END Task_BswMain
[002680000] ECUA OS    TASK_START Task_Swc10ms prio=2
[002680000] ECUA RTE   CALL R_WheelSpeed_GetWheelSpeed
[002680000] ECUA RTE   WRITE P_VehicleSpeed_VehicleSpeed=1465
[002680000] ECUA OS    TASK_END Task_Swc10ms
[002690000] ECUA OS    ALARM Alarm_BswMain
[002690000] ECUA OS    ALARM Alarm_Swc10ms
[002690000] ECUA OS    TASK_START Task_BswMain prio=3
[002690000] ECUA COM   TX ipdu=0 len=2
[002690000] ECUA PDUR  TX com=0 canif=0
[002690000] ECUA CAN   TX id=0x101 dlc=2 data=b9 05
[002690000] ECUA CANIF TX pdu=0
[002690000] ECUA OS    TASK_END Task_BswMain
[002690000] ECUA OS    TASK_START Task_Swc10ms prio=2
[002690000] ECUA RTE   CALL R_WheelSpeed_GetWheelSpeed
[002690000] ECUA RTE   WRITE P_VehicleSpeed_VehicleSpeed=1465
[002690000] ECUA OS    TASK_END Task_Swc10ms
[002700000] ECUA OS    ALARM Alarm_BswMain
[002700000] ECUA OS    ALARM Alarm_Swc10ms
[002700000] ECUA OS    TASK_START Task_BswMain prio=3
[002700000] ECUA OS    TASK_END Task_BswMain
[002700000] ECUA OS    TASK_START Task_Swc10ms prio=2
[002700000] ECUA RTE   CALL R_WheelSpeed_GetWheelSpeed
[002700000] ECUA SWC   SpeedSensor raw=3000 speed=1465
[002700000] ECUA RTE   WRITE P_VehicleSpeed_VehicleSpeed=1465
[002700000] ECUA OS    TASK_END Task_Swc10ms
[002710000] ECUA OS    ALARM Alarm_BswMain
[002710000] ECUA OS    ALARM Alarm_Swc10ms
[002710000] ECUA OS    TASK_START Task_BswMain prio=3
[002710000] ECUA COM   TX ipdu=0 len=2
[002710000] ECUA PDUR  TX com=0 canif=0
[002710000] ECUA CAN   TX id=0x101 dlc=2 data=b9 05
[002710000] ECUA CANIF TX pdu=0
[002710000] ECUA OS    TASK_END Task_BswMain
[002710000] ECUA OS    TASK_START Task_Swc10ms prio=2
[002710000] ECUA RTE   CALL R_WheelSpeed_GetWheelSpeed
[002710000] ECUA RTE   WRITE P_VehicleSpeed_VehicleSpeed=1465
[002710000] ECUA OS    TASK_END Task_Swc10ms
[002720000] ECUA OS    ALARM Alarm_BswMain
[002720000] ECUA OS    ALARM Alarm_Swc10ms
[002720000] ECUA OS    TASK_START Task_BswMain prio=3
[002720000] ECUA OS    TASK_END Task_BswMain
[002720000] ECUA OS    TASK_START Task_Swc10ms prio=2
[002720000] ECUA RTE   CALL R_WheelSpeed_GetWheelSpeed
[002720000] ECUA RTE   WRITE P_VehicleSpeed_VehicleSpeed=1465
[002720000] ECUA OS    TASK_END Task_Swc10ms
[002730000] ECUA OS    ALARM Alarm_BswMain
[002730000] ECUA OS    ALARM Alarm_Swc10ms
[002730000] ECUA OS    TASK_START Task_BswMain prio=3
[002730000] ECUA COM   TX ipdu=0 len=2
[002730000] ECUA PDUR  TX com=0 canif=0
[002730000] ECUA CAN   TX id=0x101 dlc=2 data=b9 05
[002730000] ECUA CANIF TX pdu=0
[002730000] ECUA OS    TASK_END Task_BswMain
[002730000] ECUA OS    TASK_START Task_Swc10ms prio=2
[002730000] ECUA RTE   CALL R_WheelSpeed_GetWheelSpeed
[002730000] ECUA RTE   WRITE P_VehicleSpeed_VehicleSpeed=1465
[002730000] ECUA OS    TASK_END Task_Swc10ms
[002740000] ECUA OS    ALARM Alarm_BswMain
[002740000] ECUA OS    ALARM Alarm_Swc10ms
[002740000] ECUA OS    TASK_START Task_BswMain prio=3
[002740000] ECUA OS    TASK_END Task_BswMain
[002740000] ECUA OS    TASK_START Task_Swc10ms prio=2
[002740000] ECUA RTE   CALL R_WheelSpeed_GetWheelSpeed
[002740000] ECUA RTE   WRITE P_VehicleSpeed_VehicleSpeed=1465
[002740000] ECUA OS    TASK_END Task_Swc10ms
[002750000] ECUA OS    ALARM Alarm_BswMain
[002750000] ECUA OS    ALARM Alarm_Swc10ms
[002750000] ECUA OS    TASK_START Task_BswMain prio=3
[002750000] ECUA COM   TX ipdu=0 len=2
[002750000] ECUA PDUR  TX com=0 canif=0
[002750000] ECUA CAN   TX id=0x101 dlc=2 data=b9 05
[002750000] ECUA CANIF TX pdu=0
[002750000] ECUA OS    TASK_END Task_BswMain
[002750000] ECUA OS    TASK_START Task_Swc10ms prio=2
[002750000] ECUA RTE   CALL R_WheelSpeed_GetWheelSpeed
[002750000] ECUA RTE   WRITE P_VehicleSpeed_VehicleSpeed=1465
[002750000] ECUA OS    TASK_END Task_Swc10ms
[002760000] ECUA OS    ALARM Alarm_BswMain
[002760000] ECUA OS    ALARM Alarm_Swc10ms
[002760000] ECUA OS    TASK_START Task_BswMain prio=3
[002760000] ECUA OS    TASK_END Task_BswMain
[002760000] ECUA OS    TASK_START Task_Swc10ms prio=2
[002760000] ECUA RTE   CALL R_WheelSpeed_GetWheelSpeed
[002760000] ECUA RTE   WRITE P_VehicleSpeed_VehicleSpeed=1465
[002760000] ECUA OS    TASK_END Task_Swc10ms
[002770000] ECUA OS    ALARM Alarm_BswMain
[002770000] ECUA OS    ALARM Alarm_Swc10ms
[002770000] ECUA OS    TASK_START Task_BswMain prio=3
[002770000] ECUA COM   TX ipdu=0 len=2
[002770000] ECUA PDUR  TX com=0 canif=0
[002770000] ECUA CAN   TX id=0x101 dlc=2 data=b9 05
[002770000] ECUA CANIF TX pdu=0
[002770000] ECUA OS    TASK_END Task_BswMain
[002770000] ECUA OS    TASK_START Task_Swc10ms prio=2
[002770000] ECUA RTE   CALL R_WheelSpeed_GetWheelSpeed
[002770000] ECUA RTE   WRITE P_VehicleSpeed_VehicleSpeed=1465
[002770000] ECUA OS    TASK_END Task_Swc10ms
[002780000] ECUA OS    ALARM Alarm_BswMain
[002780000] ECUA OS    ALARM Alarm_Swc10ms
[002780000] ECUA OS    TASK_START Task_BswMain prio=3
[002780000] ECUA OS    TASK_END Task_BswMain
[002780000] ECUA OS    TASK_START Task_Swc10ms prio=2
[002780000] ECUA RTE   CALL R_WheelSpeed_GetWheelSpeed
[002780000] ECUA RTE   WRITE P_VehicleSpeed_VehicleSpeed=1465
[002780000] ECUA OS    TASK_END Task_Swc10ms
[002790000] ECUA OS    ALARM Alarm_BswMain
[002790000] ECUA OS    ALARM Alarm_Swc10ms
[002790000] ECUA OS    TASK_START Task_BswMain prio=3
[002790000] ECUA COM   TX ipdu=0 len=2
[002790000] ECUA PDUR  TX com=0 canif=0
[002790000] ECUA CAN   TX id=0x101 dlc=2 data=b9 05
[002790000] ECUA CANIF TX pdu=0
[002790000] ECUA OS    TASK_END Task_BswMain
[002790000] ECUA OS    TASK_START Task_Swc10ms prio=2
[002790000] ECUA RTE   CALL R_WheelSpeed_GetWheelSpeed
[002790000] ECUA RTE   WRITE P_VehicleSpeed_VehicleSpeed=1465
[002790000] ECUA OS    TASK_END Task_Swc10ms
[002800000] ECUA OS    ALARM Alarm_BswMain
[002800000] ECUA OS    ALARM Alarm_Swc10ms
[002800000] ECUA OS    TASK_START Task_BswMain prio=3
[002800000] ECUA OS    TASK_END Task_BswMain
[002800000] ECUA OS    TASK_START Task_Swc10ms prio=2
[002800000] ECUA RTE   CALL R_WheelSpeed_GetWheelSpeed
[002800000] ECUA SWC   SpeedSensor raw=3000 speed=1465
[002800000] ECUA RTE   WRITE P_VehicleSpeed_VehicleSpeed=1465
[002800000] ECUA OS    TASK_END Task_Swc10ms
[002810000] ECUA OS    ALARM Alarm_BswMain
[002810000] ECUA OS    ALARM Alarm_Swc10ms
[002810000] ECUA OS    TASK_START Task_BswMain prio=3
[002810000] ECUA COM   TX ipdu=0 len=2
[002810000] ECUA PDUR  TX com=0 canif=0
[002810000] ECUA CAN   TX id=0x101 dlc=2 data=b9 05
[002810000] ECUA CANIF TX pdu=0
[002810000] ECUA OS    TASK_END Task_BswMain
[002810000] ECUA OS    TASK_START Task_Swc10ms prio=2
[002810000] ECUA RTE   CALL R_WheelSpeed_GetWheelSpeed
[002810000] ECUA RTE   WRITE P_VehicleSpeed_VehicleSpeed=1465
[002810000] ECUA OS    TASK_END Task_Swc10ms
[002820000] ECUA OS    ALARM Alarm_BswMain
[002820000] ECUA OS    ALARM Alarm_Swc10ms
[002820000] ECUA OS    TASK_START Task_BswMain prio=3
[002820000] ECUA OS    TASK_END Task_BswMain
[002820000] ECUA OS    TASK_START Task_Swc10ms prio=2
[002820000] ECUA RTE   CALL R_WheelSpeed_GetWheelSpeed
[002820000] ECUA RTE   WRITE P_VehicleSpeed_VehicleSpeed=1465
[002820000] ECUA OS    TASK_END Task_Swc10ms
[002830000] ECUA OS    ALARM Alarm_BswMain
[002830000] ECUA OS    ALARM Alarm_Swc10ms
[002830000] ECUA OS    TASK_START Task_BswMain prio=3
[002830000] ECUA COM   TX ipdu=0 len=2
[002830000] ECUA PDUR  TX com=0 canif=0
[002830000] ECUA CAN   TX id=0x101 dlc=2 data=b9 05
[002830000] ECUA CANIF TX pdu=0
[002830000] ECUA OS    TASK_END Task_BswMain
[002830000] ECUA OS    TASK_START Task_Swc10ms prio=2
[002830000] ECUA RTE   CALL R_WheelSpeed_GetWheelSpeed
[002830000] ECUA RTE   WRITE P_VehicleSpeed_VehicleSpeed=1465
[002830000] ECUA OS    TASK_END Task_Swc10ms
[002840000] ECUA OS    ALARM Alarm_BswMain
[002840000] ECUA OS    ALARM Alarm_Swc10ms
[002840000] ECUA OS    TASK_START Task_BswMain prio=3
[002840000] ECUA OS    TASK_END Task_BswMain
[002840000] ECUA OS    TASK_START Task_Swc10ms prio=2
[002840000] ECUA RTE   CALL R_WheelSpeed_GetWheelSpeed
[002840000] ECUA RTE   WRITE P_VehicleSpeed_VehicleSpeed=1465
[002840000] ECUA OS    TASK_END Task_Swc10ms
[002850000] ECUA OS    ALARM Alarm_BswMain
[002850000] ECUA OS    ALARM Alarm_Swc10ms
[002850000] ECUA OS    TASK_START Task_BswMain prio=3
[002850000] ECUA COM   TX ipdu=0 len=2
[002850000] ECUA PDUR  TX com=0 canif=0
[002850000] ECUA CAN   TX id=0x101 dlc=2 data=b9 05
[002850000] ECUA CANIF TX pdu=0
[002850000] ECUA OS    TASK_END Task_BswMain
[002850000] ECUA OS    TASK_START Task_Swc10ms prio=2
[002850000] ECUA RTE   CALL R_WheelSpeed_GetWheelSpeed
[002850000] ECUA RTE   WRITE P_VehicleSpeed_VehicleSpeed=1465
[002850000] ECUA OS    TASK_END Task_Swc10ms
[002860000] ECUA OS    ALARM Alarm_BswMain
[002860000] ECUA OS    ALARM Alarm_Swc10ms
[002860000] ECUA OS    TASK_START Task_BswMain prio=3
[002860000] ECUA OS    TASK_END Task_BswMain
[002860000] ECUA OS    TASK_START Task_Swc10ms prio=2
[002860000] ECUA RTE   CALL R_WheelSpeed_GetWheelSpeed
[002860000] ECUA RTE   WRITE P_VehicleSpeed_VehicleSpeed=1465
[002860000] ECUA OS    TASK_END Task_Swc10ms
[002870000] ECUA OS    ALARM Alarm_BswMain
[002870000] ECUA OS    ALARM Alarm_Swc10ms
[002870000] ECUA OS    TASK_START Task_BswMain prio=3
[002870000] ECUA COM   TX ipdu=0 len=2
[002870000] ECUA PDUR  TX com=0 canif=0
[002870000] ECUA CAN   TX id=0x101 dlc=2 data=b9 05
[002870000] ECUA CANIF TX pdu=0
[002870000] ECUA OS    TASK_END Task_BswMain
[002870000] ECUA OS    TASK_START Task_Swc10ms prio=2
[002870000] ECUA RTE   CALL R_WheelSpeed_GetWheelSpeed
[002870000] ECUA RTE   WRITE P_VehicleSpeed_VehicleSpeed=1465
[002870000] ECUA OS    TASK_END Task_Swc10ms
[002880000] ECUA OS    ALARM Alarm_BswMain
[002880000] ECUA OS    ALARM Alarm_Swc10ms
[002880000] ECUA OS    TASK_START Task_BswMain prio=3
[002880000] ECUA OS    TASK_END Task_BswMain
[002880000] ECUA OS    TASK_START Task_Swc10ms prio=2
[002880000] ECUA RTE   CALL R_WheelSpeed_GetWheelSpeed
[002880000] ECUA RTE   WRITE P_VehicleSpeed_VehicleSpeed=1465
[002880000] ECUA OS    TASK_END Task_Swc10ms
[002890000] ECUA OS    ALARM Alarm_BswMain
[002890000] ECUA OS    ALARM Alarm_Swc10ms
[002890000] ECUA OS    TASK_START Task_BswMain prio=3
[002890000] ECUA COM   TX ipdu=0 len=2
[002890000] ECUA PDUR  TX com=0 canif=0
[002890000] ECUA CAN   TX id=0x101 dlc=2 data=b9 05
[002890000] ECUA CANIF TX pdu=0
[002890000] ECUA OS    TASK_END Task_BswMain
[002890000] ECUA OS    TASK_START Task_Swc10ms prio=2
[002890000] ECUA RTE   CALL R_WheelSpeed_GetWheelSpeed
[002890000] ECUA RTE   WRITE P_VehicleSpeed_VehicleSpeed=1465
[002890000] ECUA OS    TASK_END Task_Swc10ms
[002900000] ECUA OS    ALARM Alarm_BswMain
[002900000] ECUA OS    ALARM Alarm_Swc10ms
[002900000] ECUA OS    TASK_START Task_BswMain prio=3
[002900000] ECUA OS    TASK_END Task_BswMain
[002900000] ECUA OS    TASK_START Task_Swc10ms prio=2
[002900000] ECUA RTE   CALL R_WheelSpeed_GetWheelSpeed
[002900000] ECUA SWC   SpeedSensor raw=3000 speed=1465
[002900000] ECUA RTE   WRITE P_VehicleSpeed_VehicleSpeed=1465
[002900000] ECUA OS    TASK_END Task_Swc10ms
[002910000] ECUA OS    ALARM Alarm_BswMain
[002910000] ECUA OS    ALARM Alarm_Swc10ms
[002910000] ECUA OS    TASK_START Task_BswMain prio=3
[002910000] ECUA COM   TX ipdu=0 len=2
[002910000] ECUA PDUR  TX com=0 canif=0
[002910000] ECUA CAN   TX id=0x101 dlc=2 data=b9 05
[002910000] ECUA CANIF TX pdu=0
[002910000] ECUA OS    TASK_END Task_BswMain
[002910000] ECUA OS    TASK_START Task_Swc10ms prio=2
[002910000] ECUA RTE   CALL R_WheelSpeed_GetWheelSpeed
[002910000] ECUA RTE   WRITE P_VehicleSpeed_VehicleSpeed=1465
[002910000] ECUA OS    TASK_END Task_Swc10ms
[002920000] ECUA OS    ALARM Alarm_BswMain
[002920000] ECUA OS    ALARM Alarm_Swc10ms
[002920000] ECUA OS    TASK_START Task_BswMain prio=3
[002920000] ECUA OS    TASK_END Task_BswMain
[002920000] ECUA OS    TASK_START Task_Swc10ms prio=2
[002920000] ECUA RTE   CALL R_WheelSpeed_GetWheelSpeed
[002920000] ECUA RTE   WRITE P_VehicleSpeed_VehicleSpeed=1465
[002920000] ECUA OS    TASK_END Task_Swc10ms
[002930000] ECUA OS    ALARM Alarm_BswMain
[002930000] ECUA OS    ALARM Alarm_Swc10ms
[002930000] ECUA OS    TASK_START Task_BswMain prio=3
[002930000] ECUA COM   TX ipdu=0 len=2
[002930000] ECUA PDUR  TX com=0 canif=0
[002930000] ECUA CAN   TX id=0x101 dlc=2 data=b9 05
[002930000] ECUA CANIF TX pdu=0
[002930000] ECUA OS    TASK_END Task_BswMain
[002930000] ECUA OS    TASK_START Task_Swc10ms prio=2
[002930000] ECUA RTE   CALL R_WheelSpeed_GetWheelSpeed
[002930000] ECUA RTE   WRITE P_VehicleSpeed_VehicleSpeed=1465
[002930000] ECUA OS    TASK_END Task_Swc10ms
[002940000] ECUA OS    ALARM Alarm_BswMain
[002940000] ECUA OS    ALARM Alarm_Swc10ms
[002940000] ECUA OS    TASK_START Task_BswMain prio=3
[002940000] ECUA OS    TASK_END Task_BswMain
[002940000] ECUA OS    TASK_START Task_Swc10ms prio=2
[002940000] ECUA RTE   CALL R_WheelSpeed_GetWheelSpeed
[002940000] ECUA RTE   WRITE P_VehicleSpeed_VehicleSpeed=1465
[002940000] ECUA OS    TASK_END Task_Swc10ms
[002950000] ECUA OS    ALARM Alarm_BswMain
[002950000] ECUA OS    ALARM Alarm_Swc10ms
[002950000] ECUA OS    TASK_START Task_BswMain prio=3
[002950000] ECUA COM   TX ipdu=0 len=2
[002950000] ECUA PDUR  TX com=0 canif=0
[002950000] ECUA CAN   TX id=0x101 dlc=2 data=b9 05
[002950000] ECUA CANIF TX pdu=0
[002950000] ECUA OS    TASK_END Task_BswMain
[002950000] ECUA OS    TASK_START Task_Swc10ms prio=2
[002950000] ECUA RTE   CALL R_WheelSpeed_GetWheelSpeed
[002950000] ECUA RTE   WRITE P_VehicleSpeed_VehicleSpeed=1465
[002950000] ECUA OS    TASK_END Task_Swc10ms
[002960000] ECUA OS    ALARM Alarm_BswMain
[002960000] ECUA OS    ALARM Alarm_Swc10ms
[002960000] ECUA OS    TASK_START Task_BswMain prio=3
[002960000] ECUA OS    TASK_END Task_BswMain
[002960000] ECUA OS    TASK_START Task_Swc10ms prio=2
[002960000] ECUA RTE   CALL R_WheelSpeed_GetWheelSpeed
[002960000] ECUA RTE   WRITE P_VehicleSpeed_VehicleSpeed=1465
[002960000] ECUA OS    TASK_END Task_Swc10ms
[002970000] ECUA OS    ALARM Alarm_BswMain
[002970000] ECUA OS    ALARM Alarm_Swc10ms
[002970000] ECUA OS    TASK_START Task_BswMain prio=3
[002970000] ECUA COM   TX ipdu=0 len=2
[002970000] ECUA PDUR  TX com=0 canif=0
[002970000] ECUA CAN   TX id=0x101 dlc=2 data=b9 05
[002970000] ECUA CANIF TX pdu=0
[002970000] ECUA OS    TASK_END Task_BswMain
[002970000] ECUA OS    TASK_START Task_Swc10ms prio=2
[002970000] ECUA RTE   CALL R_WheelSpeed_GetWheelSpeed
[002970000] ECUA RTE   WRITE P_VehicleSpeed_VehicleSpeed=1465
[002970000] ECUA OS    TASK_END Task_Swc10ms
[002980000] ECUA OS    ALARM Alarm_BswMain
[002980000] ECUA OS    ALARM Alarm_Swc10ms
[002980000] ECUA OS    TASK_START Task_BswMain prio=3
[002980000] ECUA OS    TASK_END Task_BswMain
[002980000] ECUA OS    TASK_START Task_Swc10ms prio=2
[002980000] ECUA RTE   CALL R_WheelSpeed_GetWheelSpeed
[002980000] ECUA RTE   WRITE P_VehicleSpeed_VehicleSpeed=1465
[002980000] ECUA OS    TASK_END Task_Swc10ms
[002990000] ECUA OS    ALARM Alarm_BswMain
[002990000] ECUA OS    ALARM Alarm_Swc10ms
[002990000] ECUA OS    TASK_START Task_BswMain prio=3
[002990000] ECUA COM   TX ipdu=0 len=2
[002990000] ECUA PDUR  TX com=0 canif=0
[002990000] ECUA CAN   TX id=0x101 dlc=2 data=b9 05
[002990000] ECUA CANIF TX pdu=0
[002990000] ECUA OS    TASK_END Task_BswMain
[002990000] ECUA OS    TASK_START Task_Swc10ms prio=2
[002990000] ECUA RTE   CALL R_WheelSpeed_GetWheelSpeed
[002990000] ECUA RTE   WRITE P_VehicleSpeed_VehicleSpeed=1465
[002990000] ECUA OS    TASK_END Task_Swc10ms
[003000000] ECUA OS    ALARM Alarm_BswMain
[003000000] ECUA OS    ALARM Alarm_Swc10ms
[003000000] ECUA OS    TASK_START Task_BswMain prio=3
[003000000] ECUA OS    TASK_END Task_BswMain
[003000000] ECUA OS    TASK_START Task_Swc10ms prio=2
[003000000] ECUA RTE   CALL R_WheelSpeed_GetWheelSpeed
[003000000] ECUA SWC   SpeedSensor raw=3000 speed=1465
[003000000] ECUA RTE   WRITE P_VehicleSpeed_VehicleSpeed=1465
[003000000] ECUA OS    TASK_END Task_Swc10ms
[003010000] ECUA OS    ALARM Alarm_BswMain
[003010000] ECUA OS    ALARM Alarm_Swc10ms
[003010000] ECUA OS    TASK_START Task_BswMain prio=3
[003010000] ECUA COM   TX ipdu=0 len=2
[003010000] ECUA PDUR  TX com=0 canif=0
[003010000] ECUA CAN   TX id=0x101 dlc=2 data=b9 05
[003010000] ECUA CANIF TX pdu=0
[003010000] ECUA OS    TASK_END Task_BswMain
[003010000] ECUA OS    TASK_START Task_Swc10ms prio=2
[003010000] ECUA RTE   CALL R_WheelSpeed_GetWheelSpeed
[003010000] ECUA BSW   IOHWAB ADC raw=3000
[003010000] ECUA RTE   WRITE P_VehicleSpeed_VehicleSpeed=1465
[003010000] ECUA OS    TASK_END Task_Swc10ms
[003020000] ECUA OS    ALARM Alarm_BswMain
[003020000] ECUA OS    ALARM Alarm_Swc10ms
[003020000] ECUA OS    TASK_START Task_BswMain prio=3
[003020000] ECUA OS    TASK_END Task_BswMain
[003020000] ECUA OS    TASK_START Task_Swc10ms prio=2
[003020000] ECUA RTE   CALL R_WheelSpeed_GetWheelSpeed
[003020000] ECUA RTE   WRITE P_VehicleSpeed_VehicleSpeed=1465
[003020000] ECUA OS    TASK_END Task_Swc10ms
[003030000] ECUA OS    ALARM Alarm_BswMain
[003030000] ECUA OS    ALARM Alarm_Swc10ms
[003030000] ECUA OS    TASK_START Task_BswMain prio=3
[003030000] ECUA COM   TX ipdu=0 len=2
[003030000] ECUA PDUR  TX com=0 canif=0
[003030000] ECUA CAN   TX id=0x101 dlc=2 data=b9 05
[003030000] ECUA CANIF TX pdu=0
[003030000] ECUA OS    TASK_END Task_BswMain
[003030000] ECUA OS    TASK_START Task_Swc10ms prio=2
[003030000] ECUA RTE   CALL R_WheelSpeed_GetWheelSpeed
[003030000] ECUA RTE   WRITE P_VehicleSpeed_VehicleSpeed=1465
[003030000] ECUA OS    TASK_END Task_Swc10ms
[003040000] ECUA OS    ALARM Alarm_BswMain
[003040000] ECUA OS    ALARM Alarm_Swc10ms
[003040000] ECUA OS    TASK_START Task_BswMain prio=3
[003040000] ECUA OS    TASK_END Task_BswMain
[003040000] ECUA OS    TASK_START Task_Swc10ms prio=2
[003040000] ECUA RTE   CALL R_WheelSpeed_GetWheelSpeed
[003040000] ECUA RTE   WRITE P_VehicleSpeed_VehicleSpeed=1465
[003040000] ECUA OS    TASK_END Task_Swc10ms
[003050000] ECUA OS    ALARM Alarm_BswMain
[003050000] ECUA OS    ALARM Alarm_Swc10ms
[003050000] ECUA OS    TASK_START Task_BswMain prio=3
[003050000] ECUA COM   TX ipdu=0 len=2
[003050000] ECUA PDUR  TX com=0 canif=0
[003050000] ECUA CAN   TX id=0x101 dlc=2 data=b9 05
[003050000] ECUA CANIF TX pdu=0
[003050000] ECUA OS    TASK_END Task_BswMain
[003050000] ECUA OS    TASK_START Task_Swc10ms prio=2
[003050000] ECUA RTE   CALL R_WheelSpeed_GetWheelSpeed
[003050000] ECUA RTE   WRITE P_VehicleSpeed_VehicleSpeed=1465
[003050000] ECUA OS    TASK_END Task_Swc10ms
[003060000] ECUA OS    ALARM Alarm_BswMain
[003060000] ECUA OS    ALARM Alarm_Swc10ms
[003060000] ECUA OS    TASK_START Task_BswMain prio=3
[003060000] ECUA OS    TASK_END Task_BswMain
[003060000] ECUA OS    TASK_START Task_Swc10ms prio=2
[003060000] ECUA RTE   CALL R_WheelSpeed_GetWheelSpeed
[003060000] ECUA RTE   WRITE P_VehicleSpeed_VehicleSpeed=1465
[003060000] ECUA OS    TASK_END Task_Swc10ms
[003070000] ECUA OS    ALARM Alarm_BswMain
[003070000] ECUA OS    ALARM Alarm_Swc10ms
[003070000] ECUA OS    TASK_START Task_BswMain prio=3
[003070000] ECUA COM   TX ipdu=0 len=2
[003070000] ECUA PDUR  TX com=0 canif=0
[003070000] ECUA CAN   TX id=0x101 dlc=2 data=b9 05
[003070000] ECUA CANIF TX pdu=0
[003070000] ECUA OS    TASK_END Task_BswMain
[003070000] ECUA OS    TASK_START Task_Swc10ms prio=2
[003070000] ECUA RTE   CALL R_WheelSpeed_GetWheelSpeed
[003070000] ECUA RTE   WRITE P_VehicleSpeed_VehicleSpeed=1465
[003070000] ECUA OS    TASK_END Task_Swc10ms
[003080000] ECUA OS    ALARM Alarm_BswMain
[003080000] ECUA OS    ALARM Alarm_Swc10ms
[003080000] ECUA OS    TASK_START Task_BswMain prio=3
[003080000] ECUA OS    TASK_END Task_BswMain
[003080000] ECUA OS    TASK_START Task_Swc10ms prio=2
[003080000] ECUA RTE   CALL R_WheelSpeed_GetWheelSpeed
[003080000] ECUA RTE   WRITE P_VehicleSpeed_VehicleSpeed=1465
[003080000] ECUA OS    TASK_END Task_Swc10ms
[003090000] ECUA OS    ALARM Alarm_BswMain
[003090000] ECUA OS    ALARM Alarm_Swc10ms
[003090000] ECUA OS    TASK_START Task_BswMain prio=3
[003090000] ECUA COM   TX ipdu=0 len=2
[003090000] ECUA PDUR  TX com=0 canif=0
[003090000] ECUA CAN   TX id=0x101 dlc=2 data=b9 05
[003090000] ECUA CANIF TX pdu=0
[003090000] ECUA OS    TASK_END Task_BswMain
[003090000] ECUA OS    TASK_START Task_Swc10ms prio=2
[003090000] ECUA RTE   CALL R_WheelSpeed_GetWheelSpeed
[003090000] ECUA RTE   WRITE P_VehicleSpeed_VehicleSpeed=1465
[003090000] ECUA OS    TASK_END Task_Swc10ms
[003100000] ECUA OS    ALARM Alarm_BswMain
[003100000] ECUA OS    ALARM Alarm_Swc10ms
[003100000] ECUA OS    TASK_START Task_BswMain prio=3
[003100000] ECUA OS    TASK_END Task_BswMain
[003100000] ECUA OS    TASK_START Task_Swc10ms prio=2
[003100000] ECUA RTE   CALL R_WheelSpeed_GetWheelSpeed
[003100000] ECUA SWC   SpeedSensor raw=3000 speed=1465
[003100000] ECUA RTE   WRITE P_VehicleSpeed_VehicleSpeed=1465
[003100000] ECUA OS    TASK_END Task_Swc10ms
[003110000] ECUA OS    ALARM Alarm_BswMain
[003110000] ECUA OS    ALARM Alarm_Swc10ms
[003110000] ECUA OS    TASK_START Task_BswMain prio=3
[003110000] ECUA COM   TX ipdu=0 len=2
[003110000] ECUA PDUR  TX com=0 canif=0
[003110000] ECUA CAN   TX id=0x101 dlc=2 data=b9 05
[003110000] ECUA CANIF TX pdu=0
[003110000] ECUA OS    TASK_END Task_BswMain
[003110000] ECUA OS    TASK_START Task_Swc10ms prio=2
[003110000] ECUA RTE   CALL R_WheelSpeed_GetWheelSpeed
[003110000] ECUA RTE   WRITE P_VehicleSpeed_VehicleSpeed=1465
[003110000] ECUA OS    TASK_END Task_Swc10ms
[003120000] ECUA OS    ALARM Alarm_BswMain
[003120000] ECUA OS    ALARM Alarm_Swc10ms
[003120000] ECUA OS    TASK_START Task_BswMain prio=3
[003120000] ECUA OS    TASK_END Task_BswMain
[003120000] ECUA OS    TASK_START Task_Swc10ms prio=2
[003120000] ECUA RTE   CALL R_WheelSpeed_GetWheelSpeed
[003120000] ECUA RTE   WRITE P_VehicleSpeed_VehicleSpeed=1465
[003120000] ECUA OS    TASK_END Task_Swc10ms
[003130000] ECUA OS    ALARM Alarm_BswMain
[003130000] ECUA OS    ALARM Alarm_Swc10ms
[003130000] ECUA OS    TASK_START Task_BswMain prio=3
[003130000] ECUA COM   TX ipdu=0 len=2
[003130000] ECUA PDUR  TX com=0 canif=0
[003130000] ECUA CAN   TX id=0x101 dlc=2 data=b9 05
[003130000] ECUA CANIF TX pdu=0
[003130000] ECUA OS    TASK_END Task_BswMain
[003130000] ECUA OS    TASK_START Task_Swc10ms prio=2
[003130000] ECUA RTE   CALL R_WheelSpeed_GetWheelSpeed
[003130000] ECUA RTE   WRITE P_VehicleSpeed_VehicleSpeed=1465
[003130000] ECUA OS    TASK_END Task_Swc10ms
[003140000] ECUA OS    ALARM Alarm_BswMain
[003140000] ECUA OS    ALARM Alarm_Swc10ms
[003140000] ECUA OS    TASK_START Task_BswMain prio=3
[003140000] ECUA OS    TASK_END Task_BswMain
[003140000] ECUA OS    TASK_START Task_Swc10ms prio=2
[003140000] ECUA RTE   CALL R_WheelSpeed_GetWheelSpeed
[003140000] ECUA RTE   WRITE P_VehicleSpeed_VehicleSpeed=1465
[003140000] ECUA OS    TASK_END Task_Swc10ms
[003150000] ECUA OS    ALARM Alarm_BswMain
[003150000] ECUA OS    ALARM Alarm_Swc10ms
[003150000] ECUA OS    TASK_START Task_BswMain prio=3
[003150000] ECUA COM   TX ipdu=0 len=2
[003150000] ECUA PDUR  TX com=0 canif=0
[003150000] ECUA CAN   TX id=0x101 dlc=2 data=b9 05
[003150000] ECUA CANIF TX pdu=0
[003150000] ECUA OS    TASK_END Task_BswMain
[003150000] ECUA OS    TASK_START Task_Swc10ms prio=2
[003150000] ECUA RTE   CALL R_WheelSpeed_GetWheelSpeed
[003150000] ECUA RTE   WRITE P_VehicleSpeed_VehicleSpeed=1465
[003150000] ECUA OS    TASK_END Task_Swc10ms
[003160000] ECUA OS    ALARM Alarm_BswMain
[003160000] ECUA OS    ALARM Alarm_Swc10ms
[003160000] ECUA OS    TASK_START Task_BswMain prio=3
[003160000] ECUA OS    TASK_END Task_BswMain
[003160000] ECUA OS    TASK_START Task_Swc10ms prio=2
[003160000] ECUA RTE   CALL R_WheelSpeed_GetWheelSpeed
[003160000] ECUA RTE   WRITE P_VehicleSpeed_VehicleSpeed=1465
[003160000] ECUA OS    TASK_END Task_Swc10ms
[003170000] ECUA OS    ALARM Alarm_BswMain
[003170000] ECUA OS    ALARM Alarm_Swc10ms
[003170000] ECUA OS    TASK_START Task_BswMain prio=3
[003170000] ECUA COM   TX ipdu=0 len=2
[003170000] ECUA PDUR  TX com=0 canif=0
[003170000] ECUA CAN   TX id=0x101 dlc=2 data=b9 05
[003170000] ECUA CANIF TX pdu=0
[003170000] ECUA OS    TASK_END Task_BswMain
[003170000] ECUA OS    TASK_START Task_Swc10ms prio=2
[003170000] ECUA RTE   CALL R_WheelSpeed_GetWheelSpeed
[003170000] ECUA RTE   WRITE P_VehicleSpeed_VehicleSpeed=1465
[003170000] ECUA OS    TASK_END Task_Swc10ms
[003180000] ECUA OS    ALARM Alarm_BswMain
[003180000] ECUA OS    ALARM Alarm_Swc10ms
[003180000] ECUA OS    TASK_START Task_BswMain prio=3
[003180000] ECUA OS    TASK_END Task_BswMain
[003180000] ECUA OS    TASK_START Task_Swc10ms prio=2
[003180000] ECUA RTE   CALL R_WheelSpeed_GetWheelSpeed
[003180000] ECUA RTE   WRITE P_VehicleSpeed_VehicleSpeed=1465
[003180000] ECUA OS    TASK_END Task_Swc10ms
[003190000] ECUA OS    ALARM Alarm_BswMain
[003190000] ECUA OS    ALARM Alarm_Swc10ms
[003190000] ECUA OS    TASK_START Task_BswMain prio=3
[003190000] ECUA COM   TX ipdu=0 len=2
[003190000] ECUA PDUR  TX com=0 canif=0
[003190000] ECUA CAN   TX id=0x101 dlc=2 data=b9 05
[003190000] ECUA CANIF TX pdu=0
[003190000] ECUA OS    TASK_END Task_BswMain
[003190000] ECUA OS    TASK_START Task_Swc10ms prio=2
[003190000] ECUA RTE   CALL R_WheelSpeed_GetWheelSpeed
[003190000] ECUA RTE   WRITE P_VehicleSpeed_VehicleSpeed=1465
[003190000] ECUA OS    TASK_END Task_Swc10ms
[003200000] ECUA OS    ALARM Alarm_BswMain
[003200000] ECUA OS    ALARM Alarm_Swc10ms
[003200000] ECUA OS    TASK_START Task_BswMain prio=3
[003200000] ECUA OS    TASK_END Task_BswMain
[003200000] ECUA OS    TASK_START Task_Swc10ms prio=2
[003200000] ECUA RTE   CALL R_WheelSpeed_GetWheelSpeed
[003200000] ECUA SWC   SpeedSensor raw=3000 speed=1465
[003200000] ECUA RTE   WRITE P_VehicleSpeed_VehicleSpeed=1465
[003200000] ECUA OS    TASK_END Task_Swc10ms
[003210000] ECUA OS    ALARM Alarm_BswMain
[003210000] ECUA OS    ALARM Alarm_Swc10ms
[003210000] ECUA OS    TASK_START Task_BswMain prio=3
[003210000] ECUA COM   TX ipdu=0 len=2
[003210000] ECUA PDUR  TX com=0 canif=0
[003210000] ECUA CAN   TX id=0x101 dlc=2 data=b9 05
[003210000] ECUA CANIF TX pdu=0
[003210000] ECUA OS    TASK_END Task_BswMain
[003210000] ECUA OS    TASK_START Task_Swc10ms prio=2
[003210000] ECUA RTE   CALL R_WheelSpeed_GetWheelSpeed
[003210000] ECUA RTE   WRITE P_VehicleSpeed_VehicleSpeed=1465
[003210000] ECUA OS    TASK_END Task_Swc10ms
[003220000] ECUA OS    ALARM Alarm_BswMain
[003220000] ECUA OS    ALARM Alarm_Swc10ms
[003220000] ECUA OS    TASK_START Task_BswMain prio=3
[003220000] ECUA OS    TASK_END Task_BswMain
[003220000] ECUA OS    TASK_START Task_Swc10ms prio=2
[003220000] ECUA RTE   CALL R_WheelSpeed_GetWheelSpeed
[003220000] ECUA RTE   WRITE P_VehicleSpeed_VehicleSpeed=1465
[003220000] ECUA OS    TASK_END Task_Swc10ms
[003230000] ECUA OS    ALARM Alarm_BswMain
[003230000] ECUA OS    ALARM Alarm_Swc10ms
[003230000] ECUA OS    TASK_START Task_BswMain prio=3
[003230000] ECUA COM   TX ipdu=0 len=2
[003230000] ECUA PDUR  TX com=0 canif=0
[003230000] ECUA CAN   TX id=0x101 dlc=2 data=b9 05
[003230000] ECUA CANIF TX pdu=0
[003230000] ECUA OS    TASK_END Task_BswMain
[003230000] ECUA OS    TASK_START Task_Swc10ms prio=2
[003230000] ECUA RTE   CALL R_WheelSpeed_GetWheelSpeed
[003230000] ECUA RTE   WRITE P_VehicleSpeed_VehicleSpeed=1465
[003230000] ECUA OS    TASK_END Task_Swc10ms
[003240000] ECUA OS    ALARM Alarm_BswMain
[003240000] ECUA OS    ALARM Alarm_Swc10ms
[003240000] ECUA OS    TASK_START Task_BswMain prio=3
[003240000] ECUA OS    TASK_END Task_BswMain
[003240000] ECUA OS    TASK_START Task_Swc10ms prio=2
[003240000] ECUA RTE   CALL R_WheelSpeed_GetWheelSpeed
[003240000] ECUA RTE   WRITE P_VehicleSpeed_VehicleSpeed=1465
[003240000] ECUA OS    TASK_END Task_Swc10ms
[003250000] ECUA OS    ALARM Alarm_BswMain
[003250000] ECUA OS    ALARM Alarm_Swc10ms
[003250000] ECUA OS    TASK_START Task_BswMain prio=3
[003250000] ECUA COM   TX ipdu=0 len=2
[003250000] ECUA PDUR  TX com=0 canif=0
[003250000] ECUA CAN   TX id=0x101 dlc=2 data=b9 05
[003250000] ECUA CANIF TX pdu=0
[003250000] ECUA OS    TASK_END Task_BswMain
[003250000] ECUA OS    TASK_START Task_Swc10ms prio=2
[003250000] ECUA RTE   CALL R_WheelSpeed_GetWheelSpeed
[003250000] ECUA RTE   WRITE P_VehicleSpeed_VehicleSpeed=1465
[003250000] ECUA OS    TASK_END Task_Swc10ms
[003260000] ECUA OS    ALARM Alarm_BswMain
[003260000] ECUA OS    ALARM Alarm_Swc10ms
[003260000] ECUA OS    TASK_START Task_BswMain prio=3
[003260000] ECUA OS    TASK_END Task_BswMain
[003260000] ECUA OS    TASK_START Task_Swc10ms prio=2
[003260000] ECUA RTE   CALL R_WheelSpeed_GetWheelSpeed
[003260000] ECUA RTE   WRITE P_VehicleSpeed_VehicleSpeed=1465
[003260000] ECUA OS    TASK_END Task_Swc10ms
[003270000] ECUA OS    ALARM Alarm_BswMain
[003270000] ECUA OS    ALARM Alarm_Swc10ms
[003270000] ECUA OS    TASK_START Task_BswMain prio=3
[003270000] ECUA COM   TX ipdu=0 len=2
[003270000] ECUA PDUR  TX com=0 canif=0
[003270000] ECUA CAN   TX id=0x101 dlc=2 data=b9 05
[003270000] ECUA CANIF TX pdu=0
[003270000] ECUA OS    TASK_END Task_BswMain
[003270000] ECUA OS    TASK_START Task_Swc10ms prio=2
[003270000] ECUA RTE   CALL R_WheelSpeed_GetWheelSpeed
[003270000] ECUA RTE   WRITE P_VehicleSpeed_VehicleSpeed=1465
[003270000] ECUA OS    TASK_END Task_Swc10ms
[003280000] ECUA OS    ALARM Alarm_BswMain
[003280000] ECUA OS    ALARM Alarm_Swc10ms
[003280000] ECUA OS    TASK_START Task_BswMain prio=3
[003280000] ECUA OS    TASK_END Task_BswMain
[003280000] ECUA OS    TASK_START Task_Swc10ms prio=2
[003280000] ECUA RTE   CALL R_WheelSpeed_GetWheelSpeed
[003280000] ECUA RTE   WRITE P_VehicleSpeed_VehicleSpeed=1465
[003280000] ECUA OS    TASK_END Task_Swc10ms
[003290000] ECUA OS    ALARM Alarm_BswMain
[003290000] ECUA OS    ALARM Alarm_Swc10ms
[003290000] ECUA OS    TASK_START Task_BswMain prio=3
[003290000] ECUA COM   TX ipdu=0 len=2
[003290000] ECUA PDUR  TX com=0 canif=0
[003290000] ECUA CAN   TX id=0x101 dlc=2 data=b9 05
[003290000] ECUA CANIF TX pdu=0
[003290000] ECUA OS    TASK_END Task_BswMain
[003290000] ECUA OS    TASK_START Task_Swc10ms prio=2
[003290000] ECUA RTE   CALL R_WheelSpeed_GetWheelSpeed
[003290000] ECUA RTE   WRITE P_VehicleSpeed_VehicleSpeed=1465
[003290000] ECUA OS    TASK_END Task_Swc10ms
[003300000] ECUA OS    ALARM Alarm_BswMain
[003300000] ECUA OS    ALARM Alarm_Swc10ms
[003300000] ECUA OS    TASK_START Task_BswMain prio=3
[003300000] ECUA OS    TASK_END Task_BswMain
[003300000] ECUA OS    TASK_START Task_Swc10ms prio=2
[003300000] ECUA RTE   CALL R_WheelSpeed_GetWheelSpeed
[003300000] ECUA SWC   SpeedSensor raw=3000 speed=1465
[003300000] ECUA RTE   WRITE P_VehicleSpeed_VehicleSpeed=1465
[003300000] ECUA OS    TASK_END Task_Swc10ms
[003310000] ECUA OS    ALARM Alarm_BswMain
[003310000] ECUA OS    ALARM Alarm_Swc10ms
[003310000] ECUA OS    TASK_START Task_BswMain prio=3
[003310000] ECUA COM   TX ipdu=0 len=2
[003310000] ECUA PDUR  TX com=0 canif=0
[003310000] ECUA CAN   TX id=0x101 dlc=2 data=b9 05
[003310000] ECUA CANIF TX pdu=0
[003310000] ECUA OS    TASK_END Task_BswMain
[003310000] ECUA OS    TASK_START Task_Swc10ms prio=2
[003310000] ECUA RTE   CALL R_WheelSpeed_GetWheelSpeed
[003310000] ECUA RTE   WRITE P_VehicleSpeed_VehicleSpeed=1465
[003310000] ECUA OS    TASK_END Task_Swc10ms
[003320000] ECUA OS    ALARM Alarm_BswMain
[003320000] ECUA OS    ALARM Alarm_Swc10ms
[003320000] ECUA OS    TASK_START Task_BswMain prio=3
[003320000] ECUA OS    TASK_END Task_BswMain
[003320000] ECUA OS    TASK_START Task_Swc10ms prio=2
[003320000] ECUA RTE   CALL R_WheelSpeed_GetWheelSpeed
[003320000] ECUA RTE   WRITE P_VehicleSpeed_VehicleSpeed=1465
[003320000] ECUA OS    TASK_END Task_Swc10ms
[003330000] ECUA OS    ALARM Alarm_BswMain
[003330000] ECUA OS    ALARM Alarm_Swc10ms
[003330000] ECUA OS    TASK_START Task_BswMain prio=3
[003330000] ECUA COM   TX ipdu=0 len=2
[003330000] ECUA PDUR  TX com=0 canif=0
[003330000] ECUA CAN   TX id=0x101 dlc=2 data=b9 05
[003330000] ECUA CANIF TX pdu=0
[003330000] ECUA OS    TASK_END Task_BswMain
[003330000] ECUA OS    TASK_START Task_Swc10ms prio=2
[003330000] ECUA RTE   CALL R_WheelSpeed_GetWheelSpeed
[003330000] ECUA RTE   WRITE P_VehicleSpeed_VehicleSpeed=1465
[003330000] ECUA OS    TASK_END Task_Swc10ms
[003340000] ECUA OS    ALARM Alarm_BswMain
[003340000] ECUA OS    ALARM Alarm_Swc10ms
[003340000] ECUA OS    TASK_START Task_BswMain prio=3
[003340000] ECUA OS    TASK_END Task_BswMain
[003340000] ECUA OS    TASK_START Task_Swc10ms prio=2
[003340000] ECUA RTE   CALL R_WheelSpeed_GetWheelSpeed
[003340000] ECUA RTE   WRITE P_VehicleSpeed_VehicleSpeed=1465
[003340000] ECUA OS    TASK_END Task_Swc10ms
[003350000] ECUA OS    ALARM Alarm_BswMain
[003350000] ECUA OS    ALARM Alarm_Swc10ms
[003350000] ECUA OS    TASK_START Task_BswMain prio=3
[003350000] ECUA COM   TX ipdu=0 len=2
[003350000] ECUA PDUR  TX com=0 canif=0
[003350000] ECUA CAN   TX id=0x101 dlc=2 data=b9 05
[003350000] ECUA CANIF TX pdu=0
[003350000] ECUA OS    TASK_END Task_BswMain
[003350000] ECUA OS    TASK_START Task_Swc10ms prio=2
[003350000] ECUA RTE   CALL R_WheelSpeed_GetWheelSpeed
[003350000] ECUA RTE   WRITE P_VehicleSpeed_VehicleSpeed=1465
[003350000] ECUA OS    TASK_END Task_Swc10ms
[003360000] ECUA OS    ALARM Alarm_BswMain
[003360000] ECUA OS    ALARM Alarm_Swc10ms
[003360000] ECUA OS    TASK_START Task_BswMain prio=3
[003360000] ECUA OS    TASK_END Task_BswMain
[003360000] ECUA OS    TASK_START Task_Swc10ms prio=2
[003360000] ECUA RTE   CALL R_WheelSpeed_GetWheelSpeed
[003360000] ECUA RTE   WRITE P_VehicleSpeed_VehicleSpeed=1465
[003360000] ECUA OS    TASK_END Task_Swc10ms
[003370000] ECUA OS    ALARM Alarm_BswMain
[003370000] ECUA OS    ALARM Alarm_Swc10ms
[003370000] ECUA OS    TASK_START Task_BswMain prio=3
[003370000] ECUA COM   TX ipdu=0 len=2
[003370000] ECUA PDUR  TX com=0 canif=0
[003370000] ECUA CAN   TX id=0x101 dlc=2 data=b9 05
[003370000] ECUA CANIF TX pdu=0
[003370000] ECUA OS    TASK_END Task_BswMain
[003370000] ECUA OS    TASK_START Task_Swc10ms prio=2
[003370000] ECUA RTE   CALL R_WheelSpeed_GetWheelSpeed
[003370000] ECUA RTE   WRITE P_VehicleSpeed_VehicleSpeed=1465
[003370000] ECUA OS    TASK_END Task_Swc10ms
[003380000] ECUA OS    ALARM Alarm_BswMain
[003380000] ECUA OS    ALARM Alarm_Swc10ms
[003380000] ECUA OS    TASK_START Task_BswMain prio=3
[003380000] ECUA OS    TASK_END Task_BswMain
[003380000] ECUA OS    TASK_START Task_Swc10ms prio=2
[003380000] ECUA RTE   CALL R_WheelSpeed_GetWheelSpeed
[003380000] ECUA RTE   WRITE P_VehicleSpeed_VehicleSpeed=1465
[003380000] ECUA OS    TASK_END Task_Swc10ms
[003390000] ECUA OS    ALARM Alarm_BswMain
[003390000] ECUA OS    ALARM Alarm_Swc10ms
[003390000] ECUA OS    TASK_START Task_BswMain prio=3
[003390000] ECUA COM   TX ipdu=0 len=2
[003390000] ECUA PDUR  TX com=0 canif=0
[003390000] ECUA CAN   TX id=0x101 dlc=2 data=b9 05
[003390000] ECUA CANIF TX pdu=0
[003390000] ECUA OS    TASK_END Task_BswMain
[003390000] ECUA OS    TASK_START Task_Swc10ms prio=2
[003390000] ECUA RTE   CALL R_WheelSpeed_GetWheelSpeed
[003390000] ECUA RTE   WRITE P_VehicleSpeed_VehicleSpeed=1465
[003390000] ECUA OS    TASK_END Task_Swc10ms
[003400000] ECUA OS    ALARM Alarm_BswMain
[003400000] ECUA OS    ALARM Alarm_Swc10ms
[003400000] ECUA OS    TASK_START Task_BswMain prio=3
[003400000] ECUA OS    TASK_END Task_BswMain
[003400000] ECUA OS    TASK_START Task_Swc10ms prio=2
[003400000] ECUA RTE   CALL R_WheelSpeed_GetWheelSpeed
[003400000] ECUA SWC   SpeedSensor raw=3000 speed=1465
[003400000] ECUA RTE   WRITE P_VehicleSpeed_VehicleSpeed=1465
[003400000] ECUA OS    TASK_END Task_Swc10ms
[003410000] ECUA OS    ALARM Alarm_BswMain
[003410000] ECUA OS    ALARM Alarm_Swc10ms
[003410000] ECUA OS    TASK_START Task_BswMain prio=3
[003410000] ECUA COM   TX ipdu=0 len=2
[003410000] ECUA PDUR  TX com=0 canif=0
[003410000] ECUA CAN   TX id=0x101 dlc=2 data=b9 05
[003410000] ECUA CANIF TX pdu=0
[003410000] ECUA OS    TASK_END Task_BswMain
[003410000] ECUA OS    TASK_START Task_Swc10ms prio=2
[003410000] ECUA RTE   CALL R_WheelSpeed_GetWheelSpeed
[003410000] ECUA RTE   WRITE P_VehicleSpeed_VehicleSpeed=1465
[003410000] ECUA OS    TASK_END Task_Swc10ms
[003420000] ECUA OS    ALARM Alarm_BswMain
[003420000] ECUA OS    ALARM Alarm_Swc10ms
[003420000] ECUA OS    TASK_START Task_BswMain prio=3
[003420000] ECUA OS    TASK_END Task_BswMain
[003420000] ECUA OS    TASK_START Task_Swc10ms prio=2
[003420000] ECUA RTE   CALL R_WheelSpeed_GetWheelSpeed
[003420000] ECUA RTE   WRITE P_VehicleSpeed_VehicleSpeed=1465
[003420000] ECUA OS    TASK_END Task_Swc10ms
[003430000] ECUA OS    ALARM Alarm_BswMain
[003430000] ECUA OS    ALARM Alarm_Swc10ms
[003430000] ECUA OS    TASK_START Task_BswMain prio=3
[003430000] ECUA COM   TX ipdu=0 len=2
[003430000] ECUA PDUR  TX com=0 canif=0
[003430000] ECUA CAN   TX id=0x101 dlc=2 data=b9 05
[003430000] ECUA CANIF TX pdu=0
[003430000] ECUA OS    TASK_END Task_BswMain
[003430000] ECUA OS    TASK_START Task_Swc10ms prio=2
[003430000] ECUA RTE   CALL R_WheelSpeed_GetWheelSpeed
[003430000] ECUA RTE   WRITE P_VehicleSpeed_VehicleSpeed=1465
[003430000] ECUA OS    TASK_END Task_Swc10ms
[003440000] ECUA OS    ALARM Alarm_BswMain
[003440000] ECUA OS    ALARM Alarm_Swc10ms
[003440000] ECUA OS    TASK_START Task_BswMain prio=3
[003440000] ECUA OS    TASK_END Task_BswMain
[003440000] ECUA OS    TASK_START Task_Swc10ms prio=2
[003440000] ECUA RTE   CALL R_WheelSpeed_GetWheelSpeed
[003440000] ECUA RTE   WRITE P_VehicleSpeed_VehicleSpeed=1465
[003440000] ECUA OS    TASK_END Task_Swc10ms
[003450000] ECUA OS    ALARM Alarm_BswMain
[003450000] ECUA OS    ALARM Alarm_Swc10ms
[003450000] ECUA OS    TASK_START Task_BswMain prio=3
[003450000] ECUA COM   TX ipdu=0 len=2
[003450000] ECUA PDUR  TX com=0 canif=0
[003450000] ECUA CAN   TX id=0x101 dlc=2 data=b9 05
[003450000] ECUA CANIF TX pdu=0
[003450000] ECUA OS    TASK_END Task_BswMain
[003450000] ECUA OS    TASK_START Task_Swc10ms prio=2
[003450000] ECUA RTE   CALL R_WheelSpeed_GetWheelSpeed
[003450000] ECUA RTE   WRITE P_VehicleSpeed_VehicleSpeed=1465
[003450000] ECUA OS    TASK_END Task_Swc10ms
[003460000] ECUA OS    ALARM Alarm_BswMain
[003460000] ECUA OS    ALARM Alarm_Swc10ms
[003460000] ECUA OS    TASK_START Task_BswMain prio=3
[003460000] ECUA OS    TASK_END Task_BswMain
[003460000] ECUA OS    TASK_START Task_Swc10ms prio=2
[003460000] ECUA RTE   CALL R_WheelSpeed_GetWheelSpeed
[003460000] ECUA RTE   WRITE P_VehicleSpeed_VehicleSpeed=1465
[003460000] ECUA OS    TASK_END Task_Swc10ms
[003470000] ECUA OS    ALARM Alarm_BswMain
[003470000] ECUA OS    ALARM Alarm_Swc10ms
[003470000] ECUA OS    TASK_START Task_BswMain prio=3
[003470000] ECUA COM   TX ipdu=0 len=2
[003470000] ECUA PDUR  TX com=0 canif=0
[003470000] ECUA CAN   TX id=0x101 dlc=2 data=b9 05
[003470000] ECUA CANIF TX pdu=0
[003470000] ECUA OS    TASK_END Task_BswMain
[003470000] ECUA OS    TASK_START Task_Swc10ms prio=2
[003470000] ECUA RTE   CALL R_WheelSpeed_GetWheelSpeed
[003470000] ECUA RTE   WRITE P_VehicleSpeed_VehicleSpeed=1465
[003470000] ECUA OS    TASK_END Task_Swc10ms
[003480000] ECUA OS    ALARM Alarm_BswMain
[003480000] ECUA OS    ALARM Alarm_Swc10ms
[003480000] ECUA OS    TASK_START Task_BswMain prio=3
[003480000] ECUA OS    TASK_END Task_BswMain
[003480000] ECUA OS    TASK_START Task_Swc10ms prio=2
[003480000] ECUA RTE   CALL R_WheelSpeed_GetWheelSpeed
[003480000] ECUA RTE   WRITE P_VehicleSpeed_VehicleSpeed=1465
[003480000] ECUA OS    TASK_END Task_Swc10ms
[003490000] ECUA OS    ALARM Alarm_BswMain
[003490000] ECUA OS    ALARM Alarm_Swc10ms
[003490000] ECUA OS    TASK_START Task_BswMain prio=3
[003490000] ECUA COM   TX ipdu=0 len=2
[003490000] ECUA PDUR  TX com=0 canif=0
[003490000] ECUA CAN   TX id=0x101 dlc=2 data=b9 05
[003490000] ECUA CANIF TX pdu=0
[003490000] ECUA OS    TASK_END Task_BswMain
[003490000] ECUA OS    TASK_START Task_Swc10ms prio=2
[003490000] ECUA RTE   CALL R_WheelSpeed_GetWheelSpeed
[003490000] ECUA RTE   WRITE P_VehicleSpeed_VehicleSpeed=1465
[003490000] ECUA OS    TASK_END Task_Swc10ms
[003500000] ECUA OS    ALARM Alarm_BswMain
[003500000] ECUA OS    ALARM Alarm_Swc10ms
[003500000] ECUA OS    TASK_START Task_BswMain prio=3
[003500000] ECUA OS    TASK_END Task_BswMain
[003500000] ECUA OS    TASK_START Task_Swc10ms prio=2
[003500000] ECUA RTE   CALL R_WheelSpeed_GetWheelSpeed
[003500000] ECUA SWC   SpeedSensor raw=3000 speed=1465
[003500000] ECUA RTE   WRITE P_VehicleSpeed_VehicleSpeed=1465
[003500000] ECUA OS    TASK_END Task_Swc10ms
[003510000] ECUA OS    ALARM Alarm_BswMain
[003510000] ECUA OS    ALARM Alarm_Swc10ms
[003510000] ECUA OS    TASK_START Task_BswMain prio=3
[003510000] ECUA COM   TX ipdu=0 len=2
[003510000] ECUA PDUR  TX com=0 canif=0
[003510000] ECUA CAN   TX id=0x101 dlc=2 data=b9 05
[003510000] ECUA CANIF TX pdu=0
[003510000] ECUA OS    TASK_END Task_BswMain
[003510000] ECUA OS    TASK_START Task_Swc10ms prio=2
[003510000] ECUA RTE   CALL R_WheelSpeed_GetWheelSpeed
[003510000] ECUA BSW   IOHWAB ADC raw=3000
[003510000] ECUA RTE   WRITE P_VehicleSpeed_VehicleSpeed=1465
[003510000] ECUA OS    TASK_END Task_Swc10ms
[003520000] ECUA OS    ALARM Alarm_BswMain
[003520000] ECUA OS    ALARM Alarm_Swc10ms
[003520000] ECUA OS    TASK_START Task_BswMain prio=3
[003520000] ECUA OS    TASK_END Task_BswMain
[003520000] ECUA OS    TASK_START Task_Swc10ms prio=2
[003520000] ECUA RTE   CALL R_WheelSpeed_GetWheelSpeed
[003520000] ECUA RTE   WRITE P_VehicleSpeed_VehicleSpeed=1465
[003520000] ECUA OS    TASK_END Task_Swc10ms
[003530000] ECUA OS    ALARM Alarm_BswMain
[003530000] ECUA OS    ALARM Alarm_Swc10ms
[003530000] ECUA OS    TASK_START Task_BswMain prio=3
[003530000] ECUA COM   TX ipdu=0 len=2
[003530000] ECUA PDUR  TX com=0 canif=0
[003530000] ECUA CAN   TX id=0x101 dlc=2 data=b9 05
[003530000] ECUA CANIF TX pdu=0
[003530000] ECUA OS    TASK_END Task_BswMain
[003530000] ECUA OS    TASK_START Task_Swc10ms prio=2
[003530000] ECUA RTE   CALL R_WheelSpeed_GetWheelSpeed
[003530000] ECUA RTE   WRITE P_VehicleSpeed_VehicleSpeed=1465
[003530000] ECUA OS    TASK_END Task_Swc10ms
[003540000] ECUA OS    ALARM Alarm_BswMain
[003540000] ECUA OS    ALARM Alarm_Swc10ms
[003540000] ECUA OS    TASK_START Task_BswMain prio=3
[003540000] ECUA OS    TASK_END Task_BswMain
[003540000] ECUA OS    TASK_START Task_Swc10ms prio=2
[003540000] ECUA RTE   CALL R_WheelSpeed_GetWheelSpeed
[003540000] ECUA RTE   WRITE P_VehicleSpeed_VehicleSpeed=1465
[003540000] ECUA OS    TASK_END Task_Swc10ms
[003550000] ECUA OS    ALARM Alarm_BswMain
[003550000] ECUA OS    ALARM Alarm_Swc10ms
[003550000] ECUA OS    TASK_START Task_BswMain prio=3
[003550000] ECUA COM   TX ipdu=0 len=2
[003550000] ECUA PDUR  TX com=0 canif=0
[003550000] ECUA CAN   TX id=0x101 dlc=2 data=b9 05
[003550000] ECUA CANIF TX pdu=0
[003550000] ECUA OS    TASK_END Task_BswMain
[003550000] ECUA OS    TASK_START Task_Swc10ms prio=2
[003550000] ECUA RTE   CALL R_WheelSpeed_GetWheelSpeed
[003550000] ECUA RTE   WRITE P_VehicleSpeed_VehicleSpeed=1465
[003550000] ECUA OS    TASK_END Task_Swc10ms
[003560000] ECUA OS    ALARM Alarm_BswMain
[003560000] ECUA OS    ALARM Alarm_Swc10ms
[003560000] ECUA OS    TASK_START Task_BswMain prio=3
[003560000] ECUA OS    TASK_END Task_BswMain
[003560000] ECUA OS    TASK_START Task_Swc10ms prio=2
[003560000] ECUA RTE   CALL R_WheelSpeed_GetWheelSpeed
[003560000] ECUA RTE   WRITE P_VehicleSpeed_VehicleSpeed=1465
[003560000] ECUA OS    TASK_END Task_Swc10ms
[003570000] ECUA OS    ALARM Alarm_BswMain
[003570000] ECUA OS    ALARM Alarm_Swc10ms
[003570000] ECUA OS    TASK_START Task_BswMain prio=3
[003570000] ECUA COM   TX ipdu=0 len=2
[003570000] ECUA PDUR  TX com=0 canif=0
[003570000] ECUA CAN   TX id=0x101 dlc=2 data=b9 05
[003570000] ECUA CANIF TX pdu=0
[003570000] ECUA OS    TASK_END Task_BswMain
[003570000] ECUA OS    TASK_START Task_Swc10ms prio=2
[003570000] ECUA RTE   CALL R_WheelSpeed_GetWheelSpeed
[003570000] ECUA RTE   WRITE P_VehicleSpeed_VehicleSpeed=1465
[003570000] ECUA OS    TASK_END Task_Swc10ms
[003580000] ECUA OS    ALARM Alarm_BswMain
[003580000] ECUA OS    ALARM Alarm_Swc10ms
[003580000] ECUA OS    TASK_START Task_BswMain prio=3
[003580000] ECUA OS    TASK_END Task_BswMain
[003580000] ECUA OS    TASK_START Task_Swc10ms prio=2
[003580000] ECUA RTE   CALL R_WheelSpeed_GetWheelSpeed
[003580000] ECUA RTE   WRITE P_VehicleSpeed_VehicleSpeed=1465
[003580000] ECUA OS    TASK_END Task_Swc10ms
[003590000] ECUA OS    ALARM Alarm_BswMain
[003590000] ECUA OS    ALARM Alarm_Swc10ms
[003590000] ECUA OS    TASK_START Task_BswMain prio=3
[003590000] ECUA COM   TX ipdu=0 len=2
[003590000] ECUA PDUR  TX com=0 canif=0
[003590000] ECUA CAN   TX id=0x101 dlc=2 data=b9 05
[003590000] ECUA CANIF TX pdu=0
[003590000] ECUA OS    TASK_END Task_BswMain
[003590000] ECUA OS    TASK_START Task_Swc10ms prio=2
[003590000] ECUA RTE   CALL R_WheelSpeed_GetWheelSpeed
[003590000] ECUA RTE   WRITE P_VehicleSpeed_VehicleSpeed=1465
[003590000] ECUA OS    TASK_END Task_Swc10ms
[003600000] ECUA OS    ALARM Alarm_BswMain
[003600000] ECUA OS    ALARM Alarm_Swc10ms
[003600000] ECUA OS    TASK_START Task_BswMain prio=3
[003600000] ECUA OS    TASK_END Task_BswMain
[003600000] ECUA OS    TASK_START Task_Swc10ms prio=2
[003600000] ECUA RTE   CALL R_WheelSpeed_GetWheelSpeed
[003600000] ECUA SWC   SpeedSensor raw=3000 speed=1465
[003600000] ECUA RTE   WRITE P_VehicleSpeed_VehicleSpeed=1465
[003600000] ECUA OS    TASK_END Task_Swc10ms
[003610000] ECUA OS    ALARM Alarm_BswMain
[003610000] ECUA OS    ALARM Alarm_Swc10ms
[003610000] ECUA OS    TASK_START Task_BswMain prio=3
[003610000] ECUA COM   TX ipdu=0 len=2
[003610000] ECUA PDUR  TX com=0 canif=0
[003610000] ECUA CAN   TX id=0x101 dlc=2 data=b9 05
[003610000] ECUA CANIF TX pdu=0
[003610000] ECUA OS    TASK_END Task_BswMain
[003610000] ECUA OS    TASK_START Task_Swc10ms prio=2
[003610000] ECUA RTE   CALL R_WheelSpeed_GetWheelSpeed
[003610000] ECUA RTE   WRITE P_VehicleSpeed_VehicleSpeed=1465
[003610000] ECUA OS    TASK_END Task_Swc10ms
[003620000] ECUA OS    ALARM Alarm_BswMain
[003620000] ECUA OS    ALARM Alarm_Swc10ms
[003620000] ECUA OS    TASK_START Task_BswMain prio=3
[003620000] ECUA OS    TASK_END Task_BswMain
[003620000] ECUA OS    TASK_START Task_Swc10ms prio=2
[003620000] ECUA RTE   CALL R_WheelSpeed_GetWheelSpeed
[003620000] ECUA RTE   WRITE P_VehicleSpeed_VehicleSpeed=1465
[003620000] ECUA OS    TASK_END Task_Swc10ms
[003630000] ECUA OS    ALARM Alarm_BswMain
[003630000] ECUA OS    ALARM Alarm_Swc10ms
[003630000] ECUA OS    TASK_START Task_BswMain prio=3
[003630000] ECUA COM   TX ipdu=0 len=2
[003630000] ECUA PDUR  TX com=0 canif=0
[003630000] ECUA CAN   TX id=0x101 dlc=2 data=b9 05
[003630000] ECUA CANIF TX pdu=0
[003630000] ECUA OS    TASK_END Task_BswMain
[003630000] ECUA OS    TASK_START Task_Swc10ms prio=2
[003630000] ECUA RTE   CALL R_WheelSpeed_GetWheelSpeed
[003630000] ECUA RTE   WRITE P_VehicleSpeed_VehicleSpeed=1465
[003630000] ECUA OS    TASK_END Task_Swc10ms
[003640000] ECUA OS    ALARM Alarm_BswMain
[003640000] ECUA OS    ALARM Alarm_Swc10ms
[003640000] ECUA OS    TASK_START Task_BswMain prio=3
[003640000] ECUA OS    TASK_END Task_BswMain
[003640000] ECUA OS    TASK_START Task_Swc10ms prio=2
[003640000] ECUA RTE   CALL R_WheelSpeed_GetWheelSpeed
[003640000] ECUA RTE   WRITE P_VehicleSpeed_VehicleSpeed=1465
[003640000] ECUA OS    TASK_END Task_Swc10ms
[003650000] ECUA OS    ALARM Alarm_BswMain
[003650000] ECUA OS    ALARM Alarm_Swc10ms
[003650000] ECUA OS    TASK_START Task_BswMain prio=3
[003650000] ECUA COM   TX ipdu=0 len=2
[003650000] ECUA PDUR  TX com=0 canif=0
[003650000] ECUA CAN   TX id=0x101 dlc=2 data=b9 05
[003650000] ECUA CANIF TX pdu=0
[003650000] ECUA OS    TASK_END Task_BswMain
[003650000] ECUA OS    TASK_START Task_Swc10ms prio=2
[003650000] ECUA RTE   CALL R_WheelSpeed_GetWheelSpeed
[003650000] ECUA RTE   WRITE P_VehicleSpeed_VehicleSpeed=1465
[003650000] ECUA OS    TASK_END Task_Swc10ms
[003660000] ECUA OS    ALARM Alarm_BswMain
[003660000] ECUA OS    ALARM Alarm_Swc10ms
[003660000] ECUA OS    TASK_START Task_BswMain prio=3
[003660000] ECUA OS    TASK_END Task_BswMain
[003660000] ECUA OS    TASK_START Task_Swc10ms prio=2
[003660000] ECUA RTE   CALL R_WheelSpeed_GetWheelSpeed
[003660000] ECUA RTE   WRITE P_VehicleSpeed_VehicleSpeed=1465
[003660000] ECUA OS    TASK_END Task_Swc10ms
[003670000] ECUA OS    ALARM Alarm_BswMain
[003670000] ECUA OS    ALARM Alarm_Swc10ms
[003670000] ECUA OS    TASK_START Task_BswMain prio=3
[003670000] ECUA COM   TX ipdu=0 len=2
[003670000] ECUA PDUR  TX com=0 canif=0
[003670000] ECUA CAN   TX id=0x101 dlc=2 data=b9 05
[003670000] ECUA CANIF TX pdu=0
[003670000] ECUA OS    TASK_END Task_BswMain
[003670000] ECUA OS    TASK_START Task_Swc10ms prio=2
[003670000] ECUA RTE   CALL R_WheelSpeed_GetWheelSpeed
[003670000] ECUA RTE   WRITE P_VehicleSpeed_VehicleSpeed=1465
[003670000] ECUA OS    TASK_END Task_Swc10ms
[003680000] ECUA OS    ALARM Alarm_BswMain
[003680000] ECUA OS    ALARM Alarm_Swc10ms
[003680000] ECUA OS    TASK_START Task_BswMain prio=3
[003680000] ECUA OS    TASK_END Task_BswMain
[003680000] ECUA OS    TASK_START Task_Swc10ms prio=2
[003680000] ECUA RTE   CALL R_WheelSpeed_GetWheelSpeed
[003680000] ECUA RTE   WRITE P_VehicleSpeed_VehicleSpeed=1465
[003680000] ECUA OS    TASK_END Task_Swc10ms
[003690000] ECUA OS    ALARM Alarm_BswMain
[003690000] ECUA OS    ALARM Alarm_Swc10ms
[003690000] ECUA OS    TASK_START Task_BswMain prio=3
[003690000] ECUA COM   TX ipdu=0 len=2
[003690000] ECUA PDUR  TX com=0 canif=0
[003690000] ECUA CAN   TX id=0x101 dlc=2 data=b9 05
[003690000] ECUA CANIF TX pdu=0
[003690000] ECUA OS    TASK_END Task_BswMain
[003690000] ECUA OS    TASK_START Task_Swc10ms prio=2
[003690000] ECUA RTE   CALL R_WheelSpeed_GetWheelSpeed
[003690000] ECUA RTE   WRITE P_VehicleSpeed_VehicleSpeed=1465
[003690000] ECUA OS    TASK_END Task_Swc10ms
[003700000] ECUA OS    ALARM Alarm_BswMain
[003700000] ECUA OS    ALARM Alarm_Swc10ms
[003700000] ECUA OS    TASK_START Task_BswMain prio=3
[003700000] ECUA OS    TASK_END Task_BswMain
[003700000] ECUA OS    TASK_START Task_Swc10ms prio=2
[003700000] ECUA RTE   CALL R_WheelSpeed_GetWheelSpeed
[003700000] ECUA SWC   SpeedSensor raw=3000 speed=1465
[003700000] ECUA RTE   WRITE P_VehicleSpeed_VehicleSpeed=1465
[003700000] ECUA OS    TASK_END Task_Swc10ms
[003710000] ECUA OS    ALARM Alarm_BswMain
[003710000] ECUA OS    ALARM Alarm_Swc10ms
[003710000] ECUA OS    TASK_START Task_BswMain prio=3
[003710000] ECUA COM   TX ipdu=0 len=2
[003710000] ECUA PDUR  TX com=0 canif=0
[003710000] ECUA CAN   TX id=0x101 dlc=2 data=b9 05
[003710000] ECUA CANIF TX pdu=0
[003710000] ECUA OS    TASK_END Task_BswMain
[003710000] ECUA OS    TASK_START Task_Swc10ms prio=2
[003710000] ECUA RTE   CALL R_WheelSpeed_GetWheelSpeed
[003710000] ECUA RTE   WRITE P_VehicleSpeed_VehicleSpeed=1465
[003710000] ECUA OS    TASK_END Task_Swc10ms
[003720000] ECUA OS    ALARM Alarm_BswMain
[003720000] ECUA OS    ALARM Alarm_Swc10ms
[003720000] ECUA OS    TASK_START Task_BswMain prio=3
[003720000] ECUA OS    TASK_END Task_BswMain
[003720000] ECUA OS    TASK_START Task_Swc10ms prio=2
[003720000] ECUA RTE   CALL R_WheelSpeed_GetWheelSpeed
[003720000] ECUA RTE   WRITE P_VehicleSpeed_VehicleSpeed=1465
[003720000] ECUA OS    TASK_END Task_Swc10ms
[003730000] ECUA OS    ALARM Alarm_BswMain
[003730000] ECUA OS    ALARM Alarm_Swc10ms
[003730000] ECUA OS    TASK_START Task_BswMain prio=3
[003730000] ECUA COM   TX ipdu=0 len=2
[003730000] ECUA PDUR  TX com=0 canif=0
[003730000] ECUA CAN   TX id=0x101 dlc=2 data=b9 05
[003730000] ECUA CANIF TX pdu=0
[003730000] ECUA OS    TASK_END Task_BswMain
[003730000] ECUA OS    TASK_START Task_Swc10ms prio=2
[003730000] ECUA RTE   CALL R_WheelSpeed_GetWheelSpeed
[003730000] ECUA RTE   WRITE P_VehicleSpeed_VehicleSpeed=1465
[003730000] ECUA OS    TASK_END Task_Swc10ms
[003740000] ECUA OS    ALARM Alarm_BswMain
[003740000] ECUA OS    ALARM Alarm_Swc10ms
[003740000] ECUA OS    TASK_START Task_BswMain prio=3
[003740000] ECUA OS    TASK_END Task_BswMain
[003740000] ECUA OS    TASK_START Task_Swc10ms prio=2
[003740000] ECUA RTE   CALL R_WheelSpeed_GetWheelSpeed
[003740000] ECUA RTE   WRITE P_VehicleSpeed_VehicleSpeed=1465
[003740000] ECUA OS    TASK_END Task_Swc10ms
[003750000] ECUA OS    ALARM Alarm_BswMain
[003750000] ECUA OS    ALARM Alarm_Swc10ms
[003750000] ECUA OS    TASK_START Task_BswMain prio=3
[003750000] ECUA COM   TX ipdu=0 len=2
[003750000] ECUA PDUR  TX com=0 canif=0
[003750000] ECUA CAN   TX id=0x101 dlc=2 data=b9 05
[003750000] ECUA CANIF TX pdu=0
[003750000] ECUA OS    TASK_END Task_BswMain
[003750000] ECUA OS    TASK_START Task_Swc10ms prio=2
[003750000] ECUA RTE   CALL R_WheelSpeed_GetWheelSpeed
[003750000] ECUA RTE   WRITE P_VehicleSpeed_VehicleSpeed=1465
[003750000] ECUA OS    TASK_END Task_Swc10ms
[003760000] ECUA OS    ALARM Alarm_BswMain
[003760000] ECUA OS    ALARM Alarm_Swc10ms
[003760000] ECUA OS    TASK_START Task_BswMain prio=3
[003760000] ECUA OS    TASK_END Task_BswMain
[003760000] ECUA OS    TASK_START Task_Swc10ms prio=2
[003760000] ECUA RTE   CALL R_WheelSpeed_GetWheelSpeed
[003760000] ECUA RTE   WRITE P_VehicleSpeed_VehicleSpeed=1465
[003760000] ECUA OS    TASK_END Task_Swc10ms
[003770000] ECUA OS    ALARM Alarm_BswMain
[003770000] ECUA OS    ALARM Alarm_Swc10ms
[003770000] ECUA OS    TASK_START Task_BswMain prio=3
[003770000] ECUA COM   TX ipdu=0 len=2
[003770000] ECUA PDUR  TX com=0 canif=0
[003770000] ECUA CAN   TX id=0x101 dlc=2 data=b9 05
[003770000] ECUA CANIF TX pdu=0
[003770000] ECUA OS    TASK_END Task_BswMain
[003770000] ECUA OS    TASK_START Task_Swc10ms prio=2
[003770000] ECUA RTE   CALL R_WheelSpeed_GetWheelSpeed
[003770000] ECUA RTE   WRITE P_VehicleSpeed_VehicleSpeed=1465
[003770000] ECUA OS    TASK_END Task_Swc10ms
[003780000] ECUA OS    ALARM Alarm_BswMain
[003780000] ECUA OS    ALARM Alarm_Swc10ms
[003780000] ECUA OS    TASK_START Task_BswMain prio=3
[003780000] ECUA OS    TASK_END Task_BswMain
[003780000] ECUA OS    TASK_START Task_Swc10ms prio=2
[003780000] ECUA RTE   CALL R_WheelSpeed_GetWheelSpeed
[003780000] ECUA RTE   WRITE P_VehicleSpeed_VehicleSpeed=1465
[003780000] ECUA OS    TASK_END Task_Swc10ms
[003790000] ECUA OS    ALARM Alarm_BswMain
[003790000] ECUA OS    ALARM Alarm_Swc10ms
[003790000] ECUA OS    TASK_START Task_BswMain prio=3
[003790000] ECUA COM   TX ipdu=0 len=2
[003790000] ECUA PDUR  TX com=0 canif=0
[003790000] ECUA CAN   TX id=0x101 dlc=2 data=b9 05
[003790000] ECUA CANIF TX pdu=0
[003790000] ECUA OS    TASK_END Task_BswMain
[003790000] ECUA OS    TASK_START Task_Swc10ms prio=2
[003790000] ECUA RTE   CALL R_WheelSpeed_GetWheelSpeed
[003790000] ECUA RTE   WRITE P_VehicleSpeed_VehicleSpeed=1465
[003790000] ECUA OS    TASK_END Task_Swc10ms
[003800000] ECUA OS    ALARM Alarm_BswMain
[003800000] ECUA OS    ALARM Alarm_Swc10ms
[003800000] ECUA OS    TASK_START Task_BswMain prio=3
[003800000] ECUA OS    TASK_END Task_BswMain
[003800000] ECUA OS    TASK_START Task_Swc10ms prio=2
[003800000] ECUA RTE   CALL R_WheelSpeed_GetWheelSpeed
[003800000] ECUA SWC   SpeedSensor raw=3000 speed=1465
[003800000] ECUA RTE   WRITE P_VehicleSpeed_VehicleSpeed=1465
[003800000] ECUA OS    TASK_END Task_Swc10ms
[003810000] ECUA OS    ALARM Alarm_BswMain
[003810000] ECUA OS    ALARM Alarm_Swc10ms
[003810000] ECUA OS    TASK_START Task_BswMain prio=3
[003810000] ECUA COM   TX ipdu=0 len=2
[003810000] ECUA PDUR  TX com=0 canif=0
[003810000] ECUA CAN   TX id=0x101 dlc=2 data=b9 05
[003810000] ECUA CANIF TX pdu=0
[003810000] ECUA OS    TASK_END Task_BswMain
[003810000] ECUA OS    TASK_START Task_Swc10ms prio=2
[003810000] ECUA RTE   CALL R_WheelSpeed_GetWheelSpeed
[003810000] ECUA RTE   WRITE P_VehicleSpeed_VehicleSpeed=1465
[003810000] ECUA OS    TASK_END Task_Swc10ms
[003820000] ECUA OS    ALARM Alarm_BswMain
[003820000] ECUA OS    ALARM Alarm_Swc10ms
[003820000] ECUA OS    TASK_START Task_BswMain prio=3
[003820000] ECUA OS    TASK_END Task_BswMain
[003820000] ECUA OS    TASK_START Task_Swc10ms prio=2
[003820000] ECUA RTE   CALL R_WheelSpeed_GetWheelSpeed
[003820000] ECUA RTE   WRITE P_VehicleSpeed_VehicleSpeed=1465
[003820000] ECUA OS    TASK_END Task_Swc10ms
[003830000] ECUA OS    ALARM Alarm_BswMain
[003830000] ECUA OS    ALARM Alarm_Swc10ms
[003830000] ECUA OS    TASK_START Task_BswMain prio=3
[003830000] ECUA COM   TX ipdu=0 len=2
[003830000] ECUA PDUR  TX com=0 canif=0
[003830000] ECUA CAN   TX id=0x101 dlc=2 data=b9 05
[003830000] ECUA CANIF TX pdu=0
[003830000] ECUA OS    TASK_END Task_BswMain
[003830000] ECUA OS    TASK_START Task_Swc10ms prio=2
[003830000] ECUA RTE   CALL R_WheelSpeed_GetWheelSpeed
[003830000] ECUA RTE   WRITE P_VehicleSpeed_VehicleSpeed=1465
[003830000] ECUA OS    TASK_END Task_Swc10ms
[003840000] ECUA OS    ALARM Alarm_BswMain
[003840000] ECUA OS    ALARM Alarm_Swc10ms
[003840000] ECUA OS    TASK_START Task_BswMain prio=3
[003840000] ECUA OS    TASK_END Task_BswMain
[003840000] ECUA OS    TASK_START Task_Swc10ms prio=2
[003840000] ECUA RTE   CALL R_WheelSpeed_GetWheelSpeed
[003840000] ECUA RTE   WRITE P_VehicleSpeed_VehicleSpeed=1465
[003840000] ECUA OS    TASK_END Task_Swc10ms
[003850000] ECUA OS    ALARM Alarm_BswMain
[003850000] ECUA OS    ALARM Alarm_Swc10ms
[003850000] ECUA OS    TASK_START Task_BswMain prio=3
[003850000] ECUA COM   TX ipdu=0 len=2
[003850000] ECUA PDUR  TX com=0 canif=0
[003850000] ECUA CAN   TX id=0x101 dlc=2 data=b9 05
[003850000] ECUA CANIF TX pdu=0
[003850000] ECUA OS    TASK_END Task_BswMain
[003850000] ECUA OS    TASK_START Task_Swc10ms prio=2
[003850000] ECUA RTE   CALL R_WheelSpeed_GetWheelSpeed
[003850000] ECUA RTE   WRITE P_VehicleSpeed_VehicleSpeed=1465
[003850000] ECUA OS    TASK_END Task_Swc10ms
[003860000] ECUA OS    ALARM Alarm_BswMain
[003860000] ECUA OS    ALARM Alarm_Swc10ms
[003860000] ECUA OS    TASK_START Task_BswMain prio=3
[003860000] ECUA OS    TASK_END Task_BswMain
[003860000] ECUA OS    TASK_START Task_Swc10ms prio=2
[003860000] ECUA RTE   CALL R_WheelSpeed_GetWheelSpeed
[003860000] ECUA RTE   WRITE P_VehicleSpeed_VehicleSpeed=1465
[003860000] ECUA OS    TASK_END Task_Swc10ms
[003870000] ECUA OS    ALARM Alarm_BswMain
[003870000] ECUA OS    ALARM Alarm_Swc10ms
[003870000] ECUA OS    TASK_START Task_BswMain prio=3
[003870000] ECUA COM   TX ipdu=0 len=2
[003870000] ECUA PDUR  TX com=0 canif=0
[003870000] ECUA CAN   TX id=0x101 dlc=2 data=b9 05
[003870000] ECUA CANIF TX pdu=0
[003870000] ECUA OS    TASK_END Task_BswMain
[003870000] ECUA OS    TASK_START Task_Swc10ms prio=2
[003870000] ECUA RTE   CALL R_WheelSpeed_GetWheelSpeed
[003870000] ECUA RTE   WRITE P_VehicleSpeed_VehicleSpeed=1465
[003870000] ECUA OS    TASK_END Task_Swc10ms
[003880000] ECUA OS    ALARM Alarm_BswMain
[003880000] ECUA OS    ALARM Alarm_Swc10ms
[003880000] ECUA OS    TASK_START Task_BswMain prio=3
[003880000] ECUA OS    TASK_END Task_BswMain
[003880000] ECUA OS    TASK_START Task_Swc10ms prio=2
[003880000] ECUA RTE   CALL R_WheelSpeed_GetWheelSpeed
[003880000] ECUA RTE   WRITE P_VehicleSpeed_VehicleSpeed=1465
[003880000] ECUA OS    TASK_END Task_Swc10ms
[003890000] ECUA OS    ALARM Alarm_BswMain
[003890000] ECUA OS    ALARM Alarm_Swc10ms
[003890000] ECUA OS    TASK_START Task_BswMain prio=3
[003890000] ECUA COM   TX ipdu=0 len=2
[003890000] ECUA PDUR  TX com=0 canif=0
[003890000] ECUA CAN   TX id=0x101 dlc=2 data=b9 05
[003890000] ECUA CANIF TX pdu=0
[003890000] ECUA OS    TASK_END Task_BswMain
[003890000] ECUA OS    TASK_START Task_Swc10ms prio=2
[003890000] ECUA RTE   CALL R_WheelSpeed_GetWheelSpeed
[003890000] ECUA RTE   WRITE P_VehicleSpeed_VehicleSpeed=1465
[003890000] ECUA OS    TASK_END Task_Swc10ms
[003900000] ECUA OS    ALARM Alarm_BswMain
[003900000] ECUA OS    ALARM Alarm_Swc10ms
[003900000] ECUA OS    TASK_START Task_BswMain prio=3
[003900000] ECUA OS    TASK_END Task_BswMain
[003900000] ECUA OS    TASK_START Task_Swc10ms prio=2
[003900000] ECUA RTE   CALL R_WheelSpeed_GetWheelSpeed
[003900000] ECUA SWC   SpeedSensor raw=3000 speed=1465
[003900000] ECUA RTE   WRITE P_VehicleSpeed_VehicleSpeed=1465
[003900000] ECUA OS    TASK_END Task_Swc10ms
[003910000] ECUA OS    ALARM Alarm_BswMain
[003910000] ECUA OS    ALARM Alarm_Swc10ms
[003910000] ECUA OS    TASK_START Task_BswMain prio=3
[003910000] ECUA COM   TX ipdu=0 len=2
[003910000] ECUA PDUR  TX com=0 canif=0
[003910000] ECUA CAN   TX id=0x101 dlc=2 data=b9 05
[003910000] ECUA CANIF TX pdu=0
[003910000] ECUA OS    TASK_END Task_BswMain
[003910000] ECUA OS    TASK_START Task_Swc10ms prio=2
[003910000] ECUA RTE   CALL R_WheelSpeed_GetWheelSpeed
[003910000] ECUA RTE   WRITE P_VehicleSpeed_VehicleSpeed=1465
[003910000] ECUA OS    TASK_END Task_Swc10ms
[003920000] ECUA OS    ALARM Alarm_BswMain
[003920000] ECUA OS    ALARM Alarm_Swc10ms
[003920000] ECUA OS    TASK_START Task_BswMain prio=3
[003920000] ECUA OS    TASK_END Task_BswMain
[003920000] ECUA OS    TASK_START Task_Swc10ms prio=2
[003920000] ECUA RTE   CALL R_WheelSpeed_GetWheelSpeed
[003920000] ECUA RTE   WRITE P_VehicleSpeed_VehicleSpeed=1465
[003920000] ECUA OS    TASK_END Task_Swc10ms
[003930000] ECUA OS    ALARM Alarm_BswMain
[003930000] ECUA OS    ALARM Alarm_Swc10ms
[003930000] ECUA OS    TASK_START Task_BswMain prio=3
[003930000] ECUA COM   TX ipdu=0 len=2
[003930000] ECUA PDUR  TX com=0 canif=0
[003930000] ECUA CAN   TX id=0x101 dlc=2 data=b9 05
[003930000] ECUA CANIF TX pdu=0
[003930000] ECUA OS    TASK_END Task_BswMain
[003930000] ECUA OS    TASK_START Task_Swc10ms prio=2
[003930000] ECUA RTE   CALL R_WheelSpeed_GetWheelSpeed
[003930000] ECUA RTE   WRITE P_VehicleSpeed_VehicleSpeed=1465
[003930000] ECUA OS    TASK_END Task_Swc10ms
[003940000] ECUA OS    ALARM Alarm_BswMain
[003940000] ECUA OS    ALARM Alarm_Swc10ms
[003940000] ECUA OS    TASK_START Task_BswMain prio=3
[003940000] ECUA OS    TASK_END Task_BswMain
[003940000] ECUA OS    TASK_START Task_Swc10ms prio=2
[003940000] ECUA RTE   CALL R_WheelSpeed_GetWheelSpeed
[003940000] ECUA RTE   WRITE P_VehicleSpeed_VehicleSpeed=1465
[003940000] ECUA OS    TASK_END Task_Swc10ms
[003950000] ECUA OS    ALARM Alarm_BswMain
[003950000] ECUA OS    ALARM Alarm_Swc10ms
[003950000] ECUA OS    TASK_START Task_BswMain prio=3
[003950000] ECUA COM   TX ipdu=0 len=2
[003950000] ECUA PDUR  TX com=0 canif=0
[003950000] ECUA CAN   TX id=0x101 dlc=2 data=b9 05
[003950000] ECUA CANIF TX pdu=0
[003950000] ECUA OS    TASK_END Task_BswMain
[003950000] ECUA OS    TASK_START Task_Swc10ms prio=2
[003950000] ECUA RTE   CALL R_WheelSpeed_GetWheelSpeed
[003950000] ECUA RTE   WRITE P_VehicleSpeed_VehicleSpeed=1465
[003950000] ECUA OS    TASK_END Task_Swc10ms
[003960000] ECUA OS    ALARM Alarm_BswMain
[003960000] ECUA OS    ALARM Alarm_Swc10ms
[003960000] ECUA OS    TASK_START Task_BswMain prio=3
[003960000] ECUA OS    TASK_END Task_BswMain
[003960000] ECUA OS    TASK_START Task_Swc10ms prio=2
[003960000] ECUA RTE   CALL R_WheelSpeed_GetWheelSpeed
[003960000] ECUA RTE   WRITE P_VehicleSpeed_VehicleSpeed=1465
[003960000] ECUA OS    TASK_END Task_Swc10ms
[003970000] ECUA OS    ALARM Alarm_BswMain
[003970000] ECUA OS    ALARM Alarm_Swc10ms
[003970000] ECUA OS    TASK_START Task_BswMain prio=3
[003970000] ECUA COM   TX ipdu=0 len=2
[003970000] ECUA PDUR  TX com=0 canif=0
[003970000] ECUA CAN   TX id=0x101 dlc=2 data=b9 05
[003970000] ECUA CANIF TX pdu=0
[003970000] ECUA OS    TASK_END Task_BswMain
[003970000] ECUA OS    TASK_START Task_Swc10ms prio=2
[003970000] ECUA RTE   CALL R_WheelSpeed_GetWheelSpeed
[003970000] ECUA RTE   WRITE P_VehicleSpeed_VehicleSpeed=1465
[003970000] ECUA OS    TASK_END Task_Swc10ms
[003980000] ECUA OS    ALARM Alarm_BswMain
[003980000] ECUA OS    ALARM Alarm_Swc10ms
[003980000] ECUA OS    TASK_START Task_BswMain prio=3
[003980000] ECUA OS    TASK_END Task_BswMain
[003980000] ECUA OS    TASK_START Task_Swc10ms prio=2
[003980000] ECUA RTE   CALL R_WheelSpeed_GetWheelSpeed
[003980000] ECUA RTE   WRITE P_VehicleSpeed_VehicleSpeed=1465
[003980000] ECUA OS    TASK_END Task_Swc10ms
[003990000] ECUA OS    ALARM Alarm_BswMain
[003990000] ECUA OS    ALARM Alarm_Swc10ms
[003990000] ECUA OS    TASK_START Task_BswMain prio=3
[003990000] ECUA COM   TX ipdu=0 len=2
[003990000] ECUA PDUR  TX com=0 canif=0
[003990000] ECUA CAN   TX id=0x101 dlc=2 data=b9 05
[003990000] ECUA CANIF TX pdu=0
[003990000] ECUA OS    TASK_END Task_BswMain
[003990000] ECUA OS    TASK_START Task_Swc10ms prio=2
[003990000] ECUA RTE   CALL R_WheelSpeed_GetWheelSpeed
[003990000] ECUA RTE   WRITE P_VehicleSpeed_VehicleSpeed=1465
[003990000] ECUA OS    TASK_END Task_Swc10ms
[004000000] ECUA OS    ALARM Alarm_BswMain
[004000000] ECUA OS    ALARM Alarm_Swc10ms
[004000000] ECUA OS    SHUTDOWN err=0
[004000000] ECUA SIM   SCENARIO END
