[000000000] ECUB SIM   HOST run_ms=4000 restbus=1 emulate_speed=0
[000000000] ECUB BSW   ECUM STATE STARTUP
[000000000] ECUB BSW   ECUM INIT_ZERO
[000000000] ECUB BSW   MCU clock=80000000
[000000000] ECUB BSW   ECUM INIT_ONE
[000000000] ECUB OS    STARTOS mode=0
[000000000] ECUB OS    TASK_START Task_Init prio=10
[000000000] ECUB BSW   ECUM STARTUP_TWO
[000000000] ECUB BSW   SCHM START
[000000000] ECUB BSW   SCHM INIT
[000000000] ECUB BSW   SCHM TIMING
[000000000] ECUB BSW   BSWM RULE R_Startup TRUE
[000000000] ECUB BSW   BSWM ACTION EcuM_AL_DriverInitTwo rc=0
[000000000] ECUB BSW   BSWM ACTION Can_Init rc=0
[000000000] ECUB BSW   BSWM ACTION CanIf_Init rc=0
[000000000] ECUB BSW   BSWM ACTION PduR_Init rc=0
[000000000] ECUB BSW   BSWM ACTION Com_Init rc=0
[000000000] ECUB RTE   START
[000000000] ECUB BSW   BSWM ACTION Rte_Start rc=0
[000000000] ECUB BSW   BSWM ACTION EcuM_RequestRUN rc=0
[000000000] ECUB BSW   BSWM RULE R_Run FALSE
[000000000] ECUB BSW   ECUM STATE RUN
[000000000] ECUB BSW   BSWM RULE R_Startup FALSE
[000000000] ECUB BSW   BSWM RULE R_Run TRUE
[000000000] ECUB CANIF MODE ctrl=0 mode=1
[000000000] ECUB BSW   BSWM ACTION CanIf_Start rc=0
[000000000] ECUB COM   GROUP_START 0
[000000000] ECUB BSW   BSWM ACTION Com_IpduGroupStart rc=0
[000000000] ECUB RTE   MODE EcuMode=RUN
[000000000] ECUB BSW   BSWM ACTION Rte_SwitchRun rc=0
[000000000] ECUB OS    TASK_END Task_Init
[000000000] ECUB OS    TASK_START Task_LightCtl prio=3
[000000000] ECUB OS    TASK_WAIT Task_LightCtl mask=0x7
[000001000] ECUB SIM   RESTBUS TX id=0x301 dlc=1 data=c8
[000001000] ECUB OS    ISR_ENTER Isr_CanRx
[000001000] ECUB CAN   RX id=0x301 dlc=1 data=c8
[000001000] ECUB CANIF RX pdu=1
[000001000] ECUB PDUR  RX canif=1 com=1
[000001000] ECUB COM   RX ipdu=1 len=1
[000001000] ECUB OS    ISR_EXIT Isr_CanRx
[000003000] ECUB SIM   RESTBUS TX id=0x3f0 dlc=1 data=00
[000003000] ECUB OS    ISR_ENTER Isr_CanRx
[000003000] ECUB CAN   RX id=0x3f0 dlc=1 data=00
[000003000] ECUB CANIF RX pdu=2
[000003000] ECUB PDUR  RX canif=2 com=2
[000003000] ECUB COM   RX ipdu=2 len=1
[000003000] ECUB OS    ISR_EXIT Isr_CanRx
[000010000] ECUB OS    ALARM Alarm_BswMain
[000010000] ECUB OS    ISR_ENTER Isr_CanRx
[000010000] ECUB CAN   RX id=0x101 dlc=2 data=00 00
[000010000] ECUB CANIF RX pdu=0
[000010000] ECUB PDUR  RX canif=0 com=0
[000010000] ECUB COM   RX ipdu=0 len=2
[000010000] ECUB OS    ISR_EXIT Isr_CanRx
[000010000] ECUB OS    TASK_START Task_BswMain prio=4
[000010000] ECUB COM   NOTIFY sig=0
[000010000] ECUB RTE   TRIGGER DRE_LightCtl_VehicleSpeed -> Task_LightCtl
[000010000] ECUB OS    EVENT_SET Task_LightCtl mask=0x2
[000010000] ECUB COM   TX ipdu=3 len=6
[000010000] ECUB PDUR  TX com=3 canif=0
[000010000] ECUB CAN   TX id=0x201 dlc=6 data=00 00 00 00 00 00
[000010000] ECUB CANIF TX pdu=0
[000010000] ECUB BSW   BSWM RULE R_EcuModeRequest FALSE
[000010000] ECUB RTE   MODE EcuMode=RUN
[000010000] ECUB BSW   BSWM ACTION Rte_SwitchRun2 rc=0
[000010000] ECUB OS    TASK_END Task_BswMain
[000010000] ECUB RTE   CALL R_Odometer_UpdateSpeed
[000010000] ECUB OS    TASK_WAIT Task_LightCtl mask=0x7
[000020000] ECUB OS    ALARM Alarm_BswMain
[000020000] ECUB OS    ALARM Alarm_LightCtl20ms
[000020000] ECUB OS    EVENT_SET Task_LightCtl mask=0x1
[000020000] ECUB OS    TASK_START Task_BswMain prio=4
[000020000] ECUB OS    TASK_END Task_BswMain
[000020000] ECUB RTE   WRITE P_HeadlightCmd_HeadlightCmd=0
[000020000] ECUB RTE   TRIGGER DRE_Actuator_HeadlightCmd -> Task_LightAct
[000020000] ECUB OS    TASK_WAIT Task_LightCtl mask=0x7
[000020000] ECUB OS    TASK_START Task_LightAct prio=2
[000020000] ECUB RTE   CALL R_Odometer_GetDistance
[000020000] ECUB RTE   CALL R_LightHw_SetHeadlight
[000020000] ECUB BSW   IOHWAB LIGHT state=0
[000020000] ECUB SWC   Actuator state=0 dist=0
[000020000] ECUB RTE   WRITE P_HeadlightStatus_HeadlightStatus=0
[000020000] ECUB RTE   WRITE P_OdometerDistance_Distance=0
[000020000] ECUB OS    TASK_END Task_LightAct
[000030000] ECUB OS    ALARM Alarm_BswMain
[000030000] ECUB OS    ISR_ENTER Isr_CanRx
[000030000] ECUB CAN   RX id=0x101 dlc=2 data=00 00
[000030000] ECUB CANIF RX pdu=0
[000030000] ECUB PDUR  RX canif=0 com=0
[000030000] ECUB COM   RX ipdu=0 len=2
[000030000] ECUB OS    ISR_EXIT Isr_CanRx
[000030000] ECUB OS    TASK_START Task_BswMain prio=4
[000030000] ECUB COM   NOTIFY sig=0
[000030000] ECUB RTE   TRIGGER DRE_LightCtl_VehicleSpeed -> Task_LightCtl
[000030000] ECUB OS    EVENT_SET Task_LightCtl mask=0x2
[000030000] ECUB OS    TASK_END Task_BswMain
[000030000] ECUB RTE   CALL R_Odometer_UpdateSpeed
[000030000] ECUB OS    TASK_WAIT Task_LightCtl mask=0x7
[000040000] ECUB OS    ALARM Alarm_BswMain
[000040000] ECUB OS    ALARM Alarm_LightCtl20ms
[000040000] ECUB OS    EVENT_SET Task_LightCtl mask=0x1
[000040000] ECUB OS    TASK_START Task_BswMain prio=4
[000040000] ECUB OS    TASK_END Task_BswMain
[000040000] ECUB RTE   WRITE P_HeadlightCmd_HeadlightCmd=0
[000040000] ECUB RTE   TRIGGER DRE_Actuator_HeadlightCmd -> Task_LightAct
[000040000] ECUB OS    TASK_WAIT Task_LightCtl mask=0x7
[000040000] ECUB OS    TASK_START Task_LightAct prio=2
[000040000] ECUB RTE   CALL R_Odometer_GetDistance
[000040000] ECUB RTE   WRITE P_HeadlightStatus_HeadlightStatus=0
[000040000] ECUB RTE   WRITE P_OdometerDistance_Distance=0
[000040000] ECUB OS    TASK_END Task_LightAct
[000050000] ECUB OS    ALARM Alarm_BswMain
[000050000] ECUB OS    ISR_ENTER Isr_CanRx
[000050000] ECUB CAN   RX id=0x101 dlc=2 data=00 00
[000050000] ECUB CANIF RX pdu=0
[000050000] ECUB PDUR  RX canif=0 com=0
[000050000] ECUB COM   RX ipdu=0 len=2
[000050000] ECUB OS    ISR_EXIT Isr_CanRx
[000050000] ECUB OS    TASK_START Task_BswMain prio=4
[000050000] ECUB COM   NOTIFY sig=0
[000050000] ECUB RTE   TRIGGER DRE_LightCtl_VehicleSpeed -> Task_LightCtl
[000050000] ECUB OS    EVENT_SET Task_LightCtl mask=0x2
[000050000] ECUB OS    TASK_END Task_BswMain
[000050000] ECUB RTE   CALL R_Odometer_UpdateSpeed
[000050000] ECUB OS    TASK_WAIT Task_LightCtl mask=0x7
[000060000] ECUB OS    ALARM Alarm_BswMain
[000060000] ECUB OS    ALARM Alarm_LightCtl20ms
[000060000] ECUB OS    EVENT_SET Task_LightCtl mask=0x1
[000060000] ECUB OS    TASK_START Task_BswMain prio=4
[000060000] ECUB OS    TASK_END Task_BswMain
[000060000] ECUB RTE   WRITE P_HeadlightCmd_HeadlightCmd=0
[000060000] ECUB RTE   TRIGGER DRE_Actuator_HeadlightCmd -> Task_LightAct
[000060000] ECUB OS    TASK_WAIT Task_LightCtl mask=0x7
[000060000] ECUB OS    TASK_START Task_LightAct prio=2
[000060000] ECUB RTE   CALL R_Odometer_GetDistance
[000060000] ECUB RTE   WRITE P_HeadlightStatus_HeadlightStatus=0
[000060000] ECUB RTE   WRITE P_OdometerDistance_Distance=0
[000060000] ECUB OS    TASK_END Task_LightAct
[000070000] ECUB OS    ALARM Alarm_BswMain
[000070000] ECUB OS    ISR_ENTER Isr_CanRx
[000070000] ECUB CAN   RX id=0x101 dlc=2 data=00 00
[000070000] ECUB CANIF RX pdu=0
[000070000] ECUB PDUR  RX canif=0 com=0
[000070000] ECUB COM   RX ipdu=0 len=2
[000070000] ECUB OS    ISR_EXIT Isr_CanRx
[000070000] ECUB OS    TASK_START Task_BswMain prio=4
[000070000] ECUB COM   NOTIFY sig=0
[000070000] ECUB RTE   TRIGGER DRE_LightCtl_VehicleSpeed -> Task_LightCtl
[000070000] ECUB OS    EVENT_SET Task_LightCtl mask=0x2
[000070000] ECUB OS    TASK_END Task_BswMain
[000070000] ECUB RTE   CALL R_Odometer_UpdateSpeed
[000070000] ECUB OS    TASK_WAIT Task_LightCtl mask=0x7
[000080000] ECUB OS    ALARM Alarm_BswMain
[000080000] ECUB OS    ALARM Alarm_LightCtl20ms
[000080000] ECUB OS    EVENT_SET Task_LightCtl mask=0x1
[000080000] ECUB OS    TASK_START Task_BswMain prio=4
[000080000] ECUB OS    TASK_END Task_BswMain
[000080000] ECUB RTE   WRITE P_HeadlightCmd_HeadlightCmd=0
[000080000] ECUB RTE   TRIGGER DRE_Actuator_HeadlightCmd -> Task_LightAct
[000080000] ECUB OS    TASK_WAIT Task_LightCtl mask=0x7
[000080000] ECUB OS    TASK_START Task_LightAct prio=2
[000080000] ECUB RTE   CALL R_Odometer_GetDistance
[000080000] ECUB RTE   WRITE P_HeadlightStatus_HeadlightStatus=0
[000080000] ECUB RTE   WRITE P_OdometerDistance_Distance=0
[000080000] ECUB OS    TASK_END Task_LightAct
[000090000] ECUB OS    ALARM Alarm_BswMain
[000090000] ECUB OS    ISR_ENTER Isr_CanRx
[000090000] ECUB CAN   RX id=0x101 dlc=2 data=00 00
[000090000] ECUB CANIF RX pdu=0
[000090000] ECUB PDUR  RX canif=0 com=0
[000090000] ECUB COM   RX ipdu=0 len=2
[000090000] ECUB OS    ISR_EXIT Isr_CanRx
[000090000] ECUB OS    TASK_START Task_BswMain prio=4
[000090000] ECUB COM   NOTIFY sig=0
[000090000] ECUB RTE   TRIGGER DRE_LightCtl_VehicleSpeed -> Task_LightCtl
[000090000] ECUB OS    EVENT_SET Task_LightCtl mask=0x2
[000090000] ECUB OS    TASK_END Task_BswMain
[000090000] ECUB RTE   CALL R_Odometer_UpdateSpeed
[000090000] ECUB OS    TASK_WAIT Task_LightCtl mask=0x7
[000100000] ECUB OS    ALARM Alarm_BswMain
[000100000] ECUB OS    ALARM Alarm_LightCtl20ms
[000100000] ECUB OS    EVENT_SET Task_LightCtl mask=0x1
[000100000] ECUB SIM   RESTBUS TX id=0x301 dlc=1 data=c8
[000100000] ECUB OS    ISR_ENTER Isr_CanRx
[000100000] ECUB CAN   RX id=0x301 dlc=1 data=c8
[000100000] ECUB CANIF RX pdu=1
[000100000] ECUB PDUR  RX canif=1 com=1
[000100000] ECUB COM   RX ipdu=1 len=1
[000100000] ECUB OS    ISR_EXIT Isr_CanRx
[000100000] ECUB OS    TASK_START Task_BswMain prio=4
[000100000] ECUB OS    TASK_END Task_BswMain
[000100000] ECUB RTE   WRITE P_HeadlightCmd_HeadlightCmd=0
[000100000] ECUB RTE   TRIGGER DRE_Actuator_HeadlightCmd -> Task_LightAct
[000100000] ECUB OS    TASK_WAIT Task_LightCtl mask=0x7
[000100000] ECUB OS    TASK_START Task_LightAct prio=2
[000100000] ECUB RTE   CALL R_Odometer_GetDistance
[000100000] ECUB RTE   WRITE P_HeadlightStatus_HeadlightStatus=0
[000100000] ECUB RTE   WRITE P_OdometerDistance_Distance=0
[000100000] ECUB OS    TASK_END Task_LightAct
[000103000] ECUB SIM   RESTBUS TX id=0x3f0 dlc=1 data=00
[000103000] ECUB OS    ISR_ENTER Isr_CanRx
[000103000] ECUB CAN   RX id=0x3f0 dlc=1 data=00
[000103000] ECUB CANIF RX pdu=2
[000103000] ECUB PDUR  RX canif=2 com=2
[000103000] ECUB COM   RX ipdu=2 len=1
[000103000] ECUB OS    ISR_EXIT Isr_CanRx
[000110000] ECUB OS    ALARM Alarm_BswMain
[000110000] ECUB OS    ISR_ENTER Isr_CanRx
[000110000] ECUB CAN   RX id=0x101 dlc=2 data=00 00
[000110000] ECUB CANIF RX pdu=0
[000110000] ECUB PDUR  RX canif=0 com=0
[000110000] ECUB COM   RX ipdu=0 len=2
[000110000] ECUB OS    ISR_EXIT Isr_CanRx
[000110000] ECUB OS    TASK_START Task_BswMain prio=4
[000110000] ECUB COM   NOTIFY sig=0
[000110000] ECUB RTE   TRIGGER DRE_LightCtl_VehicleSpeed -> Task_LightCtl
[000110000] ECUB OS    EVENT_SET Task_LightCtl mask=0x2
[000110000] ECUB COM   TX ipdu=3 len=6
[000110000] ECUB PDUR  TX com=3 canif=0
[000110000] ECUB CAN   TX id=0x201 dlc=6 data=00 00 00 00 00 00
[000110000] ECUB CANIF TX pdu=0
[000110000] ECUB OS    TASK_END Task_BswMain
[000110000] ECUB RTE   CALL R_Odometer_UpdateSpeed
[000110000] ECUB OS    TASK_WAIT Task_LightCtl mask=0x7
[000120000] ECUB OS    ALARM Alarm_BswMain
[000120000] ECUB OS    ALARM Alarm_LightCtl20ms
[000120000] ECUB OS    EVENT_SET Task_LightCtl mask=0x1
[000120000] ECUB OS    TASK_START Task_BswMain prio=4
[000120000] ECUB OS    TASK_END Task_BswMain
[000120000] ECUB RTE   WRITE P_HeadlightCmd_HeadlightCmd=0
[000120000] ECUB RTE   TRIGGER DRE_Actuator_HeadlightCmd -> Task_LightAct
[000120000] ECUB OS    TASK_WAIT Task_LightCtl mask=0x7
[000120000] ECUB OS    TASK_START Task_LightAct prio=2
[000120000] ECUB RTE   CALL R_Odometer_GetDistance
[000120000] ECUB RTE   WRITE P_HeadlightStatus_HeadlightStatus=0
[000120000] ECUB RTE   WRITE P_OdometerDistance_Distance=0
[000120000] ECUB OS    TASK_END Task_LightAct
[000130000] ECUB OS    ALARM Alarm_BswMain
[000130000] ECUB OS    ISR_ENTER Isr_CanRx
[000130000] ECUB CAN   RX id=0x101 dlc=2 data=00 00
[000130000] ECUB CANIF RX pdu=0
[000130000] ECUB PDUR  RX canif=0 com=0
[000130000] ECUB COM   RX ipdu=0 len=2
[000130000] ECUB OS    ISR_EXIT Isr_CanRx
[000130000] ECUB OS    TASK_START Task_BswMain prio=4
[000130000] ECUB COM   NOTIFY sig=0
[000130000] ECUB RTE   TRIGGER DRE_LightCtl_VehicleSpeed -> Task_LightCtl
[000130000] ECUB OS    EVENT_SET Task_LightCtl mask=0x2
[000130000] ECUB OS    TASK_END Task_BswMain
[000130000] ECUB RTE   CALL R_Odometer_UpdateSpeed
[000130000] ECUB OS    TASK_WAIT Task_LightCtl mask=0x7
[000140000] ECUB OS    ALARM Alarm_BswMain
[000140000] ECUB OS    ALARM Alarm_LightCtl20ms
[000140000] ECUB OS    EVENT_SET Task_LightCtl mask=0x1
[000140000] ECUB OS    TASK_START Task_BswMain prio=4
[000140000] ECUB OS    TASK_END Task_BswMain
[000140000] ECUB RTE   WRITE P_HeadlightCmd_HeadlightCmd=0
[000140000] ECUB RTE   TRIGGER DRE_Actuator_HeadlightCmd -> Task_LightAct
[000140000] ECUB OS    TASK_WAIT Task_LightCtl mask=0x7
[000140000] ECUB OS    TASK_START Task_LightAct prio=2
[000140000] ECUB RTE   CALL R_Odometer_GetDistance
[000140000] ECUB RTE   WRITE P_HeadlightStatus_HeadlightStatus=0
[000140000] ECUB RTE   WRITE P_OdometerDistance_Distance=0
[000140000] ECUB OS    TASK_END Task_LightAct
[000150000] ECUB OS    ALARM Alarm_BswMain
[000150000] ECUB OS    ISR_ENTER Isr_CanRx
[000150000] ECUB CAN   RX id=0x101 dlc=2 data=00 00
[000150000] ECUB CANIF RX pdu=0
[000150000] ECUB PDUR  RX canif=0 com=0
[000150000] ECUB COM   RX ipdu=0 len=2
[000150000] ECUB OS    ISR_EXIT Isr_CanRx
[000150000] ECUB OS    TASK_START Task_BswMain prio=4
[000150000] ECUB COM   NOTIFY sig=0
[000150000] ECUB RTE   TRIGGER DRE_LightCtl_VehicleSpeed -> Task_LightCtl
[000150000] ECUB OS    EVENT_SET Task_LightCtl mask=0x2
[000150000] ECUB OS    TASK_END Task_BswMain
[000150000] ECUB RTE   CALL R_Odometer_UpdateSpeed
[000150000] ECUB OS    TASK_WAIT Task_LightCtl mask=0x7
[000160000] ECUB OS    ALARM Alarm_BswMain
[000160000] ECUB OS    ALARM Alarm_LightCtl20ms
[000160000] ECUB OS    EVENT_SET Task_LightCtl mask=0x1
[000160000] ECUB OS    TASK_START Task_BswMain prio=4
[000160000] ECUB OS    TASK_END Task_BswMain
[000160000] ECUB RTE   WRITE P_HeadlightCmd_HeadlightCmd=0
[000160000] ECUB RTE   TRIGGER DRE_Actuator_HeadlightCmd -> Task_LightAct
[000160000] ECUB OS    TASK_WAIT Task_LightCtl mask=0x7
[000160000] ECUB OS    TASK_START Task_LightAct prio=2
[000160000] ECUB RTE   CALL R_Odometer_GetDistance
[000160000] ECUB RTE   WRITE P_HeadlightStatus_HeadlightStatus=0
[000160000] ECUB RTE   WRITE P_OdometerDistance_Distance=0
[000160000] ECUB OS    TASK_END Task_LightAct
[000170000] ECUB OS    ALARM Alarm_BswMain
[000170000] ECUB OS    ISR_ENTER Isr_CanRx
[000170000] ECUB CAN   RX id=0x101 dlc=2 data=00 00
[000170000] ECUB CANIF RX pdu=0
[000170000] ECUB PDUR  RX canif=0 com=0
[000170000] ECUB COM   RX ipdu=0 len=2
[000170000] ECUB OS    ISR_EXIT Isr_CanRx
[000170000] ECUB OS    TASK_START Task_BswMain prio=4
[000170000] ECUB COM   NOTIFY sig=0
[000170000] ECUB RTE   TRIGGER DRE_LightCtl_VehicleSpeed -> Task_LightCtl
[000170000] ECUB OS    EVENT_SET Task_LightCtl mask=0x2
[000170000] ECUB OS    TASK_END Task_BswMain
[000170000] ECUB RTE   CALL R_Odometer_UpdateSpeed
[000170000] ECUB OS    TASK_WAIT Task_LightCtl mask=0x7
[000180000] ECUB OS    ALARM Alarm_BswMain
[000180000] ECUB OS    ALARM Alarm_LightCtl20ms
[000180000] ECUB OS    EVENT_SET Task_LightCtl mask=0x1
[000180000] ECUB OS    TASK_START Task_BswMain prio=4
[000180000] ECUB OS    TASK_END Task_BswMain
[000180000] ECUB RTE   WRITE P_HeadlightCmd_HeadlightCmd=0
[000180000] ECUB RTE   TRIGGER DRE_Actuator_HeadlightCmd -> Task_LightAct
[000180000] ECUB OS    TASK_WAIT Task_LightCtl mask=0x7
[000180000] ECUB OS    TASK_START Task_LightAct prio=2
[000180000] ECUB RTE   CALL R_Odometer_GetDistance
[000180000] ECUB RTE   WRITE P_HeadlightStatus_HeadlightStatus=0
[000180000] ECUB RTE   WRITE P_OdometerDistance_Distance=0
[000180000] ECUB OS    TASK_END Task_LightAct
[000190000] ECUB OS    ALARM Alarm_BswMain
[000190000] ECUB OS    ISR_ENTER Isr_CanRx
[000190000] ECUB CAN   RX id=0x101 dlc=2 data=00 00
[000190000] ECUB CANIF RX pdu=0
[000190000] ECUB PDUR  RX canif=0 com=0
[000190000] ECUB COM   RX ipdu=0 len=2
[000190000] ECUB OS    ISR_EXIT Isr_CanRx
[000190000] ECUB OS    TASK_START Task_BswMain prio=4
[000190000] ECUB COM   NOTIFY sig=0
[000190000] ECUB RTE   TRIGGER DRE_LightCtl_VehicleSpeed -> Task_LightCtl
[000190000] ECUB OS    EVENT_SET Task_LightCtl mask=0x2
[000190000] ECUB OS    TASK_END Task_BswMain
[000190000] ECUB RTE   CALL R_Odometer_UpdateSpeed
[000190000] ECUB OS    TASK_WAIT Task_LightCtl mask=0x7
[000200000] ECUB OS    ALARM Alarm_BswMain
[000200000] ECUB OS    ALARM Alarm_LightCtl20ms
[000200000] ECUB OS    EVENT_SET Task_LightCtl mask=0x1
[000200000] ECUB SIM   RESTBUS TX id=0x301 dlc=1 data=c8
[000200000] ECUB OS    ISR_ENTER Isr_CanRx
[000200000] ECUB CAN   RX id=0x301 dlc=1 data=c8
[000200000] ECUB CANIF RX pdu=1
[000200000] ECUB PDUR  RX canif=1 com=1
[000200000] ECUB COM   RX ipdu=1 len=1
[000200000] ECUB OS    ISR_EXIT Isr_CanRx
[000200000] ECUB OS    TASK_START Task_BswMain prio=4
[000200000] ECUB OS    TASK_END Task_BswMain
[000200000] ECUB RTE   WRITE P_HeadlightCmd_HeadlightCmd=0
[000200000] ECUB RTE   TRIGGER DRE_Actuator_HeadlightCmd -> Task_LightAct
[000200000] ECUB OS    TASK_WAIT Task_LightCtl mask=0x7
[000200000] ECUB OS    TASK_START Task_LightAct prio=2
[000200000] ECUB RTE   CALL R_Odometer_GetDistance
[000200000] ECUB RTE   WRITE P_HeadlightStatus_HeadlightStatus=0
[000200000] ECUB RTE   WRITE P_OdometerDistance_Distance=0
[000200000] ECUB OS    TASK_END Task_LightAct
[000203000] ECUB SIM   RESTBUS TX id=0x3f0 dlc=1 data=00
[000203000] ECUB OS    ISR_ENTER Isr_CanRx
[000203000] ECUB CAN   RX id=0x3f0 dlc=1 data=00
[000203000] ECUB CANIF RX pdu=2
[000203000] ECUB PDUR  RX canif=2 com=2
[000203000] ECUB COM   RX ipdu=2 len=1
[000203000] ECUB OS    ISR_EXIT Isr_CanRx
[000210000] ECUB OS    ALARM Alarm_BswMain
[000210000] ECUB OS    ISR_ENTER Isr_CanRx
[000210000] ECUB CAN   RX id=0x101 dlc=2 data=00 00
[000210000] ECUB CANIF RX pdu=0
[000210000] ECUB PDUR  RX canif=0 com=0
[000210000] ECUB COM   RX ipdu=0 len=2
[000210000] ECUB OS    ISR_EXIT Isr_CanRx
[000210000] ECUB OS    TASK_START Task_BswMain prio=4
[000210000] ECUB COM   NOTIFY sig=0
[000210000] ECUB RTE   TRIGGER DRE_LightCtl_VehicleSpeed -> Task_LightCtl
[000210000] ECUB OS    EVENT_SET Task_LightCtl mask=0x2
[000210000] ECUB COM   TX ipdu=3 len=6
[000210000] ECUB PDUR  TX com=3 canif=0
[000210000] ECUB CAN   TX id=0x201 dlc=6 data=00 00 00 00 00 00
[000210000] ECUB CANIF TX pdu=0
[000210000] ECUB OS    TASK_END Task_BswMain
[000210000] ECUB RTE   CALL R_Odometer_UpdateSpeed
[000210000] ECUB OS    TASK_WAIT Task_LightCtl mask=0x7
[000220000] ECUB OS    ALARM Alarm_BswMain
[000220000] ECUB OS    ALARM Alarm_LightCtl20ms
[000220000] ECUB OS    EVENT_SET Task_LightCtl mask=0x1
[000220000] ECUB OS    TASK_START Task_BswMain prio=4
[000220000] ECUB OS    TASK_END Task_BswMain
[000220000] ECUB RTE   WRITE P_HeadlightCmd_HeadlightCmd=0
[000220000] ECUB RTE   TRIGGER DRE_Actuator_HeadlightCmd -> Task_LightAct
[000220000] ECUB OS    TASK_WAIT Task_LightCtl mask=0x7
[000220000] ECUB OS    TASK_START Task_LightAct prio=2
[000220000] ECUB RTE   CALL R_Odometer_GetDistance
[000220000] ECUB RTE   WRITE P_HeadlightStatus_HeadlightStatus=0
[000220000] ECUB RTE   WRITE P_OdometerDistance_Distance=0
[000220000] ECUB OS    TASK_END Task_LightAct
[000230000] ECUB OS    ALARM Alarm_BswMain
[000230000] ECUB OS    ISR_ENTER Isr_CanRx
[000230000] ECUB CAN   RX id=0x101 dlc=2 data=1d 00
[000230000] ECUB CANIF RX pdu=0
[000230000] ECUB PDUR  RX canif=0 com=0
[000230000] ECUB COM   RX ipdu=0 len=2
[000230000] ECUB OS    ISR_EXIT Isr_CanRx
[000230000] ECUB OS    TASK_START Task_BswMain prio=4
[000230000] ECUB COM   NOTIFY sig=0
[000230000] ECUB RTE   TRIGGER DRE_LightCtl_VehicleSpeed -> Task_LightCtl
[000230000] ECUB OS    EVENT_SET Task_LightCtl mask=0x2
[000230000] ECUB OS    TASK_END Task_BswMain
[000230000] ECUB RTE   CALL R_Odometer_UpdateSpeed
[000230000] ECUB OS    TASK_WAIT Task_LightCtl mask=0x7
[000240000] ECUB OS    ALARM Alarm_BswMain
[000240000] ECUB OS    ALARM Alarm_LightCtl20ms
[000240000] ECUB OS    EVENT_SET Task_LightCtl mask=0x1
[000240000] ECUB OS    TASK_START Task_BswMain prio=4
[000240000] ECUB OS    TASK_END Task_BswMain
[000240000] ECUB RTE   WRITE P_HeadlightCmd_HeadlightCmd=0
[000240000] ECUB RTE   TRIGGER DRE_Actuator_HeadlightCmd -> Task_LightAct
[000240000] ECUB OS    TASK_WAIT Task_LightCtl mask=0x7
[000240000] ECUB OS    TASK_START Task_LightAct prio=2
[000240000] ECUB RTE   CALL R_Odometer_GetDistance
[000240000] ECUB RTE   WRITE P_HeadlightStatus_HeadlightStatus=0
[000240000] ECUB RTE   WRITE P_OdometerDistance_Distance=0
[000240000] ECUB OS    TASK_END Task_LightAct
[000250000] ECUB OS    ALARM Alarm_BswMain
[000250000] ECUB OS    ISR_ENTER Isr_CanRx
[000250000] ECUB CAN   RX id=0x101 dlc=2 data=3a 00
[000250000] ECUB CANIF RX pdu=0
[000250000] ECUB PDUR  RX canif=0 com=0
[000250000] ECUB COM   RX ipdu=0 len=2
[000250000] ECUB OS    ISR_EXIT Isr_CanRx
[000250000] ECUB OS    TASK_START Task_BswMain prio=4
[000250000] ECUB COM   NOTIFY sig=0
[000250000] ECUB RTE   TRIGGER DRE_LightCtl_VehicleSpeed -> Task_LightCtl
[000250000] ECUB OS    EVENT_SET Task_LightCtl mask=0x2
[000250000] ECUB OS    TASK_END Task_BswMain
[000250000] ECUB RTE   CALL R_Odometer_UpdateSpeed
[000250000] ECUB OS    TASK_WAIT Task_LightCtl mask=0x7
[000260000] ECUB OS    ALARM Alarm_BswMain
[000260000] ECUB OS    ALARM Alarm_LightCtl20ms
[000260000] ECUB OS    EVENT_SET Task_LightCtl mask=0x1
[000260000] ECUB OS    TASK_START Task_BswMain prio=4
[000260000] ECUB OS    TASK_END Task_BswMain
[000260000] ECUB RTE   WRITE P_HeadlightCmd_HeadlightCmd=0
[000260000] ECUB RTE   TRIGGER DRE_Actuator_HeadlightCmd -> Task_LightAct
[000260000] ECUB OS    TASK_WAIT Task_LightCtl mask=0x7
[000260000] ECUB OS    TASK_START Task_LightAct prio=2
[000260000] ECUB RTE   CALL R_Odometer_GetDistance
[000260000] ECUB RTE   WRITE P_HeadlightStatus_HeadlightStatus=0
[000260000] ECUB RTE   WRITE P_OdometerDistance_Distance=0
[000260000] ECUB OS    TASK_END Task_LightAct
[000270000] ECUB OS    ALARM Alarm_BswMain
[000270000] ECUB OS    ISR_ENTER Isr_CanRx
[000270000] ECUB CAN   RX id=0x101 dlc=2 data=57 00
[000270000] ECUB CANIF RX pdu=0
[000270000] ECUB PDUR  RX canif=0 com=0
[000270000] ECUB COM   RX ipdu=0 len=2
[000270000] ECUB OS    ISR_EXIT Isr_CanRx
[000270000] ECUB OS    TASK_START Task_BswMain prio=4
[000270000] ECUB COM   NOTIFY sig=0
[000270000] ECUB RTE   TRIGGER DRE_LightCtl_VehicleSpeed -> Task_LightCtl
[000270000] ECUB OS    EVENT_SET Task_LightCtl mask=0x2
[000270000] ECUB OS    TASK_END Task_BswMain
[000270000] ECUB RTE   CALL R_Odometer_UpdateSpeed
[000270000] ECUB OS    TASK_WAIT Task_LightCtl mask=0x7
[000280000] ECUB OS    ALARM Alarm_BswMain
[000280000] ECUB OS    ALARM Alarm_LightCtl20ms
[000280000] ECUB OS    EVENT_SET Task_LightCtl mask=0x1
[000280000] ECUB OS    TASK_START Task_BswMain prio=4
[000280000] ECUB OS    TASK_END Task_BswMain
[000280000] ECUB RTE   WRITE P_HeadlightCmd_HeadlightCmd=0
[000280000] ECUB RTE   TRIGGER DRE_Actuator_HeadlightCmd -> Task_LightAct
[000280000] ECUB OS    TASK_WAIT Task_LightCtl mask=0x7
[000280000] ECUB OS    TASK_START Task_LightAct prio=2
[000280000] ECUB RTE   CALL R_Odometer_GetDistance
[000280000] ECUB RTE   WRITE P_HeadlightStatus_HeadlightStatus=0
[000280000] ECUB RTE   WRITE P_OdometerDistance_Distance=0
[000280000] ECUB OS    TASK_END Task_LightAct
[000290000] ECUB OS    ALARM Alarm_BswMain
[000290000] ECUB OS    ISR_ENTER Isr_CanRx
[000290000] ECUB CAN   RX id=0x101 dlc=2 data=75 00
[000290000] ECUB CANIF RX pdu=0
[000290000] ECUB PDUR  RX canif=0 com=0
[000290000] ECUB COM   RX ipdu=0 len=2
[000290000] ECUB OS    ISR_EXIT Isr_CanRx
[000290000] ECUB OS    TASK_START Task_BswMain prio=4
[000290000] ECUB COM   NOTIFY sig=0
[000290000] ECUB RTE   TRIGGER DRE_LightCtl_VehicleSpeed -> Task_LightCtl
[000290000] ECUB OS    EVENT_SET Task_LightCtl mask=0x2
[000290000] ECUB OS    TASK_END Task_BswMain
[000290000] ECUB RTE   CALL R_Odometer_UpdateSpeed
[000290000] ECUB OS    TASK_WAIT Task_LightCtl mask=0x7
[000300000] ECUB OS    ALARM Alarm_BswMain
[000300000] ECUB OS    ALARM Alarm_LightCtl20ms
[000300000] ECUB OS    EVENT_SET Task_LightCtl mask=0x1
[000300000] ECUB SIM   RESTBUS TX id=0x301 dlc=1 data=c8
[000300000] ECUB OS    ISR_ENTER Isr_CanRx
[000300000] ECUB CAN   RX id=0x301 dlc=1 data=c8
[000300000] ECUB CANIF RX pdu=1
[000300000] ECUB PDUR  RX canif=1 com=1
[000300000] ECUB COM   RX ipdu=1 len=1
[000300000] ECUB OS    ISR_EXIT Isr_CanRx
[000300000] ECUB OS    TASK_START Task_BswMain prio=4
[000300000] ECUB OS    TASK_END Task_BswMain
[000300000] ECUB RTE   WRITE P_HeadlightCmd_HeadlightCmd=0
[000300000] ECUB RTE   TRIGGER DRE_Actuator_HeadlightCmd -> Task_LightAct
[000300000] ECUB OS    TASK_WAIT Task_LightCtl mask=0x7
[000300000] ECUB OS    TASK_START Task_LightAct prio=2
[000300000] ECUB RTE   CALL R_Odometer_GetDistance
[000300000] ECUB RTE   WRITE P_HeadlightStatus_HeadlightStatus=0
[000300000] ECUB RTE   WRITE P_OdometerDistance_Distance=0
[000300000] ECUB OS    TASK_END Task_LightAct
[000303000] ECUB SIM   RESTBUS TX id=0x3f0 dlc=1 data=00
[000303000] ECUB OS    ISR_ENTER Isr_CanRx
[000303000] ECUB CAN   RX id=0x3f0 dlc=1 data=00
[000303000] ECUB CANIF RX pdu=2
[000303000] ECUB PDUR  RX canif=2 com=2
[000303000] ECUB COM   RX ipdu=2 len=1
[000303000] ECUB OS    ISR_EXIT Isr_CanRx
[000310000] ECUB OS    ALARM Alarm_BswMain
[000310000] ECUB OS    ISR_ENTER Isr_CanRx
[000310000] ECUB CAN   RX id=0x101 dlc=2 data=92 00
[000310000] ECUB CANIF RX pdu=0
[000310000] ECUB PDUR  RX canif=0 com=0
[000310000] ECUB COM   RX ipdu=0 len=2
[000310000] ECUB OS    ISR_EXIT Isr_CanRx
[000310000] ECUB OS    TASK_START Task_BswMain prio=4
[000310000] ECUB COM   NOTIFY sig=0
[000310000] ECUB RTE   TRIGGER DRE_LightCtl_VehicleSpeed -> Task_LightCtl
[000310000] ECUB OS    EVENT_SET Task_LightCtl mask=0x2
[000310000] ECUB COM   TX ipdu=3 len=6
[000310000] ECUB PDUR  TX com=3 canif=0
[000310000] ECUB CAN   TX id=0x201 dlc=6 data=00 00 00 00 00 00
[000310000] ECUB CANIF TX pdu=0
[000310000] ECUB OS    TASK_END Task_BswMain
[000310000] ECUB RTE   CALL R_Odometer_UpdateSpeed
[000310000] ECUB OS    TASK_WAIT Task_LightCtl mask=0x7
[000320000] ECUB OS    ALARM Alarm_BswMain
[000320000] ECUB OS    ALARM Alarm_LightCtl20ms
[000320000] ECUB OS    EVENT_SET Task_LightCtl mask=0x1
[000320000] ECUB OS    TASK_START Task_BswMain prio=4
[000320000] ECUB OS    TASK_END Task_BswMain
[000320000] ECUB RTE   WRITE P_HeadlightCmd_HeadlightCmd=0
[000320000] ECUB RTE   TRIGGER DRE_Actuator_HeadlightCmd -> Task_LightAct
[000320000] ECUB OS    TASK_WAIT Task_LightCtl mask=0x7
[000320000] ECUB OS    TASK_START Task_LightAct prio=2
[000320000] ECUB RTE   CALL R_Odometer_GetDistance
[000320000] ECUB RTE   WRITE P_HeadlightStatus_HeadlightStatus=0
[000320000] ECUB RTE   WRITE P_OdometerDistance_Distance=0
[000320000] ECUB OS    TASK_END Task_LightAct
[000330000] ECUB OS    ALARM Alarm_BswMain
[000330000] ECUB OS    ISR_ENTER Isr_CanRx
[000330000] ECUB CAN   RX id=0x101 dlc=2 data=af 00
[000330000] ECUB CANIF RX pdu=0
[000330000] ECUB PDUR  RX canif=0 com=0
[000330000] ECUB COM   RX ipdu=0 len=2
[000330000] ECUB OS    ISR_EXIT Isr_CanRx
[000330000] ECUB OS    TASK_START Task_BswMain prio=4
[000330000] ECUB COM   NOTIFY sig=0
[000330000] ECUB RTE   TRIGGER DRE_LightCtl_VehicleSpeed -> Task_LightCtl
[000330000] ECUB OS    EVENT_SET Task_LightCtl mask=0x2
[000330000] ECUB OS    TASK_END Task_BswMain
[000330000] ECUB RTE   CALL R_Odometer_UpdateSpeed
[000330000] ECUB OS    TASK_WAIT Task_LightCtl mask=0x7
[000340000] ECUB OS    ALARM Alarm_BswMain
[000340000] ECUB OS    ALARM Alarm_LightCtl20ms
[000340000] ECUB OS    EVENT_SET Task_LightCtl mask=0x1
[000340000] ECUB OS    TASK_START Task_BswMain prio=4
[000340000] ECUB OS    TASK_END Task_BswMain
[000340000] ECUB RTE   WRITE P_HeadlightCmd_HeadlightCmd=0
[000340000] ECUB RTE   TRIGGER DRE_Actuator_HeadlightCmd -> Task_LightAct
[000340000] ECUB OS    TASK_WAIT Task_LightCtl mask=0x7
[000340000] ECUB OS    TASK_START Task_LightAct prio=2
[000340000] ECUB RTE   CALL R_Odometer_GetDistance
[000340000] ECUB RTE   WRITE P_HeadlightStatus_HeadlightStatus=0
[000340000] ECUB RTE   WRITE P_OdometerDistance_Distance=0
[000340000] ECUB OS    TASK_END Task_LightAct
[000350000] ECUB OS    ALARM Alarm_BswMain
[000350000] ECUB OS    ISR_ENTER Isr_CanRx
[000350000] ECUB CAN   RX id=0x101 dlc=2 data=cd 00
[000350000] ECUB CANIF RX pdu=0
[000350000] ECUB PDUR  RX canif=0 com=0
[000350000] ECUB COM   RX ipdu=0 len=2
[000350000] ECUB OS    ISR_EXIT Isr_CanRx
[000350000] ECUB OS    TASK_START Task_BswMain prio=4
[000350000] ECUB COM   NOTIFY sig=0
[000350000] ECUB RTE   TRIGGER DRE_LightCtl_VehicleSpeed -> Task_LightCtl
[000350000] ECUB OS    EVENT_SET Task_LightCtl mask=0x2
[000350000] ECUB OS    TASK_END Task_BswMain
[000350000] ECUB RTE   CALL R_Odometer_UpdateSpeed
[000350000] ECUB OS    TASK_WAIT Task_LightCtl mask=0x7
[000360000] ECUB OS    ALARM Alarm_BswMain
[000360000] ECUB OS    ALARM Alarm_LightCtl20ms
[000360000] ECUB OS    EVENT_SET Task_LightCtl mask=0x1
[000360000] ECUB OS    TASK_START Task_BswMain prio=4
[000360000] ECUB OS    TASK_END Task_BswMain
[000360000] ECUB RTE   WRITE P_HeadlightCmd_HeadlightCmd=0
[000360000] ECUB RTE   TRIGGER DRE_Actuator_HeadlightCmd -> Task_LightAct
[000360000] ECUB OS    TASK_WAIT Task_LightCtl mask=0x7
[000360000] ECUB OS    TASK_START Task_LightAct prio=2
[000360000] ECUB RTE   CALL R_Odometer_GetDistance
[000360000] ECUB RTE   WRITE P_HeadlightStatus_HeadlightStatus=0
[000360000] ECUB RTE   WRITE P_OdometerDistance_Distance=0
[000360000] ECUB OS    TASK_END Task_LightAct
[000370000] ECUB OS    ALARM Alarm_BswMain
[000370000] ECUB OS    ISR_ENTER Isr_CanRx
[000370000] ECUB CAN   RX id=0x101 dlc=2 data=ea 00
[000370000] ECUB CANIF RX pdu=0
[000370000] ECUB PDUR  RX canif=0 com=0
[000370000] ECUB COM   RX ipdu=0 len=2
[000370000] ECUB OS    ISR_EXIT Isr_CanRx
[000370000] ECUB OS    TASK_START Task_BswMain prio=4
[000370000] ECUB COM   NOTIFY sig=0
[000370000] ECUB RTE   TRIGGER DRE_LightCtl_VehicleSpeed -> Task_LightCtl
[000370000] ECUB OS    EVENT_SET Task_LightCtl mask=0x2
[000370000] ECUB OS    TASK_END Task_BswMain
[000370000] ECUB RTE   CALL R_Odometer_UpdateSpeed
[000370000] ECUB OS    TASK_WAIT Task_LightCtl mask=0x7
[000380000] ECUB OS    ALARM Alarm_BswMain
[000380000] ECUB OS    ALARM Alarm_LightCtl20ms
[000380000] ECUB OS    EVENT_SET Task_LightCtl mask=0x1
[000380000] ECUB OS    TASK_START Task_BswMain prio=4
[000380000] ECUB OS    TASK_END Task_BswMain
[000380000] ECUB RTE   WRITE P_HeadlightCmd_HeadlightCmd=0
[000380000] ECUB RTE   TRIGGER DRE_Actuator_HeadlightCmd -> Task_LightAct
[000380000] ECUB OS    TASK_WAIT Task_LightCtl mask=0x7
[000380000] ECUB OS    TASK_START Task_LightAct prio=2
[000380000] ECUB RTE   CALL R_Odometer_GetDistance
[000380000] ECUB RTE   WRITE P_HeadlightStatus_HeadlightStatus=0
[000380000] ECUB RTE   WRITE P_OdometerDistance_Distance=0
[000380000] ECUB OS    TASK_END Task_LightAct
[000390000] ECUB OS    ALARM Alarm_BswMain
[000390000] ECUB OS    ISR_ENTER Isr_CanRx
[000390000] ECUB CAN   RX id=0x101 dlc=2 data=07 01
[000390000] ECUB CANIF RX pdu=0
[000390000] ECUB PDUR  RX canif=0 com=0
[000390000] ECUB COM   RX ipdu=0 len=2
[000390000] ECUB OS    ISR_EXIT Isr_CanRx
[000390000] ECUB OS    TASK_START Task_BswMain prio=4
[000390000] ECUB COM   NOTIFY sig=0
[000390000] ECUB RTE   TRIGGER DRE_LightCtl_VehicleSpeed -> Task_LightCtl
[000390000] ECUB OS    EVENT_SET Task_LightCtl mask=0x2
[000390000] ECUB OS    TASK_END Task_BswMain
[000390000] ECUB RTE   CALL R_Odometer_UpdateSpeed
[000390000] ECUB OS    TASK_WAIT Task_LightCtl mask=0x7
[000400000] ECUB OS    ALARM Alarm_BswMain
[000400000] ECUB OS    ALARM Alarm_LightCtl20ms
[000400000] ECUB OS    EVENT_SET Task_LightCtl mask=0x1
[000400000] ECUB SIM   RESTBUS TX id=0x301 dlc=1 data=c8
[000400000] ECUB OS    ISR_ENTER Isr_CanRx
[000400000] ECUB CAN   RX id=0x301 dlc=1 data=c8
[000400000] ECUB CANIF RX pdu=1
[000400000] ECUB PDUR  RX canif=1 com=1
[000400000] ECUB COM   RX ipdu=1 len=1
[000400000] ECUB OS    ISR_EXIT Isr_CanRx
[000400000] ECUB OS    TASK_START Task_BswMain prio=4
[000400000] ECUB OS    TASK_END Task_BswMain
[000400000] ECUB RTE   WRITE P_HeadlightCmd_HeadlightCmd=0
[000400000] ECUB RTE   TRIGGER DRE_Actuator_HeadlightCmd -> Task_LightAct
[000400000] ECUB OS    TASK_WAIT Task_LightCtl mask=0x7
[000400000] ECUB OS    TASK_START Task_LightAct prio=2
[000400000] ECUB RTE   CALL R_Odometer_GetDistance
[000400000] ECUB RTE   WRITE P_HeadlightStatus_HeadlightStatus=0
[000400000] ECUB RTE   WRITE P_OdometerDistance_Distance=0
[000400000] ECUB OS    TASK_END Task_LightAct
[000403000] ECUB SIM   RESTBUS TX id=0x3f0 dlc=1 data=00
[000403000] ECUB OS    ISR_ENTER Isr_CanRx
[000403000] ECUB CAN   RX id=0x3f0 dlc=1 data=00
[000403000] ECUB CANIF RX pdu=2
[000403000] ECUB PDUR  RX canif=2 com=2
[000403000] ECUB COM   RX ipdu=2 len=1
[000403000] ECUB OS    ISR_EXIT Isr_CanRx
[000410000] ECUB OS    ALARM Alarm_BswMain
[000410000] ECUB OS    ISR_ENTER Isr_CanRx
[000410000] ECUB CAN   RX id=0x101 dlc=2 data=25 01
[000410000] ECUB CANIF RX pdu=0
[000410000] ECUB PDUR  RX canif=0 com=0
[000410000] ECUB COM   RX ipdu=0 len=2
[000410000] ECUB OS    ISR_EXIT Isr_CanRx
[000410000] ECUB OS    TASK_START Task_BswMain prio=4
[000410000] ECUB COM   NOTIFY sig=0
[000410000] ECUB RTE   TRIGGER DRE_LightCtl_VehicleSpeed -> Task_LightCtl
[000410000] ECUB OS    EVENT_SET Task_LightCtl mask=0x2
[000410000] ECUB COM   TX ipdu=3 len=6
[000410000] ECUB PDUR  TX com=3 canif=0
[000410000] ECUB CAN   TX id=0x201 dlc=6 data=00 00 00 00 00 00
[000410000] ECUB CANIF TX pdu=0
[000410000] ECUB OS    TASK_END Task_BswMain
[000410000] ECUB RTE   CALL R_Odometer_UpdateSpeed
[000410000] ECUB OS    TASK_WAIT Task_LightCtl mask=0x7
[000420000] ECUB OS    ALARM Alarm_BswMain
[000420000] ECUB OS    ALARM Alarm_LightCtl20ms
[000420000] ECUB OS    EVENT_SET Task_LightCtl mask=0x1
[000420000] ECUB OS    TASK_START Task_BswMain prio=4
[000420000] ECUB OS    TASK_END Task_BswMain
[000420000] ECUB RTE   WRITE P_HeadlightCmd_HeadlightCmd=0
[000420000] ECUB RTE   TRIGGER DRE_Actuator_HeadlightCmd -> Task_LightAct
[000420000] ECUB OS    TASK_WAIT Task_LightCtl mask=0x7
[000420000] ECUB OS    TASK_START Task_LightAct prio=2
[000420000] ECUB RTE   CALL R_Odometer_GetDistance
[000420000] ECUB RTE   WRITE P_HeadlightStatus_HeadlightStatus=0
[000420000] ECUB RTE   WRITE P_OdometerDistance_Distance=0
[000420000] ECUB OS    TASK_END Task_LightAct
[000430000] ECUB OS    ALARM Alarm_BswMain
[000430000] ECUB OS    ISR_ENTER Isr_CanRx
[000430000] ECUB CAN   RX id=0x101 dlc=2 data=42 01
[000430000] ECUB CANIF RX pdu=0
[000430000] ECUB PDUR  RX canif=0 com=0
[000430000] ECUB COM   RX ipdu=0 len=2
[000430000] ECUB OS    ISR_EXIT Isr_CanRx
[000430000] ECUB OS    TASK_START Task_BswMain prio=4
[000430000] ECUB COM   NOTIFY sig=0
[000430000] ECUB RTE   TRIGGER DRE_LightCtl_VehicleSpeed -> Task_LightCtl
[000430000] ECUB OS    EVENT_SET Task_LightCtl mask=0x2
[000430000] ECUB OS    TASK_END Task_BswMain
[000430000] ECUB RTE   CALL R_Odometer_UpdateSpeed
[000430000] ECUB OS    TASK_WAIT Task_LightCtl mask=0x7
[000440000] ECUB OS    ALARM Alarm_BswMain
[000440000] ECUB OS    ALARM Alarm_LightCtl20ms
[000440000] ECUB OS    EVENT_SET Task_LightCtl mask=0x1
[000440000] ECUB OS    TASK_START Task_BswMain prio=4
[000440000] ECUB OS    TASK_END Task_BswMain
[000440000] ECUB RTE   WRITE P_HeadlightCmd_HeadlightCmd=0
[000440000] ECUB RTE   TRIGGER DRE_Actuator_HeadlightCmd -> Task_LightAct
[000440000] ECUB OS    TASK_WAIT Task_LightCtl mask=0x7
[000440000] ECUB OS    TASK_START Task_LightAct prio=2
[000440000] ECUB RTE   CALL R_Odometer_GetDistance
[000440000] ECUB RTE   WRITE P_HeadlightStatus_HeadlightStatus=0
[000440000] ECUB RTE   WRITE P_OdometerDistance_Distance=1
[000440000] ECUB OS    TASK_END Task_LightAct
[000450000] ECUB OS    ALARM Alarm_BswMain
[000450000] ECUB OS    ISR_ENTER Isr_CanRx
[000450000] ECUB CAN   RX id=0x101 dlc=2 data=5f 01
[000450000] ECUB CANIF RX pdu=0
[000450000] ECUB PDUR  RX canif=0 com=0
[000450000] ECUB COM   RX ipdu=0 len=2
[000450000] ECUB OS    ISR_EXIT Isr_CanRx
[000450000] ECUB OS    TASK_START Task_BswMain prio=4
[000450000] ECUB COM   NOTIFY sig=0
[000450000] ECUB RTE   TRIGGER DRE_LightCtl_VehicleSpeed -> Task_LightCtl
[000450000] ECUB OS    EVENT_SET Task_LightCtl mask=0x2
[000450000] ECUB OS    TASK_END Task_BswMain
[000450000] ECUB RTE   CALL R_Odometer_UpdateSpeed
[000450000] ECUB OS    TASK_WAIT Task_LightCtl mask=0x7
[000460000] ECUB OS    ALARM Alarm_BswMain
[000460000] ECUB OS    ALARM Alarm_LightCtl20ms
[000460000] ECUB OS    EVENT_SET Task_LightCtl mask=0x1
[000460000] ECUB OS    TASK_START Task_BswMain prio=4
[000460000] ECUB OS    TASK_END Task_BswMain
[000460000] ECUB RTE   WRITE P_HeadlightCmd_HeadlightCmd=0
[000460000] ECUB RTE   TRIGGER DRE_Actuator_HeadlightCmd -> Task_LightAct
[000460000] ECUB OS    TASK_WAIT Task_LightCtl mask=0x7
[000460000] ECUB OS    TASK_START Task_LightAct prio=2
[000460000] ECUB RTE   CALL R_Odometer_GetDistance
[000460000] ECUB RTE   WRITE P_HeadlightStatus_HeadlightStatus=0
[000460000] ECUB RTE   WRITE P_OdometerDistance_Distance=1
[000460000] ECUB OS    TASK_END Task_LightAct
[000470000] ECUB OS    ALARM Alarm_BswMain
[000470000] ECUB OS    ISR_ENTER Isr_CanRx
[000470000] ECUB CAN   RX id=0x101 dlc=2 data=7c 01
[000470000] ECUB CANIF RX pdu=0
[000470000] ECUB PDUR  RX canif=0 com=0
[000470000] ECUB COM   RX ipdu=0 len=2
[000470000] ECUB OS    ISR_EXIT Isr_CanRx
[000470000] ECUB OS    TASK_START Task_BswMain prio=4
[000470000] ECUB COM   NOTIFY sig=0
[000470000] ECUB RTE   TRIGGER DRE_LightCtl_VehicleSpeed -> Task_LightCtl
[000470000] ECUB OS    EVENT_SET Task_LightCtl mask=0x2
[000470000] ECUB OS    TASK_END Task_BswMain
[000470000] ECUB RTE   CALL R_Odometer_UpdateSpeed
[000470000] ECUB OS    TASK_WAIT Task_LightCtl mask=0x7
[000480000] ECUB OS    ALARM Alarm_BswMain
[000480000] ECUB OS    ALARM Alarm_LightCtl20ms
[000480000] ECUB OS    EVENT_SET Task_LightCtl mask=0x1
[000480000] ECUB OS    TASK_START Task_BswMain prio=4
[000480000] ECUB OS    TASK_END Task_BswMain
[000480000] ECUB RTE   WRITE P_HeadlightCmd_HeadlightCmd=0
[000480000] ECUB RTE   TRIGGER DRE_Actuator_HeadlightCmd -> Task_LightAct
[000480000] ECUB OS    TASK_WAIT Task_LightCtl mask=0x7
[000480000] ECUB OS    TASK_START Task_LightAct prio=2
[000480000] ECUB RTE   CALL R_Odometer_GetDistance
[000480000] ECUB RTE   WRITE P_HeadlightStatus_HeadlightStatus=0
[000480000] ECUB RTE   WRITE P_OdometerDistance_Distance=1
[000480000] ECUB OS    TASK_END Task_LightAct
[000490000] ECUB OS    ALARM Alarm_BswMain
[000490000] ECUB OS    ISR_ENTER Isr_CanRx
[000490000] ECUB CAN   RX id=0x101 dlc=2 data=9a 01
[000490000] ECUB CANIF RX pdu=0
[000490000] ECUB PDUR  RX canif=0 com=0
[000490000] ECUB COM   RX ipdu=0 len=2
[000490000] ECUB OS    ISR_EXIT Isr_CanRx
[000490000] ECUB OS    TASK_START Task_BswMain prio=4
[000490000] ECUB COM   NOTIFY sig=0
[000490000] ECUB RTE   TRIGGER DRE_LightCtl_VehicleSpeed -> Task_LightCtl
[000490000] ECUB OS    EVENT_SET Task_LightCtl mask=0x2
[000490000] ECUB OS    TASK_END Task_BswMain
[000490000] ECUB RTE   CALL R_Odometer_UpdateSpeed
[000490000] ECUB OS    TASK_WAIT Task_LightCtl mask=0x7
[000500000] ECUB OS    ALARM Alarm_BswMain
[000500000] ECUB OS    ALARM Alarm_LightCtl20ms
[000500000] ECUB OS    EVENT_SET Task_LightCtl mask=0x1
[000500000] ECUB SIM   RESTBUS TX id=0x301 dlc=1 data=3c
[000500000] ECUB OS    ISR_ENTER Isr_CanRx
[000500000] ECUB CAN   RX id=0x301 dlc=1 data=3c
[000500000] ECUB CANIF RX pdu=1
[000500000] ECUB PDUR  RX canif=1 com=1
[000500000] ECUB COM   RX ipdu=1 len=1
[000500000] ECUB OS    ISR_EXIT Isr_CanRx
[000500000] ECUB OS    TASK_START Task_BswMain prio=4
[000500000] ECUB OS    TASK_END Task_BswMain
[000500000] ECUB SWC   LightCtl cmd=1 speed=410 ambient=60 postrun=0
[000500000] ECUB RTE   WRITE P_HeadlightCmd_HeadlightCmd=1
[000500000] ECUB RTE   TRIGGER DRE_Actuator_HeadlightCmd -> Task_LightAct
[000500000] ECUB OS    TASK_WAIT Task_LightCtl mask=0x7
[000500000] ECUB OS    TASK_START Task_LightAct prio=2
[000500000] ECUB RTE   CALL R_Odometer_GetDistance
[000500000] ECUB RTE   CALL R_LightHw_SetHeadlight
[000500000] ECUB SIM   GPIO PC7=1
[000500000] ECUB BSW   IOHWAB LIGHT state=1
[000500000] ECUB SWC   Actuator state=1 dist=1
[000500000] ECUB RTE   WRITE P_HeadlightStatus_HeadlightStatus=1
[000500000] ECUB RTE   WRITE P_OdometerDistance_Distance=1
[000500000] ECUB OS    TASK_END Task_LightAct
[000503000] ECUB SIM   RESTBUS TX id=0x3f0 dlc=1 data=00
[000503000] ECUB OS    ISR_ENTER Isr_CanRx
[000503000] ECUB CAN   RX id=0x3f0 dlc=1 data=00
[000503000] ECUB CANIF RX pdu=2
[000503000] ECUB PDUR  RX canif=2 com=2
[000503000] ECUB COM   RX ipdu=2 len=1
[000503000] ECUB OS    ISR_EXIT Isr_CanRx
[000510000] ECUB OS    ALARM Alarm_BswMain
[000510000] ECUB OS    ISR_ENTER Isr_CanRx
[000510000] ECUB CAN   RX id=0x101 dlc=2 data=b7 01
[000510000] ECUB CANIF RX pdu=0
[000510000] ECUB PDUR  RX canif=0 com=0
[000510000] ECUB COM   RX ipdu=0 len=2
[000510000] ECUB OS    ISR_EXIT Isr_CanRx
[000510000] ECUB OS    TASK_START Task_BswMain prio=4
[000510000] ECUB COM   NOTIFY sig=0
[000510000] ECUB RTE   TRIGGER DRE_LightCtl_VehicleSpeed -> Task_LightCtl
[000510000] ECUB OS    EVENT_SET Task_LightCtl mask=0x2
[000510000] ECUB COM   TX ipdu=3 len=6
[000510000] ECUB PDUR  TX com=3 canif=0
[000510000] ECUB CAN   TX id=0x201 dlc=6 data=01 00 01 00 00 00
[000510000] ECUB CANIF TX pdu=0
[000510000] ECUB OS    TASK_END Task_BswMain
[000510000] ECUB RTE   CALL R_Odometer_UpdateSpeed
[000510000] ECUB OS    TASK_WAIT Task_LightCtl mask=0x7
[000520000] ECUB OS    ALARM Alarm_BswMain
[000520000] ECUB OS    ALARM Alarm_LightCtl20ms
[000520000] ECUB OS    EVENT_SET Task_LightCtl mask=0x1
[000520000] ECUB OS    TASK_START Task_BswMain prio=4
[000520000] ECUB OS    TASK_END Task_BswMain
[000520000] ECUB RTE   WRITE P_HeadlightCmd_HeadlightCmd=1
[000520000] ECUB RTE   TRIGGER DRE_Actuator_HeadlightCmd -> Task_LightAct
[000520000] ECUB OS    TASK_WAIT Task_LightCtl mask=0x7
[000520000] ECUB OS    TASK_START Task_LightAct prio=2
[000520000] ECUB RTE   CALL R_Odometer_GetDistance
[000520000] ECUB RTE   WRITE P_HeadlightStatus_HeadlightStatus=1
[000520000] ECUB RTE   WRITE P_OdometerDistance_Distance=1
[000520000] ECUB OS    TASK_END Task_LightAct
[000530000] ECUB OS    ALARM Alarm_BswMain
[000530000] ECUB OS    ISR_ENTER Isr_CanRx
[000530000] ECUB CAN   RX id=0x101 dlc=2 data=d4 01
[000530000] ECUB CANIF RX pdu=0
[000530000] ECUB PDUR  RX canif=0 com=0
[000530000] ECUB COM   RX ipdu=0 len=2
[000530000] ECUB OS    ISR_EXIT Isr_CanRx
[000530000] ECUB OS    TASK_START Task_BswMain prio=4
[000530000] ECUB COM   NOTIFY sig=0
[000530000] ECUB RTE   TRIGGER DRE_LightCtl_VehicleSpeed -> Task_LightCtl
[000530000] ECUB OS    EVENT_SET Task_LightCtl mask=0x2
[000530000] ECUB OS    TASK_END Task_BswMain
[000530000] ECUB RTE   CALL R_Odometer_UpdateSpeed
[000530000] ECUB OS    TASK_WAIT Task_LightCtl mask=0x7
[000540000] ECUB OS    ALARM Alarm_BswMain
[000540000] ECUB OS    ALARM Alarm_LightCtl20ms
[000540000] ECUB OS    EVENT_SET Task_LightCtl mask=0x1
[000540000] ECUB OS    TASK_START Task_BswMain prio=4
[000540000] ECUB OS    TASK_END Task_BswMain
[000540000] ECUB RTE   WRITE P_HeadlightCmd_HeadlightCmd=1
[000540000] ECUB RTE   TRIGGER DRE_Actuator_HeadlightCmd -> Task_LightAct
[000540000] ECUB OS    TASK_WAIT Task_LightCtl mask=0x7
[000540000] ECUB OS    TASK_START Task_LightAct prio=2
[000540000] ECUB RTE   CALL R_Odometer_GetDistance
[000540000] ECUB RTE   WRITE P_HeadlightStatus_HeadlightStatus=1
[000540000] ECUB RTE   WRITE P_OdometerDistance_Distance=2
[000540000] ECUB OS    TASK_END Task_LightAct
[000550000] ECUB OS    ALARM Alarm_BswMain
[000550000] ECUB OS    ISR_ENTER Isr_CanRx
[000550000] ECUB CAN   RX id=0x101 dlc=2 data=f2 01
[000550000] ECUB CANIF RX pdu=0
[000550000] ECUB PDUR  RX canif=0 com=0
[000550000] ECUB COM   RX ipdu=0 len=2
[000550000] ECUB OS    ISR_EXIT Isr_CanRx
[000550000] ECUB OS    TASK_START Task_BswMain prio=4
[000550000] ECUB COM   NOTIFY sig=0
[000550000] ECUB RTE   TRIGGER DRE_LightCtl_VehicleSpeed -> Task_LightCtl
[000550000] ECUB OS    EVENT_SET Task_LightCtl mask=0x2
[000550000] ECUB OS    TASK_END Task_BswMain
[000550000] ECUB RTE   CALL R_Odometer_UpdateSpeed
[000550000] ECUB OS    TASK_WAIT Task_LightCtl mask=0x7
[000560000] ECUB OS    ALARM Alarm_BswMain
[000560000] ECUB OS    ALARM Alarm_LightCtl20ms
[000560000] ECUB OS    EVENT_SET Task_LightCtl mask=0x1
[000560000] ECUB OS    TASK_START Task_BswMain prio=4
[000560000] ECUB OS    TASK_END Task_BswMain
[000560000] ECUB RTE   WRITE P_HeadlightCmd_HeadlightCmd=1
[000560000] ECUB RTE   TRIGGER DRE_Actuator_HeadlightCmd -> Task_LightAct
[000560000] ECUB OS    TASK_WAIT Task_LightCtl mask=0x7
[000560000] ECUB OS    TASK_START Task_LightAct prio=2
[000560000] ECUB RTE   CALL R_Odometer_GetDistance
[000560000] ECUB RTE   WRITE P_HeadlightStatus_HeadlightStatus=1
[000560000] ECUB RTE   WRITE P_OdometerDistance_Distance=2
[000560000] ECUB OS    TASK_END Task_LightAct
[000570000] ECUB OS    ALARM Alarm_BswMain
[000570000] ECUB OS    ISR_ENTER Isr_CanRx
[000570000] ECUB CAN   RX id=0x101 dlc=2 data=0f 02
[000570000] ECUB CANIF RX pdu=0
[000570000] ECUB PDUR  RX canif=0 com=0
[000570000] ECUB COM   RX ipdu=0 len=2
[000570000] ECUB OS    ISR_EXIT Isr_CanRx
[000570000] ECUB OS    TASK_START Task_BswMain prio=4
[000570000] ECUB COM   NOTIFY sig=0
[000570000] ECUB RTE   TRIGGER DRE_LightCtl_VehicleSpeed -> Task_LightCtl
[000570000] ECUB OS    EVENT_SET Task_LightCtl mask=0x2
[000570000] ECUB OS    TASK_END Task_BswMain
[000570000] ECUB RTE   CALL R_Odometer_UpdateSpeed
[000570000] ECUB OS    TASK_WAIT Task_LightCtl mask=0x7
[000580000] ECUB OS    ALARM Alarm_BswMain
[000580000] ECUB OS    ALARM Alarm_LightCtl20ms
[000580000] ECUB OS    EVENT_SET Task_LightCtl mask=0x1
[000580000] ECUB OS    TASK_START Task_BswMain prio=4
[000580000] ECUB OS    TASK_END Task_BswMain
[000580000] ECUB RTE   WRITE P_HeadlightCmd_HeadlightCmd=1
[000580000] ECUB RTE   TRIGGER DRE_Actuator_HeadlightCmd -> Task_LightAct
[000580000] ECUB OS    TASK_WAIT Task_LightCtl mask=0x7
[000580000] ECUB OS    TASK_START Task_LightAct prio=2
[000580000] ECUB RTE   CALL R_Odometer_GetDistance
[000580000] ECUB RTE   WRITE P_HeadlightStatus_HeadlightStatus=1
[000580000] ECUB RTE   WRITE P_OdometerDistance_Distance=2
[000580000] ECUB OS    TASK_END Task_LightAct
[000590000] ECUB OS    ALARM Alarm_BswMain
[000590000] ECUB OS    ISR_ENTER Isr_CanRx
[000590000] ECUB CAN   RX id=0x101 dlc=2 data=2c 02
[000590000] ECUB CANIF RX pdu=0
[000590000] ECUB PDUR  RX canif=0 com=0
[000590000] ECUB COM   RX ipdu=0 len=2
[000590000] ECUB OS    ISR_EXIT Isr_CanRx
[000590000] ECUB OS    TASK_START Task_BswMain prio=4
[000590000] ECUB COM   NOTIFY sig=0
[000590000] ECUB RTE   TRIGGER DRE_LightCtl_VehicleSpeed -> Task_LightCtl
[000590000] ECUB OS    EVENT_SET Task_LightCtl mask=0x2
[000590000] ECUB OS    TASK_END Task_BswMain
[000590000] ECUB RTE   CALL R_Odometer_UpdateSpeed
[000590000] ECUB OS    TASK_WAIT Task_LightCtl mask=0x7
[000600000] ECUB OS    ALARM Alarm_BswMain
[000600000] ECUB OS    ALARM Alarm_LightCtl20ms
[000600000] ECUB OS    EVENT_SET Task_LightCtl mask=0x1
[000600000] ECUB SIM   RESTBUS TX id=0x301 dlc=1 data=3c
[000600000] ECUB OS    ISR_ENTER Isr_CanRx
[000600000] ECUB CAN   RX id=0x301 dlc=1 data=3c
[000600000] ECUB CANIF RX pdu=1
[000600000] ECUB PDUR  RX canif=1 com=1
[000600000] ECUB COM   RX ipdu=1 len=1
[000600000] ECUB OS    ISR_EXIT Isr_CanRx
[000600000] ECUB OS    TASK_START Task_BswMain prio=4
[000600000] ECUB OS    TASK_END Task_BswMain
[000600000] ECUB RTE   WRITE P_HeadlightCmd_HeadlightCmd=1
[000600000] ECUB RTE   TRIGGER DRE_Actuator_HeadlightCmd -> Task_LightAct
[000600000] ECUB OS    TASK_WAIT Task_LightCtl mask=0x7
[000600000] ECUB OS    TASK_START Task_LightAct prio=2
[000600000] ECUB RTE   CALL R_Odometer_GetDistance
[000600000] ECUB RTE   WRITE P_HeadlightStatus_HeadlightStatus=1
[000600000] ECUB RTE   WRITE P_OdometerDistance_Distance=3
[000600000] ECUB OS    TASK_END Task_LightAct
[000603000] ECUB SIM   RESTBUS TX id=0x3f0 dlc=1 data=00
[000603000] ECUB OS    ISR_ENTER Isr_CanRx
[000603000] ECUB CAN   RX id=0x3f0 dlc=1 data=00
[000603000] ECUB CANIF RX pdu=2
[000603000] ECUB PDUR  RX canif=2 com=2
[000603000] ECUB COM   RX ipdu=2 len=1
[000603000] ECUB OS    ISR_EXIT Isr_CanRx
[000610000] ECUB OS    ALARM Alarm_BswMain
[000610000] ECUB OS    ISR_ENTER Isr_CanRx
[000610000] ECUB CAN   RX id=0x101 dlc=2 data=4a 02
[000610000] ECUB CANIF RX pdu=0
[000610000] ECUB PDUR  RX canif=0 com=0
[000610000] ECUB COM   RX ipdu=0 len=2
[000610000] ECUB OS    ISR_EXIT Isr_CanRx
[000610000] ECUB OS    TASK_START Task_BswMain prio=4
[000610000] ECUB COM   NOTIFY sig=0
[000610000] ECUB RTE   TRIGGER DRE_LightCtl_VehicleSpeed -> Task_LightCtl
[000610000] ECUB OS    EVENT_SET Task_LightCtl mask=0x2
[000610000] ECUB COM   TX ipdu=3 len=6
[000610000] ECUB PDUR  TX com=3 canif=0
[000610000] ECUB CAN   TX id=0x201 dlc=6 data=01 00 03 00 00 00
[000610000] ECUB CANIF TX pdu=0
[000610000] ECUB OS    TASK_END Task_BswMain
[000610000] ECUB RTE   CALL R_Odometer_UpdateSpeed
[000610000] ECUB OS    TASK_WAIT Task_LightCtl mask=0x7
[000620000] ECUB OS    ALARM Alarm_BswMain
[000620000] ECUB OS    ALARM Alarm_LightCtl20ms
[000620000] ECUB OS    EVENT_SET Task_LightCtl mask=0x1
[000620000] ECUB OS    TASK_START Task_BswMain prio=4
[000620000] ECUB OS    TASK_END Task_BswMain
[000620000] ECUB RTE   WRITE P_HeadlightCmd_HeadlightCmd=1
[000620000] ECUB RTE   TRIGGER DRE_Actuator_HeadlightCmd -> Task_LightAct
[000620000] ECUB OS    TASK_WAIT Task_LightCtl mask=0x7
[000620000] ECUB OS    TASK_START Task_LightAct prio=2
[000620000] ECUB RTE   CALL R_Odometer_GetDistance
[000620000] ECUB RTE   WRITE P_HeadlightStatus_HeadlightStatus=1
[000620000] ECUB RTE   WRITE P_OdometerDistance_Distance=3
[000620000] ECUB OS    TASK_END Task_LightAct
[000630000] ECUB OS    ALARM Alarm_BswMain
[000630000] ECUB OS    ISR_ENTER Isr_CanRx
[000630000] ECUB CAN   RX id=0x101 dlc=2 data=67 02
[000630000] ECUB CANIF RX pdu=0
[000630000] ECUB PDUR  RX canif=0 com=0
[000630000] ECUB COM   RX ipdu=0 len=2
[000630000] ECUB OS    ISR_EXIT Isr_CanRx
[000630000] ECUB OS    TASK_START Task_BswMain prio=4
[000630000] ECUB COM   NOTIFY sig=0
[000630000] ECUB RTE   TRIGGER DRE_LightCtl_VehicleSpeed -> Task_LightCtl
[000630000] ECUB OS    EVENT_SET Task_LightCtl mask=0x2
[000630000] ECUB OS    TASK_END Task_BswMain
[000630000] ECUB RTE   CALL R_Odometer_UpdateSpeed
[000630000] ECUB OS    TASK_WAIT Task_LightCtl mask=0x7
[000640000] ECUB OS    ALARM Alarm_BswMain
[000640000] ECUB OS    ALARM Alarm_LightCtl20ms
[000640000] ECUB OS    EVENT_SET Task_LightCtl mask=0x1
[000640000] ECUB OS    TASK_START Task_BswMain prio=4
[000640000] ECUB OS    TASK_END Task_BswMain
[000640000] ECUB RTE   WRITE P_HeadlightCmd_HeadlightCmd=1
[000640000] ECUB RTE   TRIGGER DRE_Actuator_HeadlightCmd -> Task_LightAct
[000640000] ECUB OS    TASK_WAIT Task_LightCtl mask=0x7
[000640000] ECUB OS    TASK_START Task_LightAct prio=2
[000640000] ECUB RTE   CALL R_Odometer_GetDistance
[000640000] ECUB RTE   WRITE P_HeadlightStatus_HeadlightStatus=1
[000640000] ECUB RTE   WRITE P_OdometerDistance_Distance=3
[000640000] ECUB OS    TASK_END Task_LightAct
[000650000] ECUB OS    ALARM Alarm_BswMain
[000650000] ECUB OS    ISR_ENTER Isr_CanRx
[000650000] ECUB CAN   RX id=0x101 dlc=2 data=84 02
[000650000] ECUB CANIF RX pdu=0
[000650000] ECUB PDUR  RX canif=0 com=0
[000650000] ECUB COM   RX ipdu=0 len=2
[000650000] ECUB OS    ISR_EXIT Isr_CanRx
[000650000] ECUB OS    TASK_START Task_BswMain prio=4
[000650000] ECUB COM   NOTIFY sig=0
[000650000] ECUB RTE   TRIGGER DRE_LightCtl_VehicleSpeed -> Task_LightCtl
[000650000] ECUB OS    EVENT_SET Task_LightCtl mask=0x2
[000650000] ECUB OS    TASK_END Task_BswMain
[000650000] ECUB RTE   CALL R_Odometer_UpdateSpeed
[000650000] ECUB OS    TASK_WAIT Task_LightCtl mask=0x7
[000660000] ECUB OS    ALARM Alarm_BswMain
[000660000] ECUB OS    ALARM Alarm_LightCtl20ms
[000660000] ECUB OS    EVENT_SET Task_LightCtl mask=0x1
[000660000] ECUB OS    TASK_START Task_BswMain prio=4
[000660000] ECUB OS    TASK_END Task_BswMain
[000660000] ECUB RTE   WRITE P_HeadlightCmd_HeadlightCmd=1
[000660000] ECUB RTE   TRIGGER DRE_Actuator_HeadlightCmd -> Task_LightAct
[000660000] ECUB OS    TASK_WAIT Task_LightCtl mask=0x7
[000660000] ECUB OS    TASK_START Task_LightAct prio=2
[000660000] ECUB RTE   CALL R_Odometer_GetDistance
[000660000] ECUB RTE   WRITE P_HeadlightStatus_HeadlightStatus=1
[000660000] ECUB RTE   WRITE P_OdometerDistance_Distance=4
[000660000] ECUB OS    TASK_END Task_LightAct
[000670000] ECUB OS    ALARM Alarm_BswMain
[000670000] ECUB OS    ISR_ENTER Isr_CanRx
[000670000] ECUB CAN   RX id=0x101 dlc=2 data=a1 02
[000670000] ECUB CANIF RX pdu=0
[000670000] ECUB PDUR  RX canif=0 com=0
[000670000] ECUB COM   RX ipdu=0 len=2
[000670000] ECUB OS    ISR_EXIT Isr_CanRx
[000670000] ECUB OS    TASK_START Task_BswMain prio=4
[000670000] ECUB COM   NOTIFY sig=0
[000670000] ECUB RTE   TRIGGER DRE_LightCtl_VehicleSpeed -> Task_LightCtl
[000670000] ECUB OS    EVENT_SET Task_LightCtl mask=0x2
[000670000] ECUB OS    TASK_END Task_BswMain
[000670000] ECUB RTE   CALL R_Odometer_UpdateSpeed
[000670000] ECUB OS    TASK_WAIT Task_LightCtl mask=0x7
[000680000] ECUB OS    ALARM Alarm_BswMain
[000680000] ECUB OS    ALARM Alarm_LightCtl20ms
[000680000] ECUB OS    EVENT_SET Task_LightCtl mask=0x1
[000680000] ECUB OS    TASK_START Task_BswMain prio=4
[000680000] ECUB OS    TASK_END Task_BswMain
[000680000] ECUB RTE   WRITE P_HeadlightCmd_HeadlightCmd=1
[000680000] ECUB RTE   TRIGGER DRE_Actuator_HeadlightCmd -> Task_LightAct
[000680000] ECUB OS    TASK_WAIT Task_LightCtl mask=0x7
[000680000] ECUB OS    TASK_START Task_LightAct prio=2
[000680000] ECUB RTE   CALL R_Odometer_GetDistance
[000680000] ECUB RTE   WRITE P_HeadlightStatus_HeadlightStatus=1
[000680000] ECUB RTE   WRITE P_OdometerDistance_Distance=4
[000680000] ECUB OS    TASK_END Task_LightAct
[000690000] ECUB OS    ALARM Alarm_BswMain
[000690000] ECUB OS    ISR_ENTER Isr_CanRx
[000690000] ECUB CAN   RX id=0x101 dlc=2 data=bf 02
[000690000] ECUB CANIF RX pdu=0
[000690000] ECUB PDUR  RX canif=0 com=0
[000690000] ECUB COM   RX ipdu=0 len=2
[000690000] ECUB OS    ISR_EXIT Isr_CanRx
[000690000] ECUB OS    TASK_START Task_BswMain prio=4
[000690000] ECUB COM   NOTIFY sig=0
[000690000] ECUB RTE   TRIGGER DRE_LightCtl_VehicleSpeed -> Task_LightCtl
[000690000] ECUB OS    EVENT_SET Task_LightCtl mask=0x2
[000690000] ECUB OS    TASK_END Task_BswMain
[000690000] ECUB RTE   CALL R_Odometer_UpdateSpeed
[000690000] ECUB OS    TASK_WAIT Task_LightCtl mask=0x7
[000700000] ECUB OS    ALARM Alarm_BswMain
[000700000] ECUB OS    ALARM Alarm_LightCtl20ms
[000700000] ECUB OS    EVENT_SET Task_LightCtl mask=0x1
[000700000] ECUB SIM   RESTBUS TX id=0x301 dlc=1 data=3c
[000700000] ECUB OS    ISR_ENTER Isr_CanRx
[000700000] ECUB CAN   RX id=0x301 dlc=1 data=3c
[000700000] ECUB CANIF RX pdu=1
[000700000] ECUB PDUR  RX canif=1 com=1
[000700000] ECUB COM   RX ipdu=1 len=1
[000700000] ECUB OS    ISR_EXIT Isr_CanRx
[000700000] ECUB OS    TASK_START Task_BswMain prio=4
[000700000] ECUB OS    TASK_END Task_BswMain
[000700000] ECUB RTE   WRITE P_HeadlightCmd_HeadlightCmd=1
[000700000] ECUB RTE   TRIGGER DRE_Actuator_HeadlightCmd -> Task_LightAct
[000700000] ECUB OS    TASK_WAIT Task_LightCtl mask=0x7
[000700000] ECUB OS    TASK_START Task_LightAct prio=2
[000700000] ECUB RTE   CALL R_Odometer_GetDistance
[000700000] ECUB RTE   WRITE P_HeadlightStatus_HeadlightStatus=1
[000700000] ECUB RTE   WRITE P_OdometerDistance_Distance=4
[000700000] ECUB OS    TASK_END Task_LightAct
[000703000] ECUB SIM   RESTBUS TX id=0x3f0 dlc=1 data=00
[000703000] ECUB OS    ISR_ENTER Isr_CanRx
[000703000] ECUB CAN   RX id=0x3f0 dlc=1 data=00
[000703000] ECUB CANIF RX pdu=2
[000703000] ECUB PDUR  RX canif=2 com=2
[000703000] ECUB COM   RX ipdu=2 len=1
[000703000] ECUB OS    ISR_EXIT Isr_CanRx
[000710000] ECUB OS    ALARM Alarm_BswMain
[000710000] ECUB OS    ISR_ENTER Isr_CanRx
[000710000] ECUB CAN   RX id=0x101 dlc=2 data=dc 02
[000710000] ECUB CANIF RX pdu=0
[000710000] ECUB PDUR  RX canif=0 com=0
[000710000] ECUB COM   RX ipdu=0 len=2
[000710000] ECUB OS    ISR_EXIT Isr_CanRx
[000710000] ECUB OS    TASK_START Task_BswMain prio=4
[000710000] ECUB COM   NOTIFY sig=0
[000710000] ECUB RTE   TRIGGER DRE_LightCtl_VehicleSpeed -> Task_LightCtl
[000710000] ECUB OS    EVENT_SET Task_LightCtl mask=0x2
[000710000] ECUB COM   TX ipdu=3 len=6
[000710000] ECUB PDUR  TX com=3 canif=0
[000710000] ECUB CAN   TX id=0x201 dlc=6 data=01 00 04 00 00 00
[000710000] ECUB CANIF TX pdu=0
[000710000] ECUB OS    TASK_END Task_BswMain
[000710000] ECUB RTE   CALL R_Odometer_UpdateSpeed
[000710000] ECUB OS    TASK_WAIT Task_LightCtl mask=0x7
[000720000] ECUB OS    ALARM Alarm_BswMain
[000720000] ECUB OS    ALARM Alarm_LightCtl20ms
[000720000] ECUB OS    EVENT_SET Task_LightCtl mask=0x1
[000720000] ECUB OS    TASK_START Task_BswMain prio=4
[000720000] ECUB OS    TASK_END Task_BswMain
[000720000] ECUB RTE   WRITE P_HeadlightCmd_HeadlightCmd=1
[000720000] ECUB RTE   TRIGGER DRE_Actuator_HeadlightCmd -> Task_LightAct
[000720000] ECUB OS    TASK_WAIT Task_LightCtl mask=0x7
[000720000] ECUB OS    TASK_START Task_LightAct prio=2
[000720000] ECUB RTE   CALL R_Odometer_GetDistance
[000720000] ECUB RTE   WRITE P_HeadlightStatus_HeadlightStatus=1
[000720000] ECUB RTE   WRITE P_OdometerDistance_Distance=5
[000720000] ECUB OS    TASK_END Task_LightAct
[000730000] ECUB OS    ALARM Alarm_BswMain
[000730000] ECUB OS    ISR_ENTER Isr_CanRx
[000730000] ECUB CAN   RX id=0x101 dlc=2 data=f9 02
[000730000] ECUB CANIF RX pdu=0
[000730000] ECUB PDUR  RX canif=0 com=0
[000730000] ECUB COM   RX ipdu=0 len=2
[000730000] ECUB OS    ISR_EXIT Isr_CanRx
[000730000] ECUB OS    TASK_START Task_BswMain prio=4
[000730000] ECUB COM   NOTIFY sig=0
[000730000] ECUB RTE   TRIGGER DRE_LightCtl_VehicleSpeed -> Task_LightCtl
[000730000] ECUB OS    EVENT_SET Task_LightCtl mask=0x2
[000730000] ECUB OS    TASK_END Task_BswMain
[000730000] ECUB RTE   CALL R_Odometer_UpdateSpeed
[000730000] ECUB OS    TASK_WAIT Task_LightCtl mask=0x7
[000740000] ECUB OS    ALARM Alarm_BswMain
[000740000] ECUB OS    ALARM Alarm_LightCtl20ms
[000740000] ECUB OS    EVENT_SET Task_LightCtl mask=0x1
[000740000] ECUB OS    TASK_START Task_BswMain prio=4
[000740000] ECUB OS    TASK_END Task_BswMain
[000740000] ECUB RTE   WRITE P_HeadlightCmd_HeadlightCmd=1
[000740000] ECUB RTE   TRIGGER DRE_Actuator_HeadlightCmd -> Task_LightAct
[000740000] ECUB OS    TASK_WAIT Task_LightCtl mask=0x7
[000740000] ECUB OS    TASK_START Task_LightAct prio=2
[000740000] ECUB RTE   CALL R_Odometer_GetDistance
[000740000] ECUB RTE   WRITE P_HeadlightStatus_HeadlightStatus=1
[000740000] ECUB RTE   WRITE P_OdometerDistance_Distance=5
[000740000] ECUB OS    TASK_END Task_LightAct
[000750000] ECUB OS    ALARM Alarm_BswMain
[000750000] ECUB OS    ISR_ENTER Isr_CanRx
[000750000] ECUB CAN   RX id=0x101 dlc=2 data=17 03
[000750000] ECUB CANIF RX pdu=0
[000750000] ECUB PDUR  RX canif=0 com=0
[000750000] ECUB COM   RX ipdu=0 len=2
[000750000] ECUB OS    ISR_EXIT Isr_CanRx
[000750000] ECUB OS    TASK_START Task_BswMain prio=4
[000750000] ECUB COM   NOTIFY sig=0
[000750000] ECUB RTE   TRIGGER DRE_LightCtl_VehicleSpeed -> Task_LightCtl
[000750000] ECUB OS    EVENT_SET Task_LightCtl mask=0x2
[000750000] ECUB OS    TASK_END Task_BswMain
[000750000] ECUB RTE   CALL R_Odometer_UpdateSpeed
[000750000] ECUB OS    TASK_WAIT Task_LightCtl mask=0x7
[000760000] ECUB OS    ALARM Alarm_BswMain
[000760000] ECUB OS    ALARM Alarm_LightCtl20ms
[000760000] ECUB OS    EVENT_SET Task_LightCtl mask=0x1
[000760000] ECUB OS    TASK_START Task_BswMain prio=4
[000760000] ECUB OS    TASK_END Task_BswMain
[000760000] ECUB RTE   WRITE P_HeadlightCmd_HeadlightCmd=1
[000760000] ECUB RTE   TRIGGER DRE_Actuator_HeadlightCmd -> Task_LightAct
[000760000] ECUB OS    TASK_WAIT Task_LightCtl mask=0x7
[000760000] ECUB OS    TASK_START Task_LightAct prio=2
[000760000] ECUB RTE   CALL R_Odometer_GetDistance
[000760000] ECUB RTE   WRITE P_HeadlightStatus_HeadlightStatus=1
[000760000] ECUB RTE   WRITE P_OdometerDistance_Distance=6
[000760000] ECUB OS    TASK_END Task_LightAct
[000770000] ECUB OS    ALARM Alarm_BswMain
[000770000] ECUB OS    ISR_ENTER Isr_CanRx
[000770000] ECUB CAN   RX id=0x101 dlc=2 data=34 03
[000770000] ECUB CANIF RX pdu=0
[000770000] ECUB PDUR  RX canif=0 com=0
[000770000] ECUB COM   RX ipdu=0 len=2
[000770000] ECUB OS    ISR_EXIT Isr_CanRx
[000770000] ECUB OS    TASK_START Task_BswMain prio=4
[000770000] ECUB COM   NOTIFY sig=0
[000770000] ECUB RTE   TRIGGER DRE_LightCtl_VehicleSpeed -> Task_LightCtl
[000770000] ECUB OS    EVENT_SET Task_LightCtl mask=0x2
[000770000] ECUB OS    TASK_END Task_BswMain
[000770000] ECUB RTE   CALL R_Odometer_UpdateSpeed
[000770000] ECUB OS    TASK_WAIT Task_LightCtl mask=0x7
[000780000] ECUB OS    ALARM Alarm_BswMain
[000780000] ECUB OS    ALARM Alarm_LightCtl20ms
[000780000] ECUB OS    EVENT_SET Task_LightCtl mask=0x1
[000780000] ECUB OS    TASK_START Task_BswMain prio=4
[000780000] ECUB OS    TASK_END Task_BswMain
[000780000] ECUB RTE   WRITE P_HeadlightCmd_HeadlightCmd=1
[000780000] ECUB RTE   TRIGGER DRE_Actuator_HeadlightCmd -> Task_LightAct
[000780000] ECUB OS    TASK_WAIT Task_LightCtl mask=0x7
[000780000] ECUB OS    TASK_START Task_LightAct prio=2
[000780000] ECUB RTE   CALL R_Odometer_GetDistance
[000780000] ECUB RTE   WRITE P_HeadlightStatus_HeadlightStatus=1
[000780000] ECUB RTE   WRITE P_OdometerDistance_Distance=6
[000780000] ECUB OS    TASK_END Task_LightAct
[000790000] ECUB OS    ALARM Alarm_BswMain
[000790000] ECUB OS    ISR_ENTER Isr_CanRx
[000790000] ECUB CAN   RX id=0x101 dlc=2 data=51 03
[000790000] ECUB CANIF RX pdu=0
[000790000] ECUB PDUR  RX canif=0 com=0
[000790000] ECUB COM   RX ipdu=0 len=2
[000790000] ECUB OS    ISR_EXIT Isr_CanRx
[000790000] ECUB OS    TASK_START Task_BswMain prio=4
[000790000] ECUB COM   NOTIFY sig=0
[000790000] ECUB RTE   TRIGGER DRE_LightCtl_VehicleSpeed -> Task_LightCtl
[000790000] ECUB OS    EVENT_SET Task_LightCtl mask=0x2
[000790000] ECUB OS    TASK_END Task_BswMain
[000790000] ECUB RTE   CALL R_Odometer_UpdateSpeed
[000790000] ECUB OS    TASK_WAIT Task_LightCtl mask=0x7
[000800000] ECUB OS    ALARM Alarm_BswMain
[000800000] ECUB OS    ALARM Alarm_LightCtl20ms
[000800000] ECUB OS    EVENT_SET Task_LightCtl mask=0x1
[000800000] ECUB SIM   RESTBUS TX id=0x301 dlc=1 data=3c
[000800000] ECUB OS    ISR_ENTER Isr_CanRx
[000800000] ECUB CAN   RX id=0x301 dlc=1 data=3c
[000800000] ECUB CANIF RX pdu=1
[000800000] ECUB PDUR  RX canif=1 com=1
[000800000] ECUB COM   RX ipdu=1 len=1
[000800000] ECUB OS    ISR_EXIT Isr_CanRx
[000800000] ECUB OS    TASK_START Task_BswMain prio=4
[000800000] ECUB OS    TASK_END Task_BswMain
[000800000] ECUB RTE   WRITE P_HeadlightCmd_HeadlightCmd=1
[000800000] ECUB RTE   TRIGGER DRE_Actuator_HeadlightCmd -> Task_LightAct
[000800000] ECUB OS    TASK_WAIT Task_LightCtl mask=0x7
[000800000] ECUB OS    TASK_START Task_LightAct prio=2
[000800000] ECUB RTE   CALL R_Odometer_GetDistance
[000800000] ECUB RTE   WRITE P_HeadlightStatus_HeadlightStatus=1
[000800000] ECUB RTE   WRITE P_OdometerDistance_Distance=7
[000800000] ECUB OS    TASK_END Task_LightAct
[000803000] ECUB SIM   RESTBUS TX id=0x3f0 dlc=1 data=00
[000803000] ECUB OS    ISR_ENTER Isr_CanRx
[000803000] ECUB CAN   RX id=0x3f0 dlc=1 data=00
[000803000] ECUB CANIF RX pdu=2
[000803000] ECUB PDUR  RX canif=2 com=2
[000803000] ECUB COM   RX ipdu=2 len=1
[000803000] ECUB OS    ISR_EXIT Isr_CanRx
[000810000] ECUB OS    ALARM Alarm_BswMain
[000810000] ECUB OS    ISR_ENTER Isr_CanRx
[000810000] ECUB CAN   RX id=0x101 dlc=2 data=6f 03
[000810000] ECUB CANIF RX pdu=0
[000810000] ECUB PDUR  RX canif=0 com=0
[000810000] ECUB COM   RX ipdu=0 len=2
[000810000] ECUB OS    ISR_EXIT Isr_CanRx
[000810000] ECUB OS    TASK_START Task_BswMain prio=4
[000810000] ECUB COM   NOTIFY sig=0
[000810000] ECUB RTE   TRIGGER DRE_LightCtl_VehicleSpeed -> Task_LightCtl
[000810000] ECUB OS    EVENT_SET Task_LightCtl mask=0x2
[000810000] ECUB COM   TX ipdu=3 len=6
[000810000] ECUB PDUR  TX com=3 canif=0
[000810000] ECUB CAN   TX id=0x201 dlc=6 data=01 00 07 00 00 00
[000810000] ECUB CANIF TX pdu=0
[000810000] ECUB OS    TASK_END Task_BswMain
[000810000] ECUB RTE   CALL R_Odometer_UpdateSpeed
[000810000] ECUB OS    TASK_WAIT Task_LightCtl mask=0x7
[000820000] ECUB OS    ALARM Alarm_BswMain
[000820000] ECUB OS    ALARM Alarm_LightCtl20ms
[000820000] ECUB OS    EVENT_SET Task_LightCtl mask=0x1
[000820000] ECUB OS    TASK_START Task_BswMain prio=4
[000820000] ECUB OS    TASK_END Task_BswMain
[000820000] ECUB RTE   WRITE P_HeadlightCmd_HeadlightCmd=1
[000820000] ECUB RTE   TRIGGER DRE_Actuator_HeadlightCmd -> Task_LightAct
[000820000] ECUB OS    TASK_WAIT Task_LightCtl mask=0x7
[000820000] ECUB OS    TASK_START Task_LightAct prio=2
[000820000] ECUB RTE   CALL R_Odometer_GetDistance
[000820000] ECUB RTE   WRITE P_HeadlightStatus_HeadlightStatus=1
[000820000] ECUB RTE   WRITE P_OdometerDistance_Distance=7
[000820000] ECUB OS    TASK_END Task_LightAct
[000830000] ECUB OS    ALARM Alarm_BswMain
[000830000] ECUB OS    ISR_ENTER Isr_CanRx
[000830000] ECUB CAN   RX id=0x101 dlc=2 data=8c 03
[000830000] ECUB CANIF RX pdu=0
[000830000] ECUB PDUR  RX canif=0 com=0
[000830000] ECUB COM   RX ipdu=0 len=2
[000830000] ECUB OS    ISR_EXIT Isr_CanRx
[000830000] ECUB OS    TASK_START Task_BswMain prio=4
[000830000] ECUB COM   NOTIFY sig=0
[000830000] ECUB RTE   TRIGGER DRE_LightCtl_VehicleSpeed -> Task_LightCtl
[000830000] ECUB OS    EVENT_SET Task_LightCtl mask=0x2
[000830000] ECUB OS    TASK_END Task_BswMain
[000830000] ECUB RTE   CALL R_Odometer_UpdateSpeed
[000830000] ECUB OS    TASK_WAIT Task_LightCtl mask=0x7
[000840000] ECUB OS    ALARM Alarm_BswMain
[000840000] ECUB OS    ALARM Alarm_LightCtl20ms
[000840000] ECUB OS    EVENT_SET Task_LightCtl mask=0x1
[000840000] ECUB OS    TASK_START Task_BswMain prio=4
[000840000] ECUB OS    TASK_END Task_BswMain
[000840000] ECUB RTE   WRITE P_HeadlightCmd_HeadlightCmd=1
[000840000] ECUB RTE   TRIGGER DRE_Actuator_HeadlightCmd -> Task_LightAct
[000840000] ECUB OS    TASK_WAIT Task_LightCtl mask=0x7
[000840000] ECUB OS    TASK_START Task_LightAct prio=2
[000840000] ECUB RTE   CALL R_Odometer_GetDistance
[000840000] ECUB RTE   WRITE P_HeadlightStatus_HeadlightStatus=1
[000840000] ECUB RTE   WRITE P_OdometerDistance_Distance=8
[000840000] ECUB OS    TASK_END Task_LightAct
[000850000] ECUB OS    ALARM Alarm_BswMain
[000850000] ECUB OS    ISR_ENTER Isr_CanRx
[000850000] ECUB CAN   RX id=0x101 dlc=2 data=a9 03
[000850000] ECUB CANIF RX pdu=0
[000850000] ECUB PDUR  RX canif=0 com=0
[000850000] ECUB COM   RX ipdu=0 len=2
[000850000] ECUB OS    ISR_EXIT Isr_CanRx
[000850000] ECUB OS    TASK_START Task_BswMain prio=4
[000850000] ECUB COM   NOTIFY sig=0
[000850000] ECUB RTE   TRIGGER DRE_LightCtl_VehicleSpeed -> Task_LightCtl
[000850000] ECUB OS    EVENT_SET Task_LightCtl mask=0x2
[000850000] ECUB OS    TASK_END Task_BswMain
[000850000] ECUB RTE   CALL R_Odometer_UpdateSpeed
[000850000] ECUB OS    TASK_WAIT Task_LightCtl mask=0x7
[000860000] ECUB OS    ALARM Alarm_BswMain
[000860000] ECUB OS    ALARM Alarm_LightCtl20ms
[000860000] ECUB OS    EVENT_SET Task_LightCtl mask=0x1
[000860000] ECUB OS    TASK_START Task_BswMain prio=4
[000860000] ECUB OS    TASK_END Task_BswMain
[000860000] ECUB RTE   WRITE P_HeadlightCmd_HeadlightCmd=1
[000860000] ECUB RTE   TRIGGER DRE_Actuator_HeadlightCmd -> Task_LightAct
[000860000] ECUB OS    TASK_WAIT Task_LightCtl mask=0x7
[000860000] ECUB OS    TASK_START Task_LightAct prio=2
[000860000] ECUB RTE   CALL R_Odometer_GetDistance
[000860000] ECUB RTE   WRITE P_HeadlightStatus_HeadlightStatus=1
[000860000] ECUB RTE   WRITE P_OdometerDistance_Distance=8
[000860000] ECUB OS    TASK_END Task_LightAct
[000870000] ECUB OS    ALARM Alarm_BswMain
[000870000] ECUB OS    ISR_ENTER Isr_CanRx
[000870000] ECUB CAN   RX id=0x101 dlc=2 data=c7 03
[000870000] ECUB CANIF RX pdu=0
[000870000] ECUB PDUR  RX canif=0 com=0
[000870000] ECUB COM   RX ipdu=0 len=2
[000870000] ECUB OS    ISR_EXIT Isr_CanRx
[000870000] ECUB OS    TASK_START Task_BswMain prio=4
[000870000] ECUB COM   NOTIFY sig=0
[000870000] ECUB RTE   TRIGGER DRE_LightCtl_VehicleSpeed -> Task_LightCtl
[000870000] ECUB OS    EVENT_SET Task_LightCtl mask=0x2
[000870000] ECUB OS    TASK_END Task_BswMain
[000870000] ECUB RTE   CALL R_Odometer_UpdateSpeed
[000870000] ECUB OS    TASK_WAIT Task_LightCtl mask=0x7
[000880000] ECUB OS    ALARM Alarm_BswMain
[000880000] ECUB OS    ALARM Alarm_LightCtl20ms
[000880000] ECUB OS    EVENT_SET Task_LightCtl mask=0x1
[000880000] ECUB OS    TASK_START Task_BswMain prio=4
[000880000] ECUB OS    TASK_END Task_BswMain
[000880000] ECUB RTE   WRITE P_HeadlightCmd_HeadlightCmd=1
[000880000] ECUB RTE   TRIGGER DRE_Actuator_HeadlightCmd -> Task_LightAct
[000880000] ECUB OS    TASK_WAIT Task_LightCtl mask=0x7
[000880000] ECUB OS    TASK_START Task_LightAct prio=2
[000880000] ECUB RTE   CALL R_Odometer_GetDistance
[000880000] ECUB RTE   WRITE P_HeadlightStatus_HeadlightStatus=1
[000880000] ECUB RTE   WRITE P_OdometerDistance_Distance=9
[000880000] ECUB OS    TASK_END Task_LightAct
[000890000] ECUB OS    ALARM Alarm_BswMain
[000890000] ECUB OS    ISR_ENTER Isr_CanRx
[000890000] ECUB CAN   RX id=0x101 dlc=2 data=e4 03
[000890000] ECUB CANIF RX pdu=0
[000890000] ECUB PDUR  RX canif=0 com=0
[000890000] ECUB COM   RX ipdu=0 len=2
[000890000] ECUB OS    ISR_EXIT Isr_CanRx
[000890000] ECUB OS    TASK_START Task_BswMain prio=4
[000890000] ECUB COM   NOTIFY sig=0
[000890000] ECUB RTE   TRIGGER DRE_LightCtl_VehicleSpeed -> Task_LightCtl
[000890000] ECUB OS    EVENT_SET Task_LightCtl mask=0x2
[000890000] ECUB OS    TASK_END Task_BswMain
[000890000] ECUB RTE   CALL R_Odometer_UpdateSpeed
[000890000] ECUB OS    TASK_WAIT Task_LightCtl mask=0x7
[000900000] ECUB OS    ALARM Alarm_BswMain
[000900000] ECUB OS    ALARM Alarm_LightCtl20ms
[000900000] ECUB OS    EVENT_SET Task_LightCtl mask=0x1
[000900000] ECUB SIM   RESTBUS TX id=0x301 dlc=1 data=3c
[000900000] ECUB OS    ISR_ENTER Isr_CanRx
[000900000] ECUB CAN   RX id=0x301 dlc=1 data=3c
[000900000] ECUB CANIF RX pdu=1
[000900000] ECUB PDUR  RX canif=1 com=1
[000900000] ECUB COM   RX ipdu=1 len=1
[000900000] ECUB OS    ISR_EXIT Isr_CanRx
[000900000] ECUB OS    TASK_START Task_BswMain prio=4
[000900000] ECUB OS    TASK_END Task_BswMain
[000900000] ECUB RTE   WRITE P_HeadlightCmd_HeadlightCmd=1
[000900000] ECUB RTE   TRIGGER DRE_Actuator_HeadlightCmd -> Task_LightAct
[000900000] ECUB OS    TASK_WAIT Task_LightCtl mask=0x7
[000900000] ECUB OS    TASK_START Task_LightAct prio=2
[000900000] ECUB RTE   CALL R_Odometer_GetDistance
[000900000] ECUB RTE   WRITE P_HeadlightStatus_HeadlightStatus=1
[000900000] ECUB RTE   WRITE P_OdometerDistance_Distance=9
[000900000] ECUB OS    TASK_END Task_LightAct
[000903000] ECUB SIM   RESTBUS TX id=0x3f0 dlc=1 data=00
[000903000] ECUB OS    ISR_ENTER Isr_CanRx
[000903000] ECUB CAN   RX id=0x3f0 dlc=1 data=00
[000903000] ECUB CANIF RX pdu=2
[000903000] ECUB PDUR  RX canif=2 com=2
[000903000] ECUB COM   RX ipdu=2 len=1
[000903000] ECUB OS    ISR_EXIT Isr_CanRx
[000910000] ECUB OS    ALARM Alarm_BswMain
[000910000] ECUB OS    ISR_ENTER Isr_CanRx
[000910000] ECUB CAN   RX id=0x101 dlc=2 data=01 04
[000910000] ECUB CANIF RX pdu=0
[000910000] ECUB PDUR  RX canif=0 com=0
[000910000] ECUB COM   RX ipdu=0 len=2
[000910000] ECUB OS    ISR_EXIT Isr_CanRx
[000910000] ECUB OS    TASK_START Task_BswMain prio=4
[000910000] ECUB COM   NOTIFY sig=0
[000910000] ECUB RTE   TRIGGER DRE_LightCtl_VehicleSpeed -> Task_LightCtl
[000910000] ECUB OS    EVENT_SET Task_LightCtl mask=0x2
[000910000] ECUB COM   TX ipdu=3 len=6
[000910000] ECUB PDUR  TX com=3 canif=0
[000910000] ECUB CAN   TX id=0x201 dlc=6 data=01 00 09 00 00 00
[000910000] ECUB CANIF TX pdu=0
[000910000] ECUB OS    TASK_END Task_BswMain
[000910000] ECUB RTE   CALL R_Odometer_UpdateSpeed
[000910000] ECUB OS    TASK_WAIT Task_LightCtl mask=0x7
[000920000] ECUB OS    ALARM Alarm_BswMain
[000920000] ECUB OS    ALARM Alarm_LightCtl20ms
[000920000] ECUB OS    EVENT_SET Task_LightCtl mask=0x1
[000920000] ECUB OS    TASK_START Task_BswMain prio=4
[000920000] ECUB OS    TASK_END Task_BswMain
[000920000] ECUB RTE   WRITE P_HeadlightCmd_HeadlightCmd=1
[000920000] ECUB RTE   TRIGGER DRE_Actuator_HeadlightCmd -> Task_LightAct
[000920000] ECUB OS    TASK_WAIT Task_LightCtl mask=0x7
[000920000] ECUB OS    TASK_START Task_LightAct prio=2
[000920000] ECUB RTE   CALL R_Odometer_GetDistance
[000920000] ECUB RTE   WRITE P_HeadlightStatus_HeadlightStatus=1
[000920000] ECUB RTE   WRITE P_OdometerDistance_Distance=10
[000920000] ECUB OS    TASK_END Task_LightAct
[000930000] ECUB OS    ALARM Alarm_BswMain
[000930000] ECUB OS    ISR_ENTER Isr_CanRx
[000930000] ECUB CAN   RX id=0x101 dlc=2 data=1e 04
[000930000] ECUB CANIF RX pdu=0
[000930000] ECUB PDUR  RX canif=0 com=0
[000930000] ECUB COM   RX ipdu=0 len=2
[000930000] ECUB OS    ISR_EXIT Isr_CanRx
[000930000] ECUB OS    TASK_START Task_BswMain prio=4
[000930000] ECUB COM   NOTIFY sig=0
[000930000] ECUB RTE   TRIGGER DRE_LightCtl_VehicleSpeed -> Task_LightCtl
[000930000] ECUB OS    EVENT_SET Task_LightCtl mask=0x2
[000930000] ECUB OS    TASK_END Task_BswMain
[000930000] ECUB RTE   CALL R_Odometer_UpdateSpeed
[000930000] ECUB OS    TASK_WAIT Task_LightCtl mask=0x7
[000940000] ECUB OS    ALARM Alarm_BswMain
[000940000] ECUB OS    ALARM Alarm_LightCtl20ms
[000940000] ECUB OS    EVENT_SET Task_LightCtl mask=0x1
[000940000] ECUB OS    TASK_START Task_BswMain prio=4
[000940000] ECUB OS    TASK_END Task_BswMain
[000940000] ECUB RTE   WRITE P_HeadlightCmd_HeadlightCmd=1
[000940000] ECUB RTE   TRIGGER DRE_Actuator_HeadlightCmd -> Task_LightAct
[000940000] ECUB OS    TASK_WAIT Task_LightCtl mask=0x7
[000940000] ECUB OS    TASK_START Task_LightAct prio=2
[000940000] ECUB RTE   CALL R_Odometer_GetDistance
[000940000] ECUB RTE   WRITE P_HeadlightStatus_HeadlightStatus=1
[000940000] ECUB RTE   WRITE P_OdometerDistance_Distance=10
[000940000] ECUB OS    TASK_END Task_LightAct
[000950000] ECUB OS    ALARM Alarm_BswMain
[000950000] ECUB OS    ISR_ENTER Isr_CanRx
[000950000] ECUB CAN   RX id=0x101 dlc=2 data=3c 04
[000950000] ECUB CANIF RX pdu=0
[000950000] ECUB PDUR  RX canif=0 com=0
[000950000] ECUB COM   RX ipdu=0 len=2
[000950000] ECUB OS    ISR_EXIT Isr_CanRx
[000950000] ECUB OS    TASK_START Task_BswMain prio=4
[000950000] ECUB COM   NOTIFY sig=0
[000950000] ECUB RTE   TRIGGER DRE_LightCtl_VehicleSpeed -> Task_LightCtl
[000950000] ECUB OS    EVENT_SET Task_LightCtl mask=0x2
[000950000] ECUB OS    TASK_END Task_BswMain
[000950000] ECUB RTE   CALL R_Odometer_UpdateSpeed
[000950000] ECUB OS    TASK_WAIT Task_LightCtl mask=0x7
[000960000] ECUB OS    ALARM Alarm_BswMain
[000960000] ECUB OS    ALARM Alarm_LightCtl20ms
[000960000] ECUB OS    EVENT_SET Task_LightCtl mask=0x1
[000960000] ECUB OS    TASK_START Task_BswMain prio=4
[000960000] ECUB OS    TASK_END Task_BswMain
[000960000] ECUB RTE   WRITE P_HeadlightCmd_HeadlightCmd=1
[000960000] ECUB RTE   TRIGGER DRE_Actuator_HeadlightCmd -> Task_LightAct
[000960000] ECUB OS    TASK_WAIT Task_LightCtl mask=0x7
[000960000] ECUB OS    TASK_START Task_LightAct prio=2
[000960000] ECUB RTE   CALL R_Odometer_GetDistance
[000960000] ECUB RTE   WRITE P_HeadlightStatus_HeadlightStatus=1
[000960000] ECUB RTE   WRITE P_OdometerDistance_Distance=11
[000960000] ECUB OS    TASK_END Task_LightAct
[000970000] ECUB OS    ALARM Alarm_BswMain
[000970000] ECUB OS    ISR_ENTER Isr_CanRx
[000970000] ECUB CAN   RX id=0x101 dlc=2 data=59 04
[000970000] ECUB CANIF RX pdu=0
[000970000] ECUB PDUR  RX canif=0 com=0
[000970000] ECUB COM   RX ipdu=0 len=2
[000970000] ECUB OS    ISR_EXIT Isr_CanRx
[000970000] ECUB OS    TASK_START Task_BswMain prio=4
[000970000] ECUB COM   NOTIFY sig=0
[000970000] ECUB RTE   TRIGGER DRE_LightCtl_VehicleSpeed -> Task_LightCtl
[000970000] ECUB OS    EVENT_SET Task_LightCtl mask=0x2
[000970000] ECUB OS    TASK_END Task_BswMain
[000970000] ECUB RTE   CALL R_Odometer_UpdateSpeed
[000970000] ECUB OS    TASK_WAIT Task_LightCtl mask=0x7
[000980000] ECUB OS    ALARM Alarm_BswMain
[000980000] ECUB OS    ALARM Alarm_LightCtl20ms
[000980000] ECUB OS    EVENT_SET Task_LightCtl mask=0x1
[000980000] ECUB OS    TASK_START Task_BswMain prio=4
[000980000] ECUB OS    TASK_END Task_BswMain
[000980000] ECUB RTE   WRITE P_HeadlightCmd_HeadlightCmd=1
[000980000] ECUB RTE   TRIGGER DRE_Actuator_HeadlightCmd -> Task_LightAct
[000980000] ECUB OS    TASK_WAIT Task_LightCtl mask=0x7
[000980000] ECUB OS    TASK_START Task_LightAct prio=2
[000980000] ECUB RTE   CALL R_Odometer_GetDistance
[000980000] ECUB RTE   WRITE P_HeadlightStatus_HeadlightStatus=1
[000980000] ECUB RTE   WRITE P_OdometerDistance_Distance=12
[000980000] ECUB OS    TASK_END Task_LightAct
[000990000] ECUB OS    ALARM Alarm_BswMain
[000990000] ECUB OS    ISR_ENTER Isr_CanRx
[000990000] ECUB CAN   RX id=0x101 dlc=2 data=76 04
[000990000] ECUB CANIF RX pdu=0
[000990000] ECUB PDUR  RX canif=0 com=0
[000990000] ECUB COM   RX ipdu=0 len=2
[000990000] ECUB OS    ISR_EXIT Isr_CanRx
[000990000] ECUB OS    TASK_START Task_BswMain prio=4
[000990000] ECUB COM   NOTIFY sig=0
[000990000] ECUB RTE   TRIGGER DRE_LightCtl_VehicleSpeed -> Task_LightCtl
[000990000] ECUB OS    EVENT_SET Task_LightCtl mask=0x2
[000990000] ECUB OS    TASK_END Task_BswMain
[000990000] ECUB RTE   CALL R_Odometer_UpdateSpeed
[000990000] ECUB SWC   Odometer dist_m=12
[000990000] ECUB OS    TASK_WAIT Task_LightCtl mask=0x7
[001000000] ECUB OS    ALARM Alarm_BswMain
[001000000] ECUB OS    ALARM Alarm_LightCtl20ms
[001000000] ECUB OS    EVENT_SET Task_LightCtl mask=0x1
[001000000] ECUB SIM   RESTBUS TX id=0x301 dlc=1 data=3c
[001000000] ECUB OS    ISR_ENTER Isr_CanRx
[001000000] ECUB CAN   RX id=0x301 dlc=1 data=3c
[001000000] ECUB CANIF RX pdu=1
[001000000] ECUB PDUR  RX canif=1 com=1
[001000000] ECUB COM   RX ipdu=1 len=1
[001000000] ECUB OS    ISR_EXIT Isr_CanRx
[001000000] ECUB OS    TASK_START Task_BswMain prio=4
[001000000] ECUB OS    TASK_END Task_BswMain
[001000000] ECUB RTE   WRITE P_HeadlightCmd_HeadlightCmd=1
[001000000] ECUB RTE   TRIGGER DRE_Actuator_HeadlightCmd -> Task_LightAct
[001000000] ECUB OS    TASK_WAIT Task_LightCtl mask=0x7
[001000000] ECUB OS    TASK_START Task_LightAct prio=2
[001000000] ECUB RTE   CALL R_Odometer_GetDistance
[001000000] ECUB RTE   WRITE P_HeadlightStatus_HeadlightStatus=1
[001000000] ECUB RTE   WRITE P_OdometerDistance_Distance=12
[001000000] ECUB OS    TASK_END Task_LightAct
[001003000] ECUB SIM   RESTBUS TX id=0x3f0 dlc=1 data=00
[001003000] ECUB OS    ISR_ENTER Isr_CanRx
[001003000] ECUB CAN   RX id=0x3f0 dlc=1 data=00
[001003000] ECUB CANIF RX pdu=2
[001003000] ECUB PDUR  RX canif=2 com=2
[001003000] ECUB COM   RX ipdu=2 len=1
[001003000] ECUB OS    ISR_EXIT Isr_CanRx
[001010000] ECUB OS    ALARM Alarm_BswMain
[001010000] ECUB OS    ISR_ENTER Isr_CanRx
[001010000] ECUB CAN   RX id=0x101 dlc=2 data=94 04
[001010000] ECUB CANIF RX pdu=0
[001010000] ECUB PDUR  RX canif=0 com=0
[001010000] ECUB COM   RX ipdu=0 len=2
[001010000] ECUB OS    ISR_EXIT Isr_CanRx
[001010000] ECUB OS    TASK_START Task_BswMain prio=4
[001010000] ECUB COM   NOTIFY sig=0
[001010000] ECUB RTE   TRIGGER DRE_LightCtl_VehicleSpeed -> Task_LightCtl
[001010000] ECUB OS    EVENT_SET Task_LightCtl mask=0x2
[001010000] ECUB COM   TX ipdu=3 len=6
[001010000] ECUB PDUR  TX com=3 canif=0
[001010000] ECUB CAN   TX id=0x201 dlc=6 data=01 00 0c 00 00 00
[001010000] ECUB CANIF TX pdu=0
[001010000] ECUB OS    TASK_END Task_BswMain
[001010000] ECUB RTE   CALL R_Odometer_UpdateSpeed
[001010000] ECUB OS    TASK_WAIT Task_LightCtl mask=0x7
[001020000] ECUB OS    ALARM Alarm_BswMain
[001020000] ECUB OS    ALARM Alarm_LightCtl20ms
[001020000] ECUB OS    EVENT_SET Task_LightCtl mask=0x1
[001020000] ECUB OS    TASK_START Task_BswMain prio=4
[001020000] ECUB OS    TASK_END Task_BswMain
[001020000] ECUB RTE   WRITE P_HeadlightCmd_HeadlightCmd=1
[001020000] ECUB RTE   TRIGGER DRE_Actuator_HeadlightCmd -> Task_LightAct
[001020000] ECUB OS    TASK_WAIT Task_LightCtl mask=0x7
[001020000] ECUB OS    TASK_START Task_LightAct prio=2
[001020000] ECUB RTE   CALL R_Odometer_GetDistance
[001020000] ECUB RTE   WRITE P_HeadlightStatus_HeadlightStatus=1
[001020000] ECUB RTE   WRITE P_OdometerDistance_Distance=13
[001020000] ECUB OS    TASK_END Task_LightAct
[001030000] ECUB OS    ALARM Alarm_BswMain
[001030000] ECUB OS    ISR_ENTER Isr_CanRx
[001030000] ECUB CAN   RX id=0x101 dlc=2 data=b1 04
[001030000] ECUB CANIF RX pdu=0
[001030000] ECUB PDUR  RX canif=0 com=0
[001030000] ECUB COM   RX ipdu=0 len=2
[001030000] ECUB OS    ISR_EXIT Isr_CanRx
[001030000] ECUB OS    TASK_START Task_BswMain prio=4
[001030000] ECUB COM   NOTIFY sig=0
[001030000] ECUB RTE   TRIGGER DRE_LightCtl_VehicleSpeed -> Task_LightCtl
[001030000] ECUB OS    EVENT_SET Task_LightCtl mask=0x2
[001030000] ECUB OS    TASK_END Task_BswMain
[001030000] ECUB RTE   CALL R_Odometer_UpdateSpeed
[001030000] ECUB OS    TASK_WAIT Task_LightCtl mask=0x7
[001040000] ECUB OS    ALARM Alarm_BswMain
[001040000] ECUB OS    ALARM Alarm_LightCtl20ms
[001040000] ECUB OS    EVENT_SET Task_LightCtl mask=0x1
[001040000] ECUB OS    TASK_START Task_BswMain prio=4
[001040000] ECUB OS    TASK_END Task_BswMain
[001040000] ECUB RTE   WRITE P_HeadlightCmd_HeadlightCmd=1
[001040000] ECUB RTE   TRIGGER DRE_Actuator_HeadlightCmd -> Task_LightAct
[001040000] ECUB OS    TASK_WAIT Task_LightCtl mask=0x7
[001040000] ECUB OS    TASK_START Task_LightAct prio=2
[001040000] ECUB RTE   CALL R_Odometer_GetDistance
[001040000] ECUB RTE   WRITE P_HeadlightStatus_HeadlightStatus=1
[001040000] ECUB RTE   WRITE P_OdometerDistance_Distance=13
[001040000] ECUB OS    TASK_END Task_LightAct
[001050000] ECUB OS    ALARM Alarm_BswMain
[001050000] ECUB OS    ISR_ENTER Isr_CanRx
[001050000] ECUB CAN   RX id=0x101 dlc=2 data=ce 04
[001050000] ECUB CANIF RX pdu=0
[001050000] ECUB PDUR  RX canif=0 com=0
[001050000] ECUB COM   RX ipdu=0 len=2
[001050000] ECUB OS    ISR_EXIT Isr_CanRx
[001050000] ECUB OS    TASK_START Task_BswMain prio=4
[001050000] ECUB COM   NOTIFY sig=0
[001050000] ECUB RTE   TRIGGER DRE_LightCtl_VehicleSpeed -> Task_LightCtl
[001050000] ECUB OS    EVENT_SET Task_LightCtl mask=0x2
[001050000] ECUB OS    TASK_END Task_BswMain
[001050000] ECUB RTE   CALL R_Odometer_UpdateSpeed
[001050000] ECUB OS    TASK_WAIT Task_LightCtl mask=0x7
[001060000] ECUB OS    ALARM Alarm_BswMain
[001060000] ECUB OS    ALARM Alarm_LightCtl20ms
[001060000] ECUB OS    EVENT_SET Task_LightCtl mask=0x1
[001060000] ECUB OS    TASK_START Task_BswMain prio=4
[001060000] ECUB OS    TASK_END Task_BswMain
[001060000] ECUB RTE   WRITE P_HeadlightCmd_HeadlightCmd=1
[001060000] ECUB RTE   TRIGGER DRE_Actuator_HeadlightCmd -> Task_LightAct
[001060000] ECUB OS    TASK_WAIT Task_LightCtl mask=0x7
[001060000] ECUB OS    TASK_START Task_LightAct prio=2
[001060000] ECUB RTE   CALL R_Odometer_GetDistance
[001060000] ECUB RTE   WRITE P_HeadlightStatus_HeadlightStatus=1
[001060000] ECUB RTE   WRITE P_OdometerDistance_Distance=14
[001060000] ECUB OS    TASK_END Task_LightAct
[001070000] ECUB OS    ALARM Alarm_BswMain
[001070000] ECUB OS    ISR_ENTER Isr_CanRx
[001070000] ECUB CAN   RX id=0x101 dlc=2 data=ec 04
[001070000] ECUB CANIF RX pdu=0
[001070000] ECUB PDUR  RX canif=0 com=0
[001070000] ECUB COM   RX ipdu=0 len=2
[001070000] ECUB OS    ISR_EXIT Isr_CanRx
[001070000] ECUB OS    TASK_START Task_BswMain prio=4
[001070000] ECUB COM   NOTIFY sig=0
[001070000] ECUB RTE   TRIGGER DRE_LightCtl_VehicleSpeed -> Task_LightCtl
[001070000] ECUB OS    EVENT_SET Task_LightCtl mask=0x2
[001070000] ECUB OS    TASK_END Task_BswMain
[001070000] ECUB RTE   CALL R_Odometer_UpdateSpeed
[001070000] ECUB OS    TASK_WAIT Task_LightCtl mask=0x7
[001080000] ECUB OS    ALARM Alarm_BswMain
[001080000] ECUB OS    ALARM Alarm_LightCtl20ms
[001080000] ECUB OS    EVENT_SET Task_LightCtl mask=0x1
[001080000] ECUB OS    TASK_START Task_BswMain prio=4
[001080000] ECUB OS    TASK_END Task_BswMain
[001080000] ECUB RTE   WRITE P_HeadlightCmd_HeadlightCmd=1
[001080000] ECUB RTE   TRIGGER DRE_Actuator_HeadlightCmd -> Task_LightAct
[001080000] ECUB OS    TASK_WAIT Task_LightCtl mask=0x7
[001080000] ECUB OS    TASK_START Task_LightAct prio=2
[001080000] ECUB RTE   CALL R_Odometer_GetDistance
[001080000] ECUB RTE   WRITE P_HeadlightStatus_HeadlightStatus=1
[001080000] ECUB RTE   WRITE P_OdometerDistance_Distance=15
[001080000] ECUB OS    TASK_END Task_LightAct
[001090000] ECUB OS    ALARM Alarm_BswMain
[001090000] ECUB OS    ISR_ENTER Isr_CanRx
[001090000] ECUB CAN   RX id=0x101 dlc=2 data=09 05
[001090000] ECUB CANIF RX pdu=0
[001090000] ECUB PDUR  RX canif=0 com=0
[001090000] ECUB COM   RX ipdu=0 len=2
[001090000] ECUB OS    ISR_EXIT Isr_CanRx
[001090000] ECUB OS    TASK_START Task_BswMain prio=4
[001090000] ECUB COM   NOTIFY sig=0
[001090000] ECUB RTE   TRIGGER DRE_LightCtl_VehicleSpeed -> Task_LightCtl
[001090000] ECUB OS    EVENT_SET Task_LightCtl mask=0x2
[001090000] ECUB OS    TASK_END Task_BswMain
[001090000] ECUB RTE   CALL R_Odometer_UpdateSpeed
[001090000] ECUB OS    TASK_WAIT Task_LightCtl mask=0x7
[001100000] ECUB OS    ALARM Alarm_BswMain
[001100000] ECUB OS    ALARM Alarm_LightCtl20ms
[001100000] ECUB OS    EVENT_SET Task_LightCtl mask=0x1
[001100000] ECUB SIM   RESTBUS TX id=0x301 dlc=1 data=3c
[001100000] ECUB OS    ISR_ENTER Isr_CanRx
[001100000] ECUB CAN   RX id=0x301 dlc=1 data=3c
[001100000] ECUB CANIF RX pdu=1
[001100000] ECUB PDUR  RX canif=1 com=1
[001100000] ECUB COM   RX ipdu=1 len=1
[001100000] ECUB OS    ISR_EXIT Isr_CanRx
[001100000] ECUB OS    TASK_START Task_BswMain prio=4
[001100000] ECUB OS    TASK_END Task_BswMain
[001100000] ECUB RTE   WRITE P_HeadlightCmd_HeadlightCmd=1
[001100000] ECUB RTE   TRIGGER DRE_Actuator_HeadlightCmd -> Task_LightAct
[001100000] ECUB OS    TASK_WAIT Task_LightCtl mask=0x7
[001100000] ECUB OS    TASK_START Task_LightAct prio=2
[001100000] ECUB RTE   CALL R_Odometer_GetDistance
[001100000] ECUB RTE   WRITE P_HeadlightStatus_HeadlightStatus=1
[001100000] ECUB RTE   WRITE P_OdometerDistance_Distance=16
[001100000] ECUB OS    TASK_END Task_LightAct
[001103000] ECUB SIM   RESTBUS TX id=0x3f0 dlc=1 data=00
[001103000] ECUB OS    ISR_ENTER Isr_CanRx
[001103000] ECUB CAN   RX id=0x3f0 dlc=1 data=00
[001103000] ECUB CANIF RX pdu=2
[001103000] ECUB PDUR  RX canif=2 com=2
[001103000] ECUB COM   RX ipdu=2 len=1
[001103000] ECUB OS    ISR_EXIT Isr_CanRx
[001110000] ECUB OS    ALARM Alarm_BswMain
[001110000] ECUB OS    ISR_ENTER Isr_CanRx
[001110000] ECUB CAN   RX id=0x101 dlc=2 data=26 05
[001110000] ECUB CANIF RX pdu=0
[001110000] ECUB PDUR  RX canif=0 com=0
[001110000] ECUB COM   RX ipdu=0 len=2
[001110000] ECUB OS    ISR_EXIT Isr_CanRx
[001110000] ECUB OS    TASK_START Task_BswMain prio=4
[001110000] ECUB COM   NOTIFY sig=0
[001110000] ECUB RTE   TRIGGER DRE_LightCtl_VehicleSpeed -> Task_LightCtl
[001110000] ECUB OS    EVENT_SET Task_LightCtl mask=0x2
[001110000] ECUB COM   TX ipdu=3 len=6
[001110000] ECUB PDUR  TX com=3 canif=0
[001110000] ECUB CAN   TX id=0x201 dlc=6 data=01 00 10 00 00 00
[001110000] ECUB CANIF TX pdu=0
[001110000] ECUB OS    TASK_END Task_BswMain
[001110000] ECUB RTE   CALL R_Odometer_UpdateSpeed
[001110000] ECUB OS    TASK_WAIT Task_LightCtl mask=0x7
[001120000] ECUB OS    ALARM Alarm_BswMain
[001120000] ECUB OS    ALARM Alarm_LightCtl20ms
[001120000] ECUB OS    EVENT_SET Task_LightCtl mask=0x1
[001120000] ECUB OS    TASK_START Task_BswMain prio=4
[001120000] ECUB OS    TASK_END Task_BswMain
[001120000] ECUB RTE   WRITE P_HeadlightCmd_HeadlightCmd=1
[001120000] ECUB RTE   TRIGGER DRE_Actuator_HeadlightCmd -> Task_LightAct
[001120000] ECUB OS    TASK_WAIT Task_LightCtl mask=0x7
[001120000] ECUB OS    TASK_START Task_LightAct prio=2
[001120000] ECUB RTE   CALL R_Odometer_GetDistance
[001120000] ECUB RTE   WRITE P_HeadlightStatus_HeadlightStatus=1
[001120000] ECUB RTE   WRITE P_OdometerDistance_Distance=16
[001120000] ECUB OS    TASK_END Task_LightAct
[001130000] ECUB OS    ALARM Alarm_BswMain
[001130000] ECUB OS    ISR_ENTER Isr_CanRx
[001130000] ECUB CAN   RX id=0x101 dlc=2 data=43 05
[001130000] ECUB CANIF RX pdu=0
[001130000] ECUB PDUR  RX canif=0 com=0
[001130000] ECUB COM   RX ipdu=0 len=2
[001130000] ECUB OS    ISR_EXIT Isr_CanRx
[001130000] ECUB OS    TASK_START Task_BswMain prio=4
[001130000] ECUB COM   NOTIFY sig=0
[001130000] ECUB RTE   TRIGGER DRE_LightCtl_VehicleSpeed -> Task_LightCtl
[001130000] ECUB OS    EVENT_SET Task_LightCtl mask=0x2
[001130000] ECUB OS    TASK_END Task_BswMain
[001130000] ECUB RTE   CALL R_Odometer_UpdateSpeed
[001130000] ECUB OS    TASK_WAIT Task_LightCtl mask=0x7
[001140000] ECUB OS    ALARM Alarm_BswMain
[001140000] ECUB OS    ALARM Alarm_LightCtl20ms
[001140000] ECUB OS    EVENT_SET Task_LightCtl mask=0x1
[001140000] ECUB OS    TASK_START Task_BswMain prio=4
[001140000] ECUB OS    TASK_END Task_BswMain
[001140000] ECUB RTE   WRITE P_HeadlightCmd_HeadlightCmd=1
[001140000] ECUB RTE   TRIGGER DRE_Actuator_HeadlightCmd -> Task_LightAct
[001140000] ECUB OS    TASK_WAIT Task_LightCtl mask=0x7
[001140000] ECUB OS    TASK_START Task_LightAct prio=2
[001140000] ECUB RTE   CALL R_Odometer_GetDistance
[001140000] ECUB RTE   WRITE P_HeadlightStatus_HeadlightStatus=1
[001140000] ECUB RTE   WRITE P_OdometerDistance_Distance=17
[001140000] ECUB OS    TASK_END Task_LightAct
[001150000] ECUB OS    ALARM Alarm_BswMain
[001150000] ECUB OS    ISR_ENTER Isr_CanRx
[001150000] ECUB CAN   RX id=0x101 dlc=2 data=61 05
[001150000] ECUB CANIF RX pdu=0
[001150000] ECUB PDUR  RX canif=0 com=0
[001150000] ECUB COM   RX ipdu=0 len=2
[001150000] ECUB OS    ISR_EXIT Isr_CanRx
[001150000] ECUB OS    TASK_START Task_BswMain prio=4
[001150000] ECUB COM   NOTIFY sig=0
[001150000] ECUB RTE   TRIGGER DRE_LightCtl_VehicleSpeed -> Task_LightCtl
[001150000] ECUB OS    EVENT_SET Task_LightCtl mask=0x2
[001150000] ECUB OS    TASK_END Task_BswMain
[001150000] ECUB RTE   CALL R_Odometer_UpdateSpeed
[001150000] ECUB OS    TASK_WAIT Task_LightCtl mask=0x7
[001160000] ECUB OS    ALARM Alarm_BswMain
[001160000] ECUB OS    ALARM Alarm_LightCtl20ms
[001160000] ECUB OS    EVENT_SET Task_LightCtl mask=0x1
[001160000] ECUB OS    TASK_START Task_BswMain prio=4
[001160000] ECUB OS    TASK_END Task_BswMain
[001160000] ECUB RTE   WRITE P_HeadlightCmd_HeadlightCmd=1
[001160000] ECUB RTE   TRIGGER DRE_Actuator_HeadlightCmd -> Task_LightAct
[001160000] ECUB OS    TASK_WAIT Task_LightCtl mask=0x7
[001160000] ECUB OS    TASK_START Task_LightAct prio=2
[001160000] ECUB RTE   CALL R_Odometer_GetDistance
[001160000] ECUB RTE   WRITE P_HeadlightStatus_HeadlightStatus=1
[001160000] ECUB RTE   WRITE P_OdometerDistance_Distance=18
[001160000] ECUB OS    TASK_END Task_LightAct
[001170000] ECUB OS    ALARM Alarm_BswMain
[001170000] ECUB OS    ISR_ENTER Isr_CanRx
[001170000] ECUB CAN   RX id=0x101 dlc=2 data=7e 05
[001170000] ECUB CANIF RX pdu=0
[001170000] ECUB PDUR  RX canif=0 com=0
[001170000] ECUB COM   RX ipdu=0 len=2
[001170000] ECUB OS    ISR_EXIT Isr_CanRx
[001170000] ECUB OS    TASK_START Task_BswMain prio=4
[001170000] ECUB COM   NOTIFY sig=0
[001170000] ECUB RTE   TRIGGER DRE_LightCtl_VehicleSpeed -> Task_LightCtl
[001170000] ECUB OS    EVENT_SET Task_LightCtl mask=0x2
[001170000] ECUB OS    TASK_END Task_BswMain
[001170000] ECUB RTE   CALL R_Odometer_UpdateSpeed
[001170000] ECUB OS    TASK_WAIT Task_LightCtl mask=0x7
[001180000] ECUB OS    ALARM Alarm_BswMain
[001180000] ECUB OS    ALARM Alarm_LightCtl20ms
[001180000] ECUB OS    EVENT_SET Task_LightCtl mask=0x1
[001180000] ECUB OS    TASK_START Task_BswMain prio=4
[001180000] ECUB OS    TASK_END Task_BswMain
[001180000] ECUB RTE   WRITE P_HeadlightCmd_HeadlightCmd=1
[001180000] ECUB RTE   TRIGGER DRE_Actuator_HeadlightCmd -> Task_LightAct
[001180000] ECUB OS    TASK_WAIT Task_LightCtl mask=0x7
[001180000] ECUB OS    TASK_START Task_LightAct prio=2
[001180000] ECUB RTE   CALL R_Odometer_GetDistance
[001180000] ECUB RTE   WRITE P_HeadlightStatus_HeadlightStatus=1
[001180000] ECUB RTE   WRITE P_OdometerDistance_Distance=19
[001180000] ECUB OS    TASK_END Task_LightAct
[001190000] ECUB OS    ALARM Alarm_BswMain
[001190000] ECUB OS    ISR_ENTER Isr_CanRx
[001190000] ECUB CAN   RX id=0x101 dlc=2 data=9b 05
[001190000] ECUB CANIF RX pdu=0
[001190000] ECUB PDUR  RX canif=0 com=0
[001190000] ECUB COM   RX ipdu=0 len=2
[001190000] ECUB OS    ISR_EXIT Isr_CanRx
[001190000] ECUB OS    TASK_START Task_BswMain prio=4
[001190000] ECUB COM   NOTIFY sig=0
[001190000] ECUB RTE   TRIGGER DRE_LightCtl_VehicleSpeed -> Task_LightCtl
[001190000] ECUB OS    EVENT_SET Task_LightCtl mask=0x2
[001190000] ECUB OS    TASK_END Task_BswMain
[001190000] ECUB RTE   CALL R_Odometer_UpdateSpeed
[001190000] ECUB OS    TASK_WAIT Task_LightCtl mask=0x7
[001200000] ECUB OS    ALARM Alarm_BswMain
[001200000] ECUB OS    ALARM Alarm_LightCtl20ms
[001200000] ECUB OS    EVENT_SET Task_LightCtl mask=0x1
[001200000] ECUB SIM   RESTBUS TX id=0x301 dlc=1 data=3c
[001200000] ECUB OS    ISR_ENTER Isr_CanRx
[001200000] ECUB CAN   RX id=0x301 dlc=1 data=3c
[001200000] ECUB CANIF RX pdu=1
[001200000] ECUB PDUR  RX canif=1 com=1
[001200000] ECUB COM   RX ipdu=1 len=1
[001200000] ECUB OS    ISR_EXIT Isr_CanRx
[001200000] ECUB OS    TASK_START Task_BswMain prio=4
[001200000] ECUB OS    TASK_END Task_BswMain
[001200000] ECUB RTE   WRITE P_HeadlightCmd_HeadlightCmd=1
[001200000] ECUB RTE   TRIGGER DRE_Actuator_HeadlightCmd -> Task_LightAct
[001200000] ECUB OS    TASK_WAIT Task_LightCtl mask=0x7
[001200000] ECUB OS    TASK_START Task_LightAct prio=2
[001200000] ECUB RTE   CALL R_Odometer_GetDistance
[001200000] ECUB RTE   WRITE P_HeadlightStatus_HeadlightStatus=1
[001200000] ECUB RTE   WRITE P_OdometerDistance_Distance=19
[001200000] ECUB OS    TASK_END Task_LightAct
[001203000] ECUB SIM   RESTBUS TX id=0x3f0 dlc=1 data=00
[001203000] ECUB OS    ISR_ENTER Isr_CanRx
[001203000] ECUB CAN   RX id=0x3f0 dlc=1 data=00
[001203000] ECUB CANIF RX pdu=2
[001203000] ECUB PDUR  RX canif=2 com=2
[001203000] ECUB COM   RX ipdu=2 len=1
[001203000] ECUB OS    ISR_EXIT Isr_CanRx
[001210000] ECUB OS    ALARM Alarm_BswMain
[001210000] ECUB OS    ISR_ENTER Isr_CanRx
[001210000] ECUB CAN   RX id=0x101 dlc=2 data=b9 05
[001210000] ECUB CANIF RX pdu=0
[001210000] ECUB PDUR  RX canif=0 com=0
[001210000] ECUB COM   RX ipdu=0 len=2
[001210000] ECUB OS    ISR_EXIT Isr_CanRx
[001210000] ECUB OS    TASK_START Task_BswMain prio=4
[001210000] ECUB COM   NOTIFY sig=0
[001210000] ECUB RTE   TRIGGER DRE_LightCtl_VehicleSpeed -> Task_LightCtl
[001210000] ECUB OS    EVENT_SET Task_LightCtl mask=0x2
[001210000] ECUB COM   TX ipdu=3 len=6
[001210000] ECUB PDUR  TX com=3 canif=0
[001210000] ECUB CAN   TX id=0x201 dlc=6 data=01 00 13 00 00 00
[001210000] ECUB CANIF TX pdu=0
[001210000] ECUB OS    TASK_END Task_BswMain
[001210000] ECUB RTE   CALL R_Odometer_UpdateSpeed
[001210000] ECUB OS    TASK_WAIT Task_LightCtl mask=0x7
[001220000] ECUB OS    ALARM Alarm_BswMain
[001220000] ECUB OS    ALARM Alarm_LightCtl20ms
[001220000] ECUB OS    EVENT_SET Task_LightCtl mask=0x1
[001220000] ECUB OS    TASK_START Task_BswMain prio=4
[001220000] ECUB OS    TASK_END Task_BswMain
[001220000] ECUB RTE   WRITE P_HeadlightCmd_HeadlightCmd=1
[001220000] ECUB RTE   TRIGGER DRE_Actuator_HeadlightCmd -> Task_LightAct
[001220000] ECUB OS    TASK_WAIT Task_LightCtl mask=0x7
[001220000] ECUB OS    TASK_START Task_LightAct prio=2
[001220000] ECUB RTE   CALL R_Odometer_GetDistance
[001220000] ECUB RTE   WRITE P_HeadlightStatus_HeadlightStatus=1
[001220000] ECUB RTE   WRITE P_OdometerDistance_Distance=20
[001220000] ECUB OS    TASK_END Task_LightAct
[001230000] ECUB OS    ALARM Alarm_BswMain
[001230000] ECUB OS    ISR_ENTER Isr_CanRx
[001230000] ECUB CAN   RX id=0x101 dlc=2 data=b9 05
[001230000] ECUB CANIF RX pdu=0
[001230000] ECUB PDUR  RX canif=0 com=0
[001230000] ECUB COM   RX ipdu=0 len=2
[001230000] ECUB OS    ISR_EXIT Isr_CanRx
[001230000] ECUB OS    TASK_START Task_BswMain prio=4
[001230000] ECUB COM   NOTIFY sig=0
[001230000] ECUB RTE   TRIGGER DRE_LightCtl_VehicleSpeed -> Task_LightCtl
[001230000] ECUB OS    EVENT_SET Task_LightCtl mask=0x2
[001230000] ECUB OS    TASK_END Task_BswMain
[001230000] ECUB RTE   CALL R_Odometer_UpdateSpeed
[001230000] ECUB OS    TASK_WAIT Task_LightCtl mask=0x7
[001240000] ECUB OS    ALARM Alarm_BswMain
[001240000] ECUB OS    ALARM Alarm_LightCtl20ms
[001240000] ECUB OS    EVENT_SET Task_LightCtl mask=0x1
[001240000] ECUB OS    TASK_START Task_BswMain prio=4
[001240000] ECUB OS    TASK_END Task_BswMain
[001240000] ECUB RTE   WRITE P_HeadlightCmd_HeadlightCmd=1
[001240000] ECUB RTE   TRIGGER DRE_Actuator_HeadlightCmd -> Task_LightAct
[001240000] ECUB OS    TASK_WAIT Task_LightCtl mask=0x7
[001240000] ECUB OS    TASK_START Task_LightAct prio=2
[001240000] ECUB RTE   CALL R_Odometer_GetDistance
[001240000] ECUB RTE   WRITE P_HeadlightStatus_HeadlightStatus=1
[001240000] ECUB RTE   WRITE P_OdometerDistance_Distance=21
[001240000] ECUB OS    TASK_END Task_LightAct
[001250000] ECUB OS    ALARM Alarm_BswMain
[001250000] ECUB OS    ISR_ENTER Isr_CanRx
[001250000] ECUB CAN   RX id=0x101 dlc=2 data=b9 05
[001250000] ECUB CANIF RX pdu=0
[001250000] ECUB PDUR  RX canif=0 com=0
[001250000] ECUB COM   RX ipdu=0 len=2
[001250000] ECUB OS    ISR_EXIT Isr_CanRx
[001250000] ECUB OS    TASK_START Task_BswMain prio=4
[001250000] ECUB COM   NOTIFY sig=0
[001250000] ECUB RTE   TRIGGER DRE_LightCtl_VehicleSpeed -> Task_LightCtl
[001250000] ECUB OS    EVENT_SET Task_LightCtl mask=0x2
[001250000] ECUB OS    TASK_END Task_BswMain
[001250000] ECUB RTE   CALL R_Odometer_UpdateSpeed
[001250000] ECUB OS    TASK_WAIT Task_LightCtl mask=0x7
[001260000] ECUB OS    ALARM Alarm_BswMain
[001260000] ECUB OS    ALARM Alarm_LightCtl20ms
[001260000] ECUB OS    EVENT_SET Task_LightCtl mask=0x1
[001260000] ECUB OS    TASK_START Task_BswMain prio=4
[001260000] ECUB OS    TASK_END Task_BswMain
[001260000] ECUB RTE   WRITE P_HeadlightCmd_HeadlightCmd=1
[001260000] ECUB RTE   TRIGGER DRE_Actuator_HeadlightCmd -> Task_LightAct
[001260000] ECUB OS    TASK_WAIT Task_LightCtl mask=0x7
[001260000] ECUB OS    TASK_START Task_LightAct prio=2
[001260000] ECUB RTE   CALL R_Odometer_GetDistance
[001260000] ECUB RTE   WRITE P_HeadlightStatus_HeadlightStatus=1
[001260000] ECUB RTE   WRITE P_OdometerDistance_Distance=22
[001260000] ECUB OS    TASK_END Task_LightAct
[001270000] ECUB OS    ALARM Alarm_BswMain
[001270000] ECUB OS    ISR_ENTER Isr_CanRx
[001270000] ECUB CAN   RX id=0x101 dlc=2 data=b9 05
[001270000] ECUB CANIF RX pdu=0
[001270000] ECUB PDUR  RX canif=0 com=0
[001270000] ECUB COM   RX ipdu=0 len=2
[001270000] ECUB OS    ISR_EXIT Isr_CanRx
[001270000] ECUB OS    TASK_START Task_BswMain prio=4
[001270000] ECUB COM   NOTIFY sig=0
[001270000] ECUB RTE   TRIGGER DRE_LightCtl_VehicleSpeed -> Task_LightCtl
[001270000] ECUB OS    EVENT_SET Task_LightCtl mask=0x2
[001270000] ECUB OS    TASK_END Task_BswMain
[001270000] ECUB RTE   CALL R_Odometer_UpdateSpeed
[001270000] ECUB OS    TASK_WAIT Task_LightCtl mask=0x7
[001280000] ECUB OS    ALARM Alarm_BswMain
[001280000] ECUB OS    ALARM Alarm_LightCtl20ms
[001280000] ECUB OS    EVENT_SET Task_LightCtl mask=0x1
[001280000] ECUB OS    TASK_START Task_BswMain prio=4
[001280000] ECUB OS    TASK_END Task_BswMain
[001280000] ECUB RTE   WRITE P_HeadlightCmd_HeadlightCmd=1
[001280000] ECUB RTE   TRIGGER DRE_Actuator_HeadlightCmd -> Task_LightAct
[001280000] ECUB OS    TASK_WAIT Task_LightCtl mask=0x7
[001280000] ECUB OS    TASK_START Task_LightAct prio=2
[001280000] ECUB RTE   CALL R_Odometer_GetDistance
[001280000] ECUB RTE   WRITE P_HeadlightStatus_HeadlightStatus=1
[001280000] ECUB RTE   WRITE P_OdometerDistance_Distance=23
[001280000] ECUB OS    TASK_END Task_LightAct
[001290000] ECUB OS    ALARM Alarm_BswMain
[001290000] ECUB OS    ISR_ENTER Isr_CanRx
[001290000] ECUB CAN   RX id=0x101 dlc=2 data=b9 05
[001290000] ECUB CANIF RX pdu=0
[001290000] ECUB PDUR  RX canif=0 com=0
[001290000] ECUB COM   RX ipdu=0 len=2
[001290000] ECUB OS    ISR_EXIT Isr_CanRx
[001290000] ECUB OS    TASK_START Task_BswMain prio=4
[001290000] ECUB COM   NOTIFY sig=0
[001290000] ECUB RTE   TRIGGER DRE_LightCtl_VehicleSpeed -> Task_LightCtl
[001290000] ECUB OS    EVENT_SET Task_LightCtl mask=0x2
[001290000] ECUB OS    TASK_END Task_BswMain
[001290000] ECUB RTE   CALL R_Odometer_UpdateSpeed
[001290000] ECUB OS    TASK_WAIT Task_LightCtl mask=0x7
[001300000] ECUB OS    ALARM Alarm_BswMain
[001300000] ECUB OS    ALARM Alarm_LightCtl20ms
[001300000] ECUB OS    EVENT_SET Task_LightCtl mask=0x1
[001300000] ECUB SIM   RESTBUS TX id=0x301 dlc=1 data=3c
[001300000] ECUB OS    ISR_ENTER Isr_CanRx
[001300000] ECUB CAN   RX id=0x301 dlc=1 data=3c
[001300000] ECUB CANIF RX pdu=1
[001300000] ECUB PDUR  RX canif=1 com=1
[001300000] ECUB COM   RX ipdu=1 len=1
[001300000] ECUB OS    ISR_EXIT Isr_CanRx
[001300000] ECUB OS    TASK_START Task_BswMain prio=4
[001300000] ECUB OS    TASK_END Task_BswMain
[001300000] ECUB RTE   WRITE P_HeadlightCmd_HeadlightCmd=1
[001300000] ECUB RTE   TRIGGER DRE_Actuator_HeadlightCmd -> Task_LightAct
[001300000] ECUB OS    TASK_WAIT Task_LightCtl mask=0x7
[001300000] ECUB OS    TASK_START Task_LightAct prio=2
[001300000] ECUB RTE   CALL R_Odometer_GetDistance
[001300000] ECUB RTE   WRITE P_HeadlightStatus_HeadlightStatus=1
[001300000] ECUB RTE   WRITE P_OdometerDistance_Distance=23
[001300000] ECUB OS    TASK_END Task_LightAct
[001303000] ECUB SIM   RESTBUS TX id=0x3f0 dlc=1 data=00
[001303000] ECUB OS    ISR_ENTER Isr_CanRx
[001303000] ECUB CAN   RX id=0x3f0 dlc=1 data=00
[001303000] ECUB CANIF RX pdu=2
[001303000] ECUB PDUR  RX canif=2 com=2
[001303000] ECUB COM   RX ipdu=2 len=1
[001303000] ECUB OS    ISR_EXIT Isr_CanRx
[001310000] ECUB OS    ALARM Alarm_BswMain
[001310000] ECUB OS    ISR_ENTER Isr_CanRx
[001310000] ECUB CAN   RX id=0x101 dlc=2 data=b9 05
[001310000] ECUB CANIF RX pdu=0
[001310000] ECUB PDUR  RX canif=0 com=0
[001310000] ECUB COM   RX ipdu=0 len=2
[001310000] ECUB OS    ISR_EXIT Isr_CanRx
[001310000] ECUB OS    TASK_START Task_BswMain prio=4
[001310000] ECUB COM   NOTIFY sig=0
[001310000] ECUB RTE   TRIGGER DRE_LightCtl_VehicleSpeed -> Task_LightCtl
[001310000] ECUB OS    EVENT_SET Task_LightCtl mask=0x2
[001310000] ECUB COM   TX ipdu=3 len=6
[001310000] ECUB PDUR  TX com=3 canif=0
[001310000] ECUB CAN   TX id=0x201 dlc=6 data=01 00 17 00 00 00
[001310000] ECUB CANIF TX pdu=0
[001310000] ECUB OS    TASK_END Task_BswMain
[001310000] ECUB RTE   CALL R_Odometer_UpdateSpeed
[001310000] ECUB OS    TASK_WAIT Task_LightCtl mask=0x7
[001320000] ECUB OS    ALARM Alarm_BswMain
[001320000] ECUB OS    ALARM Alarm_LightCtl20ms
[001320000] ECUB OS    EVENT_SET Task_LightCtl mask=0x1
[001320000] ECUB OS    TASK_START Task_BswMain prio=4
[001320000] ECUB OS    TASK_END Task_BswMain
[001320000] ECUB RTE   WRITE P_HeadlightCmd_HeadlightCmd=1
[001320000] ECUB RTE   TRIGGER DRE_Actuator_HeadlightCmd -> Task_LightAct
[001320000] ECUB OS    TASK_WAIT Task_LightCtl mask=0x7
[001320000] ECUB OS    TASK_START Task_LightAct prio=2
[001320000] ECUB RTE   CALL R_Odometer_GetDistance
[001320000] ECUB RTE   WRITE P_HeadlightStatus_HeadlightStatus=1
[001320000] ECUB RTE   WRITE P_OdometerDistance_Distance=24
[001320000] ECUB OS    TASK_END Task_LightAct
[001330000] ECUB OS    ALARM Alarm_BswMain
[001330000] ECUB OS    ISR_ENTER Isr_CanRx
[001330000] ECUB CAN   RX id=0x101 dlc=2 data=b9 05
[001330000] ECUB CANIF RX pdu=0
[001330000] ECUB PDUR  RX canif=0 com=0
[001330000] ECUB COM   RX ipdu=0 len=2
[001330000] ECUB OS    ISR_EXIT Isr_CanRx
[001330000] ECUB OS    TASK_START Task_BswMain prio=4
[001330000] ECUB COM   NOTIFY sig=0
[001330000] ECUB RTE   TRIGGER DRE_LightCtl_VehicleSpeed -> Task_LightCtl
[001330000] ECUB OS    EVENT_SET Task_LightCtl mask=0x2
[001330000] ECUB OS    TASK_END Task_BswMain
[001330000] ECUB RTE   CALL R_Odometer_UpdateSpeed
[001330000] ECUB OS    TASK_WAIT Task_LightCtl mask=0x7
[001340000] ECUB OS    ALARM Alarm_BswMain
[001340000] ECUB OS    ALARM Alarm_LightCtl20ms
[001340000] ECUB OS    EVENT_SET Task_LightCtl mask=0x1
[001340000] ECUB OS    TASK_START Task_BswMain prio=4
[001340000] ECUB OS    TASK_END Task_BswMain
[001340000] ECUB RTE   WRITE P_HeadlightCmd_HeadlightCmd=1
[001340000] ECUB RTE   TRIGGER DRE_Actuator_HeadlightCmd -> Task_LightAct
[001340000] ECUB OS    TASK_WAIT Task_LightCtl mask=0x7
[001340000] ECUB OS    TASK_START Task_LightAct prio=2
[001340000] ECUB RTE   CALL R_Odometer_GetDistance
[001340000] ECUB RTE   WRITE P_HeadlightStatus_HeadlightStatus=1
[001340000] ECUB RTE   WRITE P_OdometerDistance_Distance=25
[001340000] ECUB OS    TASK_END Task_LightAct
[001350000] ECUB OS    ALARM Alarm_BswMain
[001350000] ECUB OS    ISR_ENTER Isr_CanRx
[001350000] ECUB CAN   RX id=0x101 dlc=2 data=b9 05
[001350000] ECUB CANIF RX pdu=0
[001350000] ECUB PDUR  RX canif=0 com=0
[001350000] ECUB COM   RX ipdu=0 len=2
[001350000] ECUB OS    ISR_EXIT Isr_CanRx
[001350000] ECUB OS    TASK_START Task_BswMain prio=4
[001350000] ECUB COM   NOTIFY sig=0
[001350000] ECUB RTE   TRIGGER DRE_LightCtl_VehicleSpeed -> Task_LightCtl
[001350000] ECUB OS    EVENT_SET Task_LightCtl mask=0x2
[001350000] ECUB OS    TASK_END Task_BswMain
[001350000] ECUB RTE   CALL R_Odometer_UpdateSpeed
[001350000] ECUB OS    TASK_WAIT Task_LightCtl mask=0x7
[001360000] ECUB OS    ALARM Alarm_BswMain
[001360000] ECUB OS    ALARM Alarm_LightCtl20ms
[001360000] ECUB OS    EVENT_SET Task_LightCtl mask=0x1
[001360000] ECUB OS    TASK_START Task_BswMain prio=4
[001360000] ECUB OS    TASK_END Task_BswMain
[001360000] ECUB RTE   WRITE P_HeadlightCmd_HeadlightCmd=1
[001360000] ECUB RTE   TRIGGER DRE_Actuator_HeadlightCmd -> Task_LightAct
[001360000] ECUB OS    TASK_WAIT Task_LightCtl mask=0x7
[001360000] ECUB OS    TASK_START Task_LightAct prio=2
[001360000] ECUB RTE   CALL R_Odometer_GetDistance
[001360000] ECUB RTE   WRITE P_HeadlightStatus_HeadlightStatus=1
[001360000] ECUB RTE   WRITE P_OdometerDistance_Distance=26
[001360000] ECUB OS    TASK_END Task_LightAct
[001370000] ECUB OS    ALARM Alarm_BswMain
[001370000] ECUB OS    ISR_ENTER Isr_CanRx
[001370000] ECUB CAN   RX id=0x101 dlc=2 data=b9 05
[001370000] ECUB CANIF RX pdu=0
[001370000] ECUB PDUR  RX canif=0 com=0
[001370000] ECUB COM   RX ipdu=0 len=2
[001370000] ECUB OS    ISR_EXIT Isr_CanRx
[001370000] ECUB OS    TASK_START Task_BswMain prio=4
[001370000] ECUB COM   NOTIFY sig=0
[001370000] ECUB RTE   TRIGGER DRE_LightCtl_VehicleSpeed -> Task_LightCtl
[001370000] ECUB OS    EVENT_SET Task_LightCtl mask=0x2
[001370000] ECUB OS    TASK_END Task_BswMain
[001370000] ECUB RTE   CALL R_Odometer_UpdateSpeed
[001370000] ECUB OS    TASK_WAIT Task_LightCtl mask=0x7
[001380000] ECUB OS    ALARM Alarm_BswMain
[001380000] ECUB OS    ALARM Alarm_LightCtl20ms
[001380000] ECUB OS    EVENT_SET Task_LightCtl mask=0x1
[001380000] ECUB OS    TASK_START Task_BswMain prio=4
[001380000] ECUB OS    TASK_END Task_BswMain
[001380000] ECUB RTE   WRITE P_HeadlightCmd_HeadlightCmd=1
[001380000] ECUB RTE   TRIGGER DRE_Actuator_HeadlightCmd -> Task_LightAct
[001380000] ECUB OS    TASK_WAIT Task_LightCtl mask=0x7
[001380000] ECUB OS    TASK_START Task_LightAct prio=2
[001380000] ECUB RTE   CALL R_Odometer_GetDistance
[001380000] ECUB RTE   WRITE P_HeadlightStatus_HeadlightStatus=1
[001380000] ECUB RTE   WRITE P_OdometerDistance_Distance=27
[001380000] ECUB OS    TASK_END Task_LightAct
[001390000] ECUB OS    ALARM Alarm_BswMain
[001390000] ECUB OS    ISR_ENTER Isr_CanRx
[001390000] ECUB CAN   RX id=0x101 dlc=2 data=b9 05
[001390000] ECUB CANIF RX pdu=0
[001390000] ECUB PDUR  RX canif=0 com=0
[001390000] ECUB COM   RX ipdu=0 len=2
[001390000] ECUB OS    ISR_EXIT Isr_CanRx
[001390000] ECUB OS    TASK_START Task_BswMain prio=4
[001390000] ECUB COM   NOTIFY sig=0
[001390000] ECUB RTE   TRIGGER DRE_LightCtl_VehicleSpeed -> Task_LightCtl
[001390000] ECUB OS    EVENT_SET Task_LightCtl mask=0x2
[001390000] ECUB OS    TASK_END Task_BswMain
[001390000] ECUB RTE   CALL R_Odometer_UpdateSpeed
[001390000] ECUB OS    TASK_WAIT Task_LightCtl mask=0x7
[001400000] ECUB OS    ALARM Alarm_BswMain
[001400000] ECUB OS    ALARM Alarm_LightCtl20ms
[001400000] ECUB OS    EVENT_SET Task_LightCtl mask=0x1
[001400000] ECUB SIM   RESTBUS TX id=0x301 dlc=1 data=3c
[001400000] ECUB OS    ISR_ENTER Isr_CanRx
[001400000] ECUB CAN   RX id=0x301 dlc=1 data=3c
[001400000] ECUB CANIF RX pdu=1
[001400000] ECUB PDUR  RX canif=1 com=1
[001400000] ECUB COM   RX ipdu=1 len=1
[001400000] ECUB OS    ISR_EXIT Isr_CanRx
[001400000] ECUB OS    TASK_START Task_BswMain prio=4
[001400000] ECUB OS    TASK_END Task_BswMain
[001400000] ECUB RTE   WRITE P_HeadlightCmd_HeadlightCmd=1
[001400000] ECUB RTE   TRIGGER DRE_Actuator_HeadlightCmd -> Task_LightAct
[001400000] ECUB OS    TASK_WAIT Task_LightCtl mask=0x7
[001400000] ECUB OS    TASK_START Task_LightAct prio=2
[001400000] ECUB RTE   CALL R_Odometer_GetDistance
[001400000] ECUB RTE   WRITE P_HeadlightStatus_HeadlightStatus=1
[001400000] ECUB RTE   WRITE P_OdometerDistance_Distance=28
[001400000] ECUB OS    TASK_END Task_LightAct
[001403000] ECUB SIM   RESTBUS TX id=0x3f0 dlc=1 data=00
[001403000] ECUB OS    ISR_ENTER Isr_CanRx
[001403000] ECUB CAN   RX id=0x3f0 dlc=1 data=00
[001403000] ECUB CANIF RX pdu=2
[001403000] ECUB PDUR  RX canif=2 com=2
[001403000] ECUB COM   RX ipdu=2 len=1
[001403000] ECUB OS    ISR_EXIT Isr_CanRx
[001410000] ECUB OS    ALARM Alarm_BswMain
[001410000] ECUB OS    ISR_ENTER Isr_CanRx
[001410000] ECUB CAN   RX id=0x101 dlc=2 data=b9 05
[001410000] ECUB CANIF RX pdu=0
[001410000] ECUB PDUR  RX canif=0 com=0
[001410000] ECUB COM   RX ipdu=0 len=2
[001410000] ECUB OS    ISR_EXIT Isr_CanRx
[001410000] ECUB OS    TASK_START Task_BswMain prio=4
[001410000] ECUB COM   NOTIFY sig=0
[001410000] ECUB RTE   TRIGGER DRE_LightCtl_VehicleSpeed -> Task_LightCtl
[001410000] ECUB OS    EVENT_SET Task_LightCtl mask=0x2
[001410000] ECUB COM   TX ipdu=3 len=6
[001410000] ECUB PDUR  TX com=3 canif=0
[001410000] ECUB CAN   TX id=0x201 dlc=6 data=01 00 1c 00 00 00
[001410000] ECUB CANIF TX pdu=0
[001410000] ECUB OS    TASK_END Task_BswMain
[001410000] ECUB RTE   CALL R_Odometer_UpdateSpeed
[001410000] ECUB OS    TASK_WAIT Task_LightCtl mask=0x7
[001420000] ECUB OS    ALARM Alarm_BswMain
[001420000] ECUB OS    ALARM Alarm_LightCtl20ms
[001420000] ECUB OS    EVENT_SET Task_LightCtl mask=0x1
[001420000] ECUB OS    TASK_START Task_BswMain prio=4
[001420000] ECUB OS    TASK_END Task_BswMain
[001420000] ECUB RTE   WRITE P_HeadlightCmd_HeadlightCmd=1
[001420000] ECUB RTE   TRIGGER DRE_Actuator_HeadlightCmd -> Task_LightAct
[001420000] ECUB OS    TASK_WAIT Task_LightCtl mask=0x7
[001420000] ECUB OS    TASK_START Task_LightAct prio=2
[001420000] ECUB RTE   CALL R_Odometer_GetDistance
[001420000] ECUB RTE   WRITE P_HeadlightStatus_HeadlightStatus=1
[001420000] ECUB RTE   WRITE P_OdometerDistance_Distance=28
[001420000] ECUB OS    TASK_END Task_LightAct
[001430000] ECUB OS    ALARM Alarm_BswMain
[001430000] ECUB OS    ISR_ENTER Isr_CanRx
[001430000] ECUB CAN   RX id=0x101 dlc=2 data=b9 05
[001430000] ECUB CANIF RX pdu=0
[001430000] ECUB PDUR  RX canif=0 com=0
[001430000] ECUB COM   RX ipdu=0 len=2
[001430000] ECUB OS    ISR_EXIT Isr_CanRx
[001430000] ECUB OS    TASK_START Task_BswMain prio=4
[001430000] ECUB COM   NOTIFY sig=0
[001430000] ECUB RTE   TRIGGER DRE_LightCtl_VehicleSpeed -> Task_LightCtl
[001430000] ECUB OS    EVENT_SET Task_LightCtl mask=0x2
[001430000] ECUB OS    TASK_END Task_BswMain
[001430000] ECUB RTE   CALL R_Odometer_UpdateSpeed
[001430000] ECUB OS    TASK_WAIT Task_LightCtl mask=0x7
[001440000] ECUB OS    ALARM Alarm_BswMain
[001440000] ECUB OS    ALARM Alarm_LightCtl20ms
[001440000] ECUB OS    EVENT_SET Task_LightCtl mask=0x1
[001440000] ECUB OS    TASK_START Task_BswMain prio=4
[001440000] ECUB OS    TASK_END Task_BswMain
[001440000] ECUB RTE   WRITE P_HeadlightCmd_HeadlightCmd=1
[001440000] ECUB RTE   TRIGGER DRE_Actuator_HeadlightCmd -> Task_LightAct
[001440000] ECUB OS    TASK_WAIT Task_LightCtl mask=0x7
[001440000] ECUB OS    TASK_START Task_LightAct prio=2
[001440000] ECUB RTE   CALL R_Odometer_GetDistance
[001440000] ECUB RTE   WRITE P_HeadlightStatus_HeadlightStatus=1
[001440000] ECUB RTE   WRITE P_OdometerDistance_Distance=29
[001440000] ECUB OS    TASK_END Task_LightAct
[001450000] ECUB OS    ALARM Alarm_BswMain
[001450000] ECUB OS    ISR_ENTER Isr_CanRx
[001450000] ECUB CAN   RX id=0x101 dlc=2 data=b9 05
[001450000] ECUB CANIF RX pdu=0
[001450000] ECUB PDUR  RX canif=0 com=0
[001450000] ECUB COM   RX ipdu=0 len=2
[001450000] ECUB OS    ISR_EXIT Isr_CanRx
[001450000] ECUB OS    TASK_START Task_BswMain prio=4
[001450000] ECUB COM   NOTIFY sig=0
[001450000] ECUB RTE   TRIGGER DRE_LightCtl_VehicleSpeed -> Task_LightCtl
[001450000] ECUB OS    EVENT_SET Task_LightCtl mask=0x2
[001450000] ECUB OS    TASK_END Task_BswMain
[001450000] ECUB RTE   CALL R_Odometer_UpdateSpeed
[001450000] ECUB OS    TASK_WAIT Task_LightCtl mask=0x7
[001460000] ECUB OS    ALARM Alarm_BswMain
[001460000] ECUB OS    ALARM Alarm_LightCtl20ms
[001460000] ECUB OS    EVENT_SET Task_LightCtl mask=0x1
[001460000] ECUB OS    TASK_START Task_BswMain prio=4
[001460000] ECUB OS    TASK_END Task_BswMain
[001460000] ECUB RTE   WRITE P_HeadlightCmd_HeadlightCmd=1
[001460000] ECUB RTE   TRIGGER DRE_Actuator_HeadlightCmd -> Task_LightAct
[001460000] ECUB OS    TASK_WAIT Task_LightCtl mask=0x7
[001460000] ECUB OS    TASK_START Task_LightAct prio=2
[001460000] ECUB RTE   CALL R_Odometer_GetDistance
[001460000] ECUB RTE   WRITE P_HeadlightStatus_HeadlightStatus=1
[001460000] ECUB RTE   WRITE P_OdometerDistance_Distance=30
[001460000] ECUB OS    TASK_END Task_LightAct
[001470000] ECUB OS    ALARM Alarm_BswMain
[001470000] ECUB OS    ISR_ENTER Isr_CanRx
[001470000] ECUB CAN   RX id=0x101 dlc=2 data=b9 05
[001470000] ECUB CANIF RX pdu=0
[001470000] ECUB PDUR  RX canif=0 com=0
[001470000] ECUB COM   RX ipdu=0 len=2
[001470000] ECUB OS    ISR_EXIT Isr_CanRx
[001470000] ECUB OS    TASK_START Task_BswMain prio=4
[001470000] ECUB COM   NOTIFY sig=0
[001470000] ECUB RTE   TRIGGER DRE_LightCtl_VehicleSpeed -> Task_LightCtl
[001470000] ECUB OS    EVENT_SET Task_LightCtl mask=0x2
[001470000] ECUB OS    TASK_END Task_BswMain
[001470000] ECUB RTE   CALL R_Odometer_UpdateSpeed
[001470000] ECUB OS    TASK_WAIT Task_LightCtl mask=0x7
[001480000] ECUB OS    ALARM Alarm_BswMain
[001480000] ECUB OS    ALARM Alarm_LightCtl20ms
[001480000] ECUB OS    EVENT_SET Task_LightCtl mask=0x1
[001480000] ECUB OS    TASK_START Task_BswMain prio=4
[001480000] ECUB OS    TASK_END Task_BswMain
[001480000] ECUB RTE   WRITE P_HeadlightCmd_HeadlightCmd=1
[001480000] ECUB RTE   TRIGGER DRE_Actuator_HeadlightCmd -> Task_LightAct
[001480000] ECUB OS    TASK_WAIT Task_LightCtl mask=0x7
[001480000] ECUB OS    TASK_START Task_LightAct prio=2
[001480000] ECUB RTE   CALL R_Odometer_GetDistance
[001480000] ECUB RTE   WRITE P_HeadlightStatus_HeadlightStatus=1
[001480000] ECUB RTE   WRITE P_OdometerDistance_Distance=31
[001480000] ECUB OS    TASK_END Task_LightAct
[001490000] ECUB OS    ALARM Alarm_BswMain
[001490000] ECUB OS    ISR_ENTER Isr_CanRx
[001490000] ECUB CAN   RX id=0x101 dlc=2 data=b9 05
[001490000] ECUB CANIF RX pdu=0
[001490000] ECUB PDUR  RX canif=0 com=0
[001490000] ECUB COM   RX ipdu=0 len=2
[001490000] ECUB OS    ISR_EXIT Isr_CanRx
[001490000] ECUB OS    TASK_START Task_BswMain prio=4
[001490000] ECUB COM   NOTIFY sig=0
[001490000] ECUB RTE   TRIGGER DRE_LightCtl_VehicleSpeed -> Task_LightCtl
[001490000] ECUB OS    EVENT_SET Task_LightCtl mask=0x2
[001490000] ECUB OS    TASK_END Task_BswMain
[001490000] ECUB RTE   CALL R_Odometer_UpdateSpeed
[001490000] ECUB OS    TASK_WAIT Task_LightCtl mask=0x7
[001500000] ECUB OS    ALARM Alarm_BswMain
[001500000] ECUB OS    ALARM Alarm_LightCtl20ms
[001500000] ECUB OS    EVENT_SET Task_LightCtl mask=0x1
[001500000] ECUB SIM   RESTBUS TX id=0x301 dlc=1 data=14
[001500000] ECUB OS    ISR_ENTER Isr_CanRx
[001500000] ECUB CAN   RX id=0x301 dlc=1 data=14
[001500000] ECUB CANIF RX pdu=1
[001500000] ECUB PDUR  RX canif=1 com=1
[001500000] ECUB COM   RX ipdu=1 len=1
[001500000] ECUB OS    ISR_EXIT Isr_CanRx
[001500000] ECUB OS    TASK_START Task_BswMain prio=4
[001500000] ECUB OS    TASK_END Task_BswMain
[001500000] ECUB SWC   LightCtl cmd=2 speed=1465 ambient=20 postrun=0
[001500000] ECUB RTE   WRITE P_HeadlightCmd_HeadlightCmd=2
[001500000] ECUB RTE   TRIGGER DRE_Actuator_HeadlightCmd -> Task_LightAct
[001500000] ECUB OS    TASK_WAIT Task_LightCtl mask=0x7
[001500000] ECUB OS    TASK_START Task_LightAct prio=2
[001500000] ECUB RTE   CALL R_Odometer_GetDistance
[001500000] ECUB RTE   CALL R_LightHw_SetHeadlight
[001500000] ECUB SIM   GPIO PB7=1
[001500000] ECUB BSW   IOHWAB LIGHT state=2
[001500000] ECUB SWC   Actuator state=2 dist=32
[001500000] ECUB RTE   WRITE P_HeadlightStatus_HeadlightStatus=2
[001500000] ECUB RTE   WRITE P_OdometerDistance_Distance=32
[001500000] ECUB OS    TASK_END Task_LightAct
[001503000] ECUB SIM   RESTBUS TX id=0x3f0 dlc=1 data=00
[001503000] ECUB OS    ISR_ENTER Isr_CanRx
[001503000] ECUB CAN   RX id=0x3f0 dlc=1 data=00
[001503000] ECUB CANIF RX pdu=2
[001503000] ECUB PDUR  RX canif=2 com=2
[001503000] ECUB COM   RX ipdu=2 len=1
[001503000] ECUB OS    ISR_EXIT Isr_CanRx
[001510000] ECUB OS    ALARM Alarm_BswMain
[001510000] ECUB OS    ISR_ENTER Isr_CanRx
[001510000] ECUB CAN   RX id=0x101 dlc=2 data=b9 05
[001510000] ECUB CANIF RX pdu=0
[001510000] ECUB PDUR  RX canif=0 com=0
[001510000] ECUB COM   RX ipdu=0 len=2
[001510000] ECUB OS    ISR_EXIT Isr_CanRx
[001510000] ECUB OS    TASK_START Task_BswMain prio=4
[001510000] ECUB COM   NOTIFY sig=0
[001510000] ECUB RTE   TRIGGER DRE_LightCtl_VehicleSpeed -> Task_LightCtl
[001510000] ECUB OS    EVENT_SET Task_LightCtl mask=0x2
[001510000] ECUB COM   TX ipdu=3 len=6
[001510000] ECUB PDUR  TX com=3 canif=0
[001510000] ECUB CAN   TX id=0x201 dlc=6 data=02 00 20 00 00 00
[001510000] ECUB CANIF TX pdu=0
[001510000] ECUB OS    TASK_END Task_BswMain
[001510000] ECUB RTE   CALL R_Odometer_UpdateSpeed
[001510000] ECUB OS    TASK_WAIT Task_LightCtl mask=0x7
[001520000] ECUB OS    ALARM Alarm_BswMain
[001520000] ECUB OS    ALARM Alarm_LightCtl20ms
[001520000] ECUB OS    EVENT_SET Task_LightCtl mask=0x1
[001520000] ECUB OS    TASK_START Task_BswMain prio=4
[001520000] ECUB OS    TASK_END Task_BswMain
[001520000] ECUB RTE   WRITE P_HeadlightCmd_HeadlightCmd=2
[001520000] ECUB RTE   TRIGGER DRE_Actuator_HeadlightCmd -> Task_LightAct
[001520000] ECUB OS    TASK_WAIT Task_LightCtl mask=0x7
[001520000] ECUB OS    TASK_START Task_LightAct prio=2
[001520000] ECUB RTE   CALL R_Odometer_GetDistance
[001520000] ECUB RTE   WRITE P_HeadlightStatus_HeadlightStatus=2
[001520000] ECUB RTE   WRITE P_OdometerDistance_Distance=32
[001520000] ECUB OS    TASK_END Task_LightAct
[001530000] ECUB OS    ALARM Alarm_BswMain
[001530000] ECUB OS    ISR_ENTER Isr_CanRx
[001530000] ECUB CAN   RX id=0x101 dlc=2 data=b9 05
[001530000] ECUB CANIF RX pdu=0
[001530000] ECUB PDUR  RX canif=0 com=0
[001530000] ECUB COM   RX ipdu=0 len=2
[001530000] ECUB OS    ISR_EXIT Isr_CanRx
[001530000] ECUB OS    TASK_START Task_BswMain prio=4
[001530000] ECUB COM   NOTIFY sig=0
[001530000] ECUB RTE   TRIGGER DRE_LightCtl_VehicleSpeed -> Task_LightCtl
[001530000] ECUB OS    EVENT_SET Task_LightCtl mask=0x2
[001530000] ECUB OS    TASK_END Task_BswMain
[001530000] ECUB RTE   CALL R_Odometer_UpdateSpeed
[001530000] ECUB OS    TASK_WAIT Task_LightCtl mask=0x7
[001540000] ECUB OS    ALARM Alarm_BswMain
[001540000] ECUB OS    ALARM Alarm_LightCtl20ms
[001540000] ECUB OS    EVENT_SET Task_LightCtl mask=0x1
[001540000] ECUB OS    TASK_START Task_BswMain prio=4
[001540000] ECUB OS    TASK_END Task_BswMain
[001540000] ECUB RTE   WRITE P_HeadlightCmd_HeadlightCmd=2
[001540000] ECUB RTE   TRIGGER DRE_Actuator_HeadlightCmd -> Task_LightAct
[001540000] ECUB OS    TASK_WAIT Task_LightCtl mask=0x7
[001540000] ECUB OS    TASK_START Task_LightAct prio=2
[001540000] ECUB RTE   CALL R_Odometer_GetDistance
[001540000] ECUB RTE   WRITE P_HeadlightStatus_HeadlightStatus=2
[001540000] ECUB RTE   WRITE P_OdometerDistance_Distance=33
[001540000] ECUB OS    TASK_END Task_LightAct
[001550000] ECUB OS    ALARM Alarm_BswMain
[001550000] ECUB OS    ISR_ENTER Isr_CanRx
[001550000] ECUB CAN   RX id=0x101 dlc=2 data=b9 05
[001550000] ECUB CANIF RX pdu=0
[001550000] ECUB PDUR  RX canif=0 com=0
[001550000] ECUB COM   RX ipdu=0 len=2
[001550000] ECUB OS    ISR_EXIT Isr_CanRx
[001550000] ECUB OS    TASK_START Task_BswMain prio=4
[001550000] ECUB COM   NOTIFY sig=0
[001550000] ECUB RTE   TRIGGER DRE_LightCtl_VehicleSpeed -> Task_LightCtl
[001550000] ECUB OS    EVENT_SET Task_LightCtl mask=0x2
[001550000] ECUB OS    TASK_END Task_BswMain
[001550000] ECUB RTE   CALL R_Odometer_UpdateSpeed
[001550000] ECUB OS    TASK_WAIT Task_LightCtl mask=0x7
[001560000] ECUB OS    ALARM Alarm_BswMain
[001560000] ECUB OS    ALARM Alarm_LightCtl20ms
[001560000] ECUB OS    EVENT_SET Task_LightCtl mask=0x1
[001560000] ECUB OS    TASK_START Task_BswMain prio=4
[001560000] ECUB OS    TASK_END Task_BswMain
[001560000] ECUB RTE   WRITE P_HeadlightCmd_HeadlightCmd=2
[001560000] ECUB RTE   TRIGGER DRE_Actuator_HeadlightCmd -> Task_LightAct
[001560000] ECUB OS    TASK_WAIT Task_LightCtl mask=0x7
[001560000] ECUB OS    TASK_START Task_LightAct prio=2
[001560000] ECUB RTE   CALL R_Odometer_GetDistance
[001560000] ECUB RTE   WRITE P_HeadlightStatus_HeadlightStatus=2
[001560000] ECUB RTE   WRITE P_OdometerDistance_Distance=34
[001560000] ECUB OS    TASK_END Task_LightAct
[001570000] ECUB OS    ALARM Alarm_BswMain
[001570000] ECUB OS    ISR_ENTER Isr_CanRx
[001570000] ECUB CAN   RX id=0x101 dlc=2 data=b9 05
[001570000] ECUB CANIF RX pdu=0
[001570000] ECUB PDUR  RX canif=0 com=0
[001570000] ECUB COM   RX ipdu=0 len=2
[001570000] ECUB OS    ISR_EXIT Isr_CanRx
[001570000] ECUB OS    TASK_START Task_BswMain prio=4
[001570000] ECUB COM   NOTIFY sig=0
[001570000] ECUB RTE   TRIGGER DRE_LightCtl_VehicleSpeed -> Task_LightCtl
[001570000] ECUB OS    EVENT_SET Task_LightCtl mask=0x2
[001570000] ECUB OS    TASK_END Task_BswMain
[001570000] ECUB RTE   CALL R_Odometer_UpdateSpeed
[001570000] ECUB OS    TASK_WAIT Task_LightCtl mask=0x7
[001580000] ECUB OS    ALARM Alarm_BswMain
[001580000] ECUB OS    ALARM Alarm_LightCtl20ms
[001580000] ECUB OS    EVENT_SET Task_LightCtl mask=0x1
[001580000] ECUB OS    TASK_START Task_BswMain prio=4
[001580000] ECUB OS    TASK_END Task_BswMain
[001580000] ECUB RTE   WRITE P_HeadlightCmd_HeadlightCmd=2
[001580000] ECUB RTE   TRIGGER DRE_Actuator_HeadlightCmd -> Task_LightAct
[001580000] ECUB OS    TASK_WAIT Task_LightCtl mask=0x7
[001580000] ECUB OS    TASK_START Task_LightAct prio=2
[001580000] ECUB RTE   CALL R_Odometer_GetDistance
[001580000] ECUB RTE   WRITE P_HeadlightStatus_HeadlightStatus=2
[001580000] ECUB RTE   WRITE P_OdometerDistance_Distance=35
[001580000] ECUB OS    TASK_END Task_LightAct
[001590000] ECUB OS    ALARM Alarm_BswMain
[001590000] ECUB OS    ISR_ENTER Isr_CanRx
[001590000] ECUB CAN   RX id=0x101 dlc=2 data=b9 05
[001590000] ECUB CANIF RX pdu=0
[001590000] ECUB PDUR  RX canif=0 com=0
[001590000] ECUB COM   RX ipdu=0 len=2
[001590000] ECUB OS    ISR_EXIT Isr_CanRx
[001590000] ECUB OS    TASK_START Task_BswMain prio=4
[001590000] ECUB COM   NOTIFY sig=0
[001590000] ECUB RTE   TRIGGER DRE_LightCtl_VehicleSpeed -> Task_LightCtl
[001590000] ECUB OS    EVENT_SET Task_LightCtl mask=0x2
[001590000] ECUB OS    TASK_END Task_BswMain
[001590000] ECUB RTE   CALL R_Odometer_UpdateSpeed
[001590000] ECUB OS    TASK_WAIT Task_LightCtl mask=0x7
[001600000] ECUB OS    ALARM Alarm_BswMain
[001600000] ECUB OS    ALARM Alarm_LightCtl20ms
[001600000] ECUB OS    EVENT_SET Task_LightCtl mask=0x1
[001600000] ECUB SIM   RESTBUS TX id=0x301 dlc=1 data=14
[001600000] ECUB OS    ISR_ENTER Isr_CanRx
[001600000] ECUB CAN   RX id=0x301 dlc=1 data=14
[001600000] ECUB CANIF RX pdu=1
[001600000] ECUB PDUR  RX canif=1 com=1
[001600000] ECUB COM   RX ipdu=1 len=1
[001600000] ECUB OS    ISR_EXIT Isr_CanRx
[001600000] ECUB OS    TASK_START Task_BswMain prio=4
[001600000] ECUB OS    TASK_END Task_BswMain
[001600000] ECUB RTE   WRITE P_HeadlightCmd_HeadlightCmd=2
[001600000] ECUB RTE   TRIGGER DRE_Actuator_HeadlightCmd -> Task_LightAct
[001600000] ECUB OS    TASK_WAIT Task_LightCtl mask=0x7
[001600000] ECUB OS    TASK_START Task_LightAct prio=2
[001600000] ECUB RTE   CALL R_Odometer_GetDistance
[001600000] ECUB RTE   WRITE P_HeadlightStatus_HeadlightStatus=2
[001600000] ECUB RTE   WRITE P_OdometerDistance_Distance=36
[001600000] ECUB OS    TASK_END Task_LightAct
[001603000] ECUB SIM   RESTBUS TX id=0x3f0 dlc=1 data=00
[001603000] ECUB OS    ISR_ENTER Isr_CanRx
[001603000] ECUB CAN   RX id=0x3f0 dlc=1 data=00
[001603000] ECUB CANIF RX pdu=2
[001603000] ECUB PDUR  RX canif=2 com=2
[001603000] ECUB COM   RX ipdu=2 len=1
[001603000] ECUB OS    ISR_EXIT Isr_CanRx
[001610000] ECUB OS    ALARM Alarm_BswMain
[001610000] ECUB OS    ISR_ENTER Isr_CanRx
[001610000] ECUB CAN   RX id=0x101 dlc=2 data=b9 05
[001610000] ECUB CANIF RX pdu=0
[001610000] ECUB PDUR  RX canif=0 com=0
[001610000] ECUB COM   RX ipdu=0 len=2
[001610000] ECUB OS    ISR_EXIT Isr_CanRx
[001610000] ECUB OS    TASK_START Task_BswMain prio=4
[001610000] ECUB COM   NOTIFY sig=0
[001610000] ECUB RTE   TRIGGER DRE_LightCtl_VehicleSpeed -> Task_LightCtl
[001610000] ECUB OS    EVENT_SET Task_LightCtl mask=0x2
[001610000] ECUB COM   TX ipdu=3 len=6
[001610000] ECUB PDUR  TX com=3 canif=0
[001610000] ECUB CAN   TX id=0x201 dlc=6 data=02 00 24 00 00 00
[001610000] ECUB CANIF TX pdu=0
[001610000] ECUB OS    TASK_END Task_BswMain
[001610000] ECUB RTE   CALL R_Odometer_UpdateSpeed
[001610000] ECUB OS    TASK_WAIT Task_LightCtl mask=0x7
[001620000] ECUB OS    ALARM Alarm_BswMain
[001620000] ECUB OS    ALARM Alarm_LightCtl20ms
[001620000] ECUB OS    EVENT_SET Task_LightCtl mask=0x1
[001620000] ECUB OS    TASK_START Task_BswMain prio=4
[001620000] ECUB OS    TASK_END Task_BswMain
[001620000] ECUB RTE   WRITE P_HeadlightCmd_HeadlightCmd=2
[001620000] ECUB RTE   TRIGGER DRE_Actuator_HeadlightCmd -> Task_LightAct
[001620000] ECUB OS    TASK_WAIT Task_LightCtl mask=0x7
[001620000] ECUB OS    TASK_START Task_LightAct prio=2
[001620000] ECUB RTE   CALL R_Odometer_GetDistance
[001620000] ECUB RTE   WRITE P_HeadlightStatus_HeadlightStatus=2
[001620000] ECUB RTE   WRITE P_OdometerDistance_Distance=36
[001620000] ECUB OS    TASK_END Task_LightAct
[001630000] ECUB OS    ALARM Alarm_BswMain
[001630000] ECUB OS    ISR_ENTER Isr_CanRx
[001630000] ECUB CAN   RX id=0x101 dlc=2 data=b9 05
[001630000] ECUB CANIF RX pdu=0
[001630000] ECUB PDUR  RX canif=0 com=0
[001630000] ECUB COM   RX ipdu=0 len=2
[001630000] ECUB OS    ISR_EXIT Isr_CanRx
[001630000] ECUB OS    TASK_START Task_BswMain prio=4
[001630000] ECUB COM   NOTIFY sig=0
[001630000] ECUB RTE   TRIGGER DRE_LightCtl_VehicleSpeed -> Task_LightCtl
[001630000] ECUB OS    EVENT_SET Task_LightCtl mask=0x2
[001630000] ECUB OS    TASK_END Task_BswMain
[001630000] ECUB RTE   CALL R_Odometer_UpdateSpeed
[001630000] ECUB OS    TASK_WAIT Task_LightCtl mask=0x7
[001640000] ECUB OS    ALARM Alarm_BswMain
[001640000] ECUB OS    ALARM Alarm_LightCtl20ms
[001640000] ECUB OS    EVENT_SET Task_LightCtl mask=0x1
[001640000] ECUB OS    TASK_START Task_BswMain prio=4
[001640000] ECUB OS    TASK_END Task_BswMain
[001640000] ECUB RTE   WRITE P_HeadlightCmd_HeadlightCmd=2
[001640000] ECUB RTE   TRIGGER DRE_Actuator_HeadlightCmd -> Task_LightAct
[001640000] ECUB OS    TASK_WAIT Task_LightCtl mask=0x7
[001640000] ECUB OS    TASK_START Task_LightAct prio=2
[001640000] ECUB RTE   CALL R_Odometer_GetDistance
[001640000] ECUB RTE   WRITE P_HeadlightStatus_HeadlightStatus=2
[001640000] ECUB RTE   WRITE P_OdometerDistance_Distance=37
[001640000] ECUB OS    TASK_END Task_LightAct
[001650000] ECUB OS    ALARM Alarm_BswMain
[001650000] ECUB OS    ISR_ENTER Isr_CanRx
[001650000] ECUB CAN   RX id=0x101 dlc=2 data=b9 05
[001650000] ECUB CANIF RX pdu=0
[001650000] ECUB PDUR  RX canif=0 com=0
[001650000] ECUB COM   RX ipdu=0 len=2
[001650000] ECUB OS    ISR_EXIT Isr_CanRx
[001650000] ECUB OS    TASK_START Task_BswMain prio=4
[001650000] ECUB COM   NOTIFY sig=0
[001650000] ECUB RTE   TRIGGER DRE_LightCtl_VehicleSpeed -> Task_LightCtl
[001650000] ECUB OS    EVENT_SET Task_LightCtl mask=0x2
[001650000] ECUB OS    TASK_END Task_BswMain
[001650000] ECUB RTE   CALL R_Odometer_UpdateSpeed
[001650000] ECUB OS    TASK_WAIT Task_LightCtl mask=0x7
[001660000] ECUB OS    ALARM Alarm_BswMain
[001660000] ECUB OS    ALARM Alarm_LightCtl20ms
[001660000] ECUB OS    EVENT_SET Task_LightCtl mask=0x1
[001660000] ECUB OS    TASK_START Task_BswMain prio=4
[001660000] ECUB OS    TASK_END Task_BswMain
[001660000] ECUB RTE   WRITE P_HeadlightCmd_HeadlightCmd=2
[001660000] ECUB RTE   TRIGGER DRE_Actuator_HeadlightCmd -> Task_LightAct
[001660000] ECUB OS    TASK_WAIT Task_LightCtl mask=0x7
[001660000] ECUB OS    TASK_START Task_LightAct prio=2
[001660000] ECUB RTE   CALL R_Odometer_GetDistance
[001660000] ECUB RTE   WRITE P_HeadlightStatus_HeadlightStatus=2
[001660000] ECUB RTE   WRITE P_OdometerDistance_Distance=38
[001660000] ECUB OS    TASK_END Task_LightAct
[001670000] ECUB OS    ALARM Alarm_BswMain
[001670000] ECUB OS    ISR_ENTER Isr_CanRx
[001670000] ECUB CAN   RX id=0x101 dlc=2 data=b9 05
[001670000] ECUB CANIF RX pdu=0
[001670000] ECUB PDUR  RX canif=0 com=0
[001670000] ECUB COM   RX ipdu=0 len=2
[001670000] ECUB OS    ISR_EXIT Isr_CanRx
[001670000] ECUB OS    TASK_START Task_BswMain prio=4
[001670000] ECUB COM   NOTIFY sig=0
[001670000] ECUB RTE   TRIGGER DRE_LightCtl_VehicleSpeed -> Task_LightCtl
[001670000] ECUB OS    EVENT_SET Task_LightCtl mask=0x2
[001670000] ECUB OS    TASK_END Task_BswMain
[001670000] ECUB RTE   CALL R_Odometer_UpdateSpeed
[001670000] ECUB OS    TASK_WAIT Task_LightCtl mask=0x7
[001680000] ECUB OS    ALARM Alarm_BswMain
[001680000] ECUB OS    ALARM Alarm_LightCtl20ms
[001680000] ECUB OS    EVENT_SET Task_LightCtl mask=0x1
[001680000] ECUB OS    TASK_START Task_BswMain prio=4
[001680000] ECUB OS    TASK_END Task_BswMain
[001680000] ECUB RTE   WRITE P_HeadlightCmd_HeadlightCmd=2
[001680000] ECUB RTE   TRIGGER DRE_Actuator_HeadlightCmd -> Task_LightAct
[001680000] ECUB OS    TASK_WAIT Task_LightCtl mask=0x7
[001680000] ECUB OS    TASK_START Task_LightAct prio=2
[001680000] ECUB RTE   CALL R_Odometer_GetDistance
[001680000] ECUB RTE   WRITE P_HeadlightStatus_HeadlightStatus=2
[001680000] ECUB RTE   WRITE P_OdometerDistance_Distance=39
[001680000] ECUB OS    TASK_END Task_LightAct
[001690000] ECUB OS    ALARM Alarm_BswMain
[001690000] ECUB OS    ISR_ENTER Isr_CanRx
[001690000] ECUB CAN   RX id=0x101 dlc=2 data=b9 05
[001690000] ECUB CANIF RX pdu=0
[001690000] ECUB PDUR  RX canif=0 com=0
[001690000] ECUB COM   RX ipdu=0 len=2
[001690000] ECUB OS    ISR_EXIT Isr_CanRx
[001690000] ECUB OS    TASK_START Task_BswMain prio=4
[001690000] ECUB COM   NOTIFY sig=0
[001690000] ECUB RTE   TRIGGER DRE_LightCtl_VehicleSpeed -> Task_LightCtl
[001690000] ECUB OS    EVENT_SET Task_LightCtl mask=0x2
[001690000] ECUB OS    TASK_END Task_BswMain
[001690000] ECUB RTE   CALL R_Odometer_UpdateSpeed
[001690000] ECUB OS    TASK_WAIT Task_LightCtl mask=0x7
[001700000] ECUB OS    ALARM Alarm_BswMain
[001700000] ECUB OS    ALARM Alarm_LightCtl20ms
[001700000] ECUB OS    EVENT_SET Task_LightCtl mask=0x1
[001700000] ECUB SIM   RESTBUS TX id=0x301 dlc=1 data=14
[001700000] ECUB OS    ISR_ENTER Isr_CanRx
[001700000] ECUB CAN   RX id=0x301 dlc=1 data=14
[001700000] ECUB CANIF RX pdu=1
[001700000] ECUB PDUR  RX canif=1 com=1
[001700000] ECUB COM   RX ipdu=1 len=1
[001700000] ECUB OS    ISR_EXIT Isr_CanRx
[001700000] ECUB OS    TASK_START Task_BswMain prio=4
[001700000] ECUB OS    TASK_END Task_BswMain
[001700000] ECUB RTE   WRITE P_HeadlightCmd_HeadlightCmd=2
[001700000] ECUB RTE   TRIGGER DRE_Actuator_HeadlightCmd -> Task_LightAct
[001700000] ECUB OS    TASK_WAIT Task_LightCtl mask=0x7
[001700000] ECUB OS    TASK_START Task_LightAct prio=2
[001700000] ECUB RTE   CALL R_Odometer_GetDistance
[001700000] ECUB RTE   WRITE P_HeadlightStatus_HeadlightStatus=2
[001700000] ECUB RTE   WRITE P_OdometerDistance_Distance=40
[001700000] ECUB OS    TASK_END Task_LightAct
[001703000] ECUB SIM   RESTBUS TX id=0x3f0 dlc=1 data=00
[001703000] ECUB OS    ISR_ENTER Isr_CanRx
[001703000] ECUB CAN   RX id=0x3f0 dlc=1 data=00
[001703000] ECUB CANIF RX pdu=2
[001703000] ECUB PDUR  RX canif=2 com=2
[001703000] ECUB COM   RX ipdu=2 len=1
[001703000] ECUB OS    ISR_EXIT Isr_CanRx
[001710000] ECUB OS    ALARM Alarm_BswMain
[001710000] ECUB OS    ISR_ENTER Isr_CanRx
[001710000] ECUB CAN   RX id=0x101 dlc=2 data=b9 05
[001710000] ECUB CANIF RX pdu=0
[001710000] ECUB PDUR  RX canif=0 com=0
[001710000] ECUB COM   RX ipdu=0 len=2
[001710000] ECUB OS    ISR_EXIT Isr_CanRx
[001710000] ECUB OS    TASK_START Task_BswMain prio=4
[001710000] ECUB COM   NOTIFY sig=0
[001710000] ECUB RTE   TRIGGER DRE_LightCtl_VehicleSpeed -> Task_LightCtl
[001710000] ECUB OS    EVENT_SET Task_LightCtl mask=0x2
[001710000] ECUB COM   TX ipdu=3 len=6
[001710000] ECUB PDUR  TX com=3 canif=0
[001710000] ECUB CAN   TX id=0x201 dlc=6 data=02 00 28 00 00 00
[001710000] ECUB CANIF TX pdu=0
[001710000] ECUB OS    TASK_END Task_BswMain
[001710000] ECUB RTE   CALL R_Odometer_UpdateSpeed
[001710000] ECUB OS    TASK_WAIT Task_LightCtl mask=0x7
[001720000] ECUB OS    ALARM Alarm_BswMain
[001720000] ECUB OS    ALARM Alarm_LightCtl20ms
[001720000] ECUB OS    EVENT_SET Task_LightCtl mask=0x1
[001720000] ECUB OS    TASK_START Task_BswMain prio=4
[001720000] ECUB OS    TASK_END Task_BswMain
[001720000] ECUB RTE   WRITE P_HeadlightCmd_HeadlightCmd=2
[001720000] ECUB RTE   TRIGGER DRE_Actuator_HeadlightCmd -> Task_LightAct
[001720000] ECUB OS    TASK_WAIT Task_LightCtl mask=0x7
[001720000] ECUB OS    TASK_START Task_LightAct prio=2
[001720000] ECUB RTE   CALL R_Odometer_GetDistance
[001720000] ECUB RTE   WRITE P_HeadlightStatus_HeadlightStatus=2
[001720000] ECUB RTE   WRITE P_OdometerDistance_Distance=41
[001720000] ECUB OS    TASK_END Task_LightAct
[001730000] ECUB OS    ALARM Alarm_BswMain
[001730000] ECUB OS    ISR_ENTER Isr_CanRx
[001730000] ECUB CAN   RX id=0x101 dlc=2 data=b9 05
[001730000] ECUB CANIF RX pdu=0
[001730000] ECUB PDUR  RX canif=0 com=0
[001730000] ECUB COM   RX ipdu=0 len=2
[001730000] ECUB OS    ISR_EXIT Isr_CanRx
[001730000] ECUB OS    TASK_START Task_BswMain prio=4
[001730000] ECUB COM   NOTIFY sig=0
[001730000] ECUB RTE   TRIGGER DRE_LightCtl_VehicleSpeed -> Task_LightCtl
[001730000] ECUB OS    EVENT_SET Task_LightCtl mask=0x2
[001730000] ECUB OS    TASK_END Task_BswMain
[001730000] ECUB RTE   CALL R_Odometer_UpdateSpeed
[001730000] ECUB OS    TASK_WAIT Task_LightCtl mask=0x7
[001740000] ECUB OS    ALARM Alarm_BswMain
[001740000] ECUB OS    ALARM Alarm_LightCtl20ms
[001740000] ECUB OS    EVENT_SET Task_LightCtl mask=0x1
[001740000] ECUB OS    TASK_START Task_BswMain prio=4
[001740000] ECUB OS    TASK_END Task_BswMain
[001740000] ECUB RTE   WRITE P_HeadlightCmd_HeadlightCmd=2
[001740000] ECUB RTE   TRIGGER DRE_Actuator_HeadlightCmd -> Task_LightAct
[001740000] ECUB OS    TASK_WAIT Task_LightCtl mask=0x7
[001740000] ECUB OS    TASK_START Task_LightAct prio=2
[001740000] ECUB RTE   CALL R_Odometer_GetDistance
[001740000] ECUB RTE   WRITE P_HeadlightStatus_HeadlightStatus=2
[001740000] ECUB RTE   WRITE P_OdometerDistance_Distance=41
[001740000] ECUB OS    TASK_END Task_LightAct
[001750000] ECUB OS    ALARM Alarm_BswMain
[001750000] ECUB OS    ISR_ENTER Isr_CanRx
[001750000] ECUB CAN   RX id=0x101 dlc=2 data=b9 05
[001750000] ECUB CANIF RX pdu=0
[001750000] ECUB PDUR  RX canif=0 com=0
[001750000] ECUB COM   RX ipdu=0 len=2
[001750000] ECUB OS    ISR_EXIT Isr_CanRx
[001750000] ECUB OS    TASK_START Task_BswMain prio=4
[001750000] ECUB COM   NOTIFY sig=0
[001750000] ECUB RTE   TRIGGER DRE_LightCtl_VehicleSpeed -> Task_LightCtl
[001750000] ECUB OS    EVENT_SET Task_LightCtl mask=0x2
[001750000] ECUB OS    TASK_END Task_BswMain
[001750000] ECUB RTE   CALL R_Odometer_UpdateSpeed
[001750000] ECUB OS    TASK_WAIT Task_LightCtl mask=0x7
[001760000] ECUB OS    ALARM Alarm_BswMain
[001760000] ECUB OS    ALARM Alarm_LightCtl20ms
[001760000] ECUB OS    EVENT_SET Task_LightCtl mask=0x1
[001760000] ECUB OS    TASK_START Task_BswMain prio=4
[001760000] ECUB OS    TASK_END Task_BswMain
[001760000] ECUB RTE   WRITE P_HeadlightCmd_HeadlightCmd=2
[001760000] ECUB RTE   TRIGGER DRE_Actuator_HeadlightCmd -> Task_LightAct
[001760000] ECUB OS    TASK_WAIT Task_LightCtl mask=0x7
[001760000] ECUB OS    TASK_START Task_LightAct prio=2
[001760000] ECUB RTE   CALL R_Odometer_GetDistance
[001760000] ECUB RTE   WRITE P_HeadlightStatus_HeadlightStatus=2
[001760000] ECUB RTE   WRITE P_OdometerDistance_Distance=42
[001760000] ECUB OS    TASK_END Task_LightAct
[001770000] ECUB OS    ALARM Alarm_BswMain
[001770000] ECUB OS    ISR_ENTER Isr_CanRx
[001770000] ECUB CAN   RX id=0x101 dlc=2 data=b9 05
[001770000] ECUB CANIF RX pdu=0
[001770000] ECUB PDUR  RX canif=0 com=0
[001770000] ECUB COM   RX ipdu=0 len=2
[001770000] ECUB OS    ISR_EXIT Isr_CanRx
[001770000] ECUB OS    TASK_START Task_BswMain prio=4
[001770000] ECUB COM   NOTIFY sig=0
[001770000] ECUB RTE   TRIGGER DRE_LightCtl_VehicleSpeed -> Task_LightCtl
[001770000] ECUB OS    EVENT_SET Task_LightCtl mask=0x2
[001770000] ECUB OS    TASK_END Task_BswMain
[001770000] ECUB RTE   CALL R_Odometer_UpdateSpeed
[001770000] ECUB OS    TASK_WAIT Task_LightCtl mask=0x7
[001780000] ECUB OS    ALARM Alarm_BswMain
[001780000] ECUB OS    ALARM Alarm_LightCtl20ms
[001780000] ECUB OS    EVENT_SET Task_LightCtl mask=0x1
[001780000] ECUB OS    TASK_START Task_BswMain prio=4
[001780000] ECUB OS    TASK_END Task_BswMain
[001780000] ECUB RTE   WRITE P_HeadlightCmd_HeadlightCmd=2
[001780000] ECUB RTE   TRIGGER DRE_Actuator_HeadlightCmd -> Task_LightAct
[001780000] ECUB OS    TASK_WAIT Task_LightCtl mask=0x7
[001780000] ECUB OS    TASK_START Task_LightAct prio=2
[001780000] ECUB RTE   CALL R_Odometer_GetDistance
[001780000] ECUB RTE   WRITE P_HeadlightStatus_HeadlightStatus=2
[001780000] ECUB RTE   WRITE P_OdometerDistance_Distance=43
[001780000] ECUB OS    TASK_END Task_LightAct
[001790000] ECUB OS    ALARM Alarm_BswMain
[001790000] ECUB OS    ISR_ENTER Isr_CanRx
[001790000] ECUB CAN   RX id=0x101 dlc=2 data=b9 05
[001790000] ECUB CANIF RX pdu=0
[001790000] ECUB PDUR  RX canif=0 com=0
[001790000] ECUB COM   RX ipdu=0 len=2
[001790000] ECUB OS    ISR_EXIT Isr_CanRx
[001790000] ECUB OS    TASK_START Task_BswMain prio=4
[001790000] ECUB COM   NOTIFY sig=0
[001790000] ECUB RTE   TRIGGER DRE_LightCtl_VehicleSpeed -> Task_LightCtl
[001790000] ECUB OS    EVENT_SET Task_LightCtl mask=0x2
[001790000] ECUB OS    TASK_END Task_BswMain
[001790000] ECUB RTE   CALL R_Odometer_UpdateSpeed
[001790000] ECUB OS    TASK_WAIT Task_LightCtl mask=0x7
[001800000] ECUB OS    ALARM Alarm_BswMain
[001800000] ECUB OS    ALARM Alarm_LightCtl20ms
[001800000] ECUB OS    EVENT_SET Task_LightCtl mask=0x1
[001800000] ECUB SIM   RESTBUS TX id=0x301 dlc=1 data=14
[001800000] ECUB OS    ISR_ENTER Isr_CanRx
[001800000] ECUB CAN   RX id=0x301 dlc=1 data=14
[001800000] ECUB CANIF RX pdu=1
[001800000] ECUB PDUR  RX canif=1 com=1
[001800000] ECUB COM   RX ipdu=1 len=1
[001800000] ECUB OS    ISR_EXIT Isr_CanRx
[001800000] ECUB OS    TASK_START Task_BswMain prio=4
[001800000] ECUB OS    TASK_END Task_BswMain
[001800000] ECUB RTE   WRITE P_HeadlightCmd_HeadlightCmd=2
[001800000] ECUB RTE   TRIGGER DRE_Actuator_HeadlightCmd -> Task_LightAct
[001800000] ECUB OS    TASK_WAIT Task_LightCtl mask=0x7
[001800000] ECUB OS    TASK_START Task_LightAct prio=2
[001800000] ECUB RTE   CALL R_Odometer_GetDistance
[001800000] ECUB RTE   WRITE P_HeadlightStatus_HeadlightStatus=2
[001800000] ECUB RTE   WRITE P_OdometerDistance_Distance=44
[001800000] ECUB OS    TASK_END Task_LightAct
[001803000] ECUB SIM   RESTBUS TX id=0x3f0 dlc=1 data=00
[001803000] ECUB OS    ISR_ENTER Isr_CanRx
[001803000] ECUB CAN   RX id=0x3f0 dlc=1 data=00
[001803000] ECUB CANIF RX pdu=2
[001803000] ECUB PDUR  RX canif=2 com=2
[001803000] ECUB COM   RX ipdu=2 len=1
[001803000] ECUB OS    ISR_EXIT Isr_CanRx
[001810000] ECUB OS    ALARM Alarm_BswMain
[001810000] ECUB OS    ISR_ENTER Isr_CanRx
[001810000] ECUB CAN   RX id=0x101 dlc=2 data=b9 05
[001810000] ECUB CANIF RX pdu=0
[001810000] ECUB PDUR  RX canif=0 com=0
[001810000] ECUB COM   RX ipdu=0 len=2
[001810000] ECUB OS    ISR_EXIT Isr_CanRx
[001810000] ECUB OS    TASK_START Task_BswMain prio=4
[001810000] ECUB COM   NOTIFY sig=0
[001810000] ECUB RTE   TRIGGER DRE_LightCtl_VehicleSpeed -> Task_LightCtl
[001810000] ECUB OS    EVENT_SET Task_LightCtl mask=0x2
[001810000] ECUB COM   TX ipdu=3 len=6
[001810000] ECUB PDUR  TX com=3 canif=0
[001810000] ECUB CAN   TX id=0x201 dlc=6 data=02 00 2c 00 00 00
[001810000] ECUB CANIF TX pdu=0
[001810000] ECUB OS    TASK_END Task_BswMain
[001810000] ECUB RTE   CALL R_Odometer_UpdateSpeed
[001810000] ECUB OS    TASK_WAIT Task_LightCtl mask=0x7
[001820000] ECUB OS    ALARM Alarm_BswMain
[001820000] ECUB OS    ALARM Alarm_LightCtl20ms
[001820000] ECUB OS    EVENT_SET Task_LightCtl mask=0x1
[001820000] ECUB OS    TASK_START Task_BswMain prio=4
[001820000] ECUB OS    TASK_END Task_BswMain
[001820000] ECUB RTE   WRITE P_HeadlightCmd_HeadlightCmd=2
[001820000] ECUB RTE   TRIGGER DRE_Actuator_HeadlightCmd -> Task_LightAct
[001820000] ECUB OS    TASK_WAIT Task_LightCtl mask=0x7
[001820000] ECUB OS    TASK_START Task_LightAct prio=2
[001820000] ECUB RTE   CALL R_Odometer_GetDistance
[001820000] ECUB RTE   WRITE P_HeadlightStatus_HeadlightStatus=2
[001820000] ECUB RTE   WRITE P_OdometerDistance_Distance=45
[001820000] ECUB OS    TASK_END Task_LightAct
[001830000] ECUB OS    ALARM Alarm_BswMain
[001830000] ECUB OS    ISR_ENTER Isr_CanRx
[001830000] ECUB CAN   RX id=0x101 dlc=2 data=b9 05
[001830000] ECUB CANIF RX pdu=0
[001830000] ECUB PDUR  RX canif=0 com=0
[001830000] ECUB COM   RX ipdu=0 len=2
[001830000] ECUB OS    ISR_EXIT Isr_CanRx
[001830000] ECUB OS    TASK_START Task_BswMain prio=4
[001830000] ECUB COM   NOTIFY sig=0
[001830000] ECUB RTE   TRIGGER DRE_LightCtl_VehicleSpeed -> Task_LightCtl
[001830000] ECUB OS    EVENT_SET Task_LightCtl mask=0x2
[001830000] ECUB OS    TASK_END Task_BswMain
[001830000] ECUB RTE   CALL R_Odometer_UpdateSpeed
[001830000] ECUB OS    TASK_WAIT Task_LightCtl mask=0x7
[001840000] ECUB OS    ALARM Alarm_BswMain
[001840000] ECUB OS    ALARM Alarm_LightCtl20ms
[001840000] ECUB OS    EVENT_SET Task_LightCtl mask=0x1
[001840000] ECUB OS    TASK_START Task_BswMain prio=4
[001840000] ECUB OS    TASK_END Task_BswMain
[001840000] ECUB RTE   WRITE P_HeadlightCmd_HeadlightCmd=2
[001840000] ECUB RTE   TRIGGER DRE_Actuator_HeadlightCmd -> Task_LightAct
[001840000] ECUB OS    TASK_WAIT Task_LightCtl mask=0x7
[001840000] ECUB OS    TASK_START Task_LightAct prio=2
[001840000] ECUB RTE   CALL R_Odometer_GetDistance
[001840000] ECUB RTE   WRITE P_HeadlightStatus_HeadlightStatus=2
[001840000] ECUB RTE   WRITE P_OdometerDistance_Distance=45
[001840000] ECUB OS    TASK_END Task_LightAct
[001850000] ECUB OS    ALARM Alarm_BswMain
[001850000] ECUB OS    ISR_ENTER Isr_CanRx
[001850000] ECUB CAN   RX id=0x101 dlc=2 data=b9 05
[001850000] ECUB CANIF RX pdu=0
[001850000] ECUB PDUR  RX canif=0 com=0
[001850000] ECUB COM   RX ipdu=0 len=2
[001850000] ECUB OS    ISR_EXIT Isr_CanRx
[001850000] ECUB OS    TASK_START Task_BswMain prio=4
[001850000] ECUB COM   NOTIFY sig=0
[001850000] ECUB RTE   TRIGGER DRE_LightCtl_VehicleSpeed -> Task_LightCtl
[001850000] ECUB OS    EVENT_SET Task_LightCtl mask=0x2
[001850000] ECUB OS    TASK_END Task_BswMain
[001850000] ECUB RTE   CALL R_Odometer_UpdateSpeed
[001850000] ECUB OS    TASK_WAIT Task_LightCtl mask=0x7
[001860000] ECUB OS    ALARM Alarm_BswMain
[001860000] ECUB OS    ALARM Alarm_LightCtl20ms
[001860000] ECUB OS    EVENT_SET Task_LightCtl mask=0x1
[001860000] ECUB OS    TASK_START Task_BswMain prio=4
[001860000] ECUB OS    TASK_END Task_BswMain
[001860000] ECUB RTE   WRITE P_HeadlightCmd_HeadlightCmd=2
[001860000] ECUB RTE   TRIGGER DRE_Actuator_HeadlightCmd -> Task_LightAct
[001860000] ECUB OS    TASK_WAIT Task_LightCtl mask=0x7
[001860000] ECUB OS    TASK_START Task_LightAct prio=2
[001860000] ECUB RTE   CALL R_Odometer_GetDistance
[001860000] ECUB RTE   WRITE P_HeadlightStatus_HeadlightStatus=2
[001860000] ECUB RTE   WRITE P_OdometerDistance_Distance=46
[001860000] ECUB OS    TASK_END Task_LightAct
[001870000] ECUB OS    ALARM Alarm_BswMain
[001870000] ECUB OS    ISR_ENTER Isr_CanRx
[001870000] ECUB CAN   RX id=0x101 dlc=2 data=b9 05
[001870000] ECUB CANIF RX pdu=0
[001870000] ECUB PDUR  RX canif=0 com=0
[001870000] ECUB COM   RX ipdu=0 len=2
[001870000] ECUB OS    ISR_EXIT Isr_CanRx
[001870000] ECUB OS    TASK_START Task_BswMain prio=4
[001870000] ECUB COM   NOTIFY sig=0
[001870000] ECUB RTE   TRIGGER DRE_LightCtl_VehicleSpeed -> Task_LightCtl
[001870000] ECUB OS    EVENT_SET Task_LightCtl mask=0x2
[001870000] ECUB OS    TASK_END Task_BswMain
[001870000] ECUB RTE   CALL R_Odometer_UpdateSpeed
[001870000] ECUB OS    TASK_WAIT Task_LightCtl mask=0x7
[001880000] ECUB OS    ALARM Alarm_BswMain
[001880000] ECUB OS    ALARM Alarm_LightCtl20ms
[001880000] ECUB OS    EVENT_SET Task_LightCtl mask=0x1
[001880000] ECUB OS    TASK_START Task_BswMain prio=4
[001880000] ECUB OS    TASK_END Task_BswMain
[001880000] ECUB RTE   WRITE P_HeadlightCmd_HeadlightCmd=2
[001880000] ECUB RTE   TRIGGER DRE_Actuator_HeadlightCmd -> Task_LightAct
[001880000] ECUB OS    TASK_WAIT Task_LightCtl mask=0x7
[001880000] ECUB OS    TASK_START Task_LightAct prio=2
[001880000] ECUB RTE   CALL R_Odometer_GetDistance
[001880000] ECUB RTE   WRITE P_HeadlightStatus_HeadlightStatus=2
[001880000] ECUB RTE   WRITE P_OdometerDistance_Distance=47
[001880000] ECUB OS    TASK_END Task_LightAct
[001890000] ECUB OS    ALARM Alarm_BswMain
[001890000] ECUB OS    ISR_ENTER Isr_CanRx
[001890000] ECUB CAN   RX id=0x101 dlc=2 data=b9 05
[001890000] ECUB CANIF RX pdu=0
[001890000] ECUB PDUR  RX canif=0 com=0
[001890000] ECUB COM   RX ipdu=0 len=2
[001890000] ECUB OS    ISR_EXIT Isr_CanRx
[001890000] ECUB OS    TASK_START Task_BswMain prio=4
[001890000] ECUB COM   NOTIFY sig=0
[001890000] ECUB RTE   TRIGGER DRE_LightCtl_VehicleSpeed -> Task_LightCtl
[001890000] ECUB OS    EVENT_SET Task_LightCtl mask=0x2
[001890000] ECUB OS    TASK_END Task_BswMain
[001890000] ECUB RTE   CALL R_Odometer_UpdateSpeed
[001890000] ECUB OS    TASK_WAIT Task_LightCtl mask=0x7
[001900000] ECUB OS    ALARM Alarm_BswMain
[001900000] ECUB OS    ALARM Alarm_LightCtl20ms
[001900000] ECUB OS    EVENT_SET Task_LightCtl mask=0x1
[001900000] ECUB SIM   RESTBUS TX id=0x301 dlc=1 data=14
[001900000] ECUB OS    ISR_ENTER Isr_CanRx
[001900000] ECUB CAN   RX id=0x301 dlc=1 data=14
[001900000] ECUB CANIF RX pdu=1
[001900000] ECUB PDUR  RX canif=1 com=1
[001900000] ECUB COM   RX ipdu=1 len=1
[001900000] ECUB OS    ISR_EXIT Isr_CanRx
[001900000] ECUB OS    TASK_START Task_BswMain prio=4
[001900000] ECUB OS    TASK_END Task_BswMain
[001900000] ECUB RTE   WRITE P_HeadlightCmd_HeadlightCmd=2
[001900000] ECUB RTE   TRIGGER DRE_Actuator_HeadlightCmd -> Task_LightAct
[001900000] ECUB OS    TASK_WAIT Task_LightCtl mask=0x7
[001900000] ECUB OS    TASK_START Task_LightAct prio=2
[001900000] ECUB RTE   CALL R_Odometer_GetDistance
[001900000] ECUB RTE   WRITE P_HeadlightStatus_HeadlightStatus=2
[001900000] ECUB RTE   WRITE P_OdometerDistance_Distance=48
[001900000] ECUB OS    TASK_END Task_LightAct
[001903000] ECUB SIM   RESTBUS TX id=0x3f0 dlc=1 data=00
[001903000] ECUB OS    ISR_ENTER Isr_CanRx
[001903000] ECUB CAN   RX id=0x3f0 dlc=1 data=00
[001903000] ECUB CANIF RX pdu=2
[001903000] ECUB PDUR  RX canif=2 com=2
[001903000] ECUB COM   RX ipdu=2 len=1
[001903000] ECUB OS    ISR_EXIT Isr_CanRx
[001910000] ECUB OS    ALARM Alarm_BswMain
[001910000] ECUB OS    ISR_ENTER Isr_CanRx
[001910000] ECUB CAN   RX id=0x101 dlc=2 data=b9 05
[001910000] ECUB CANIF RX pdu=0
[001910000] ECUB PDUR  RX canif=0 com=0
[001910000] ECUB COM   RX ipdu=0 len=2
[001910000] ECUB OS    ISR_EXIT Isr_CanRx
[001910000] ECUB OS    TASK_START Task_BswMain prio=4
[001910000] ECUB COM   NOTIFY sig=0
[001910000] ECUB RTE   TRIGGER DRE_LightCtl_VehicleSpeed -> Task_LightCtl
[001910000] ECUB OS    EVENT_SET Task_LightCtl mask=0x2
[001910000] ECUB COM   TX ipdu=3 len=6
[001910000] ECUB PDUR  TX com=3 canif=0
[001910000] ECUB CAN   TX id=0x201 dlc=6 data=02 00 30 00 00 00
[001910000] ECUB CANIF TX pdu=0
[001910000] ECUB OS    TASK_END Task_BswMain
[001910000] ECUB RTE   CALL R_Odometer_UpdateSpeed
[001910000] ECUB OS    TASK_WAIT Task_LightCtl mask=0x7
[001920000] ECUB OS    ALARM Alarm_BswMain
[001920000] ECUB OS    ALARM Alarm_LightCtl20ms
[001920000] ECUB OS    EVENT_SET Task_LightCtl mask=0x1
[001920000] ECUB OS    TASK_START Task_BswMain prio=4
[001920000] ECUB OS    TASK_END Task_BswMain
[001920000] ECUB RTE   WRITE P_HeadlightCmd_HeadlightCmd=2
[001920000] ECUB RTE   TRIGGER DRE_Actuator_HeadlightCmd -> Task_LightAct
[001920000] ECUB OS    TASK_WAIT Task_LightCtl mask=0x7
[001920000] ECUB OS    TASK_START Task_LightAct prio=2
[001920000] ECUB RTE   CALL R_Odometer_GetDistance
[001920000] ECUB RTE   WRITE P_HeadlightStatus_HeadlightStatus=2
[001920000] ECUB RTE   WRITE P_OdometerDistance_Distance=49
[001920000] ECUB OS    TASK_END Task_LightAct
[001930000] ECUB OS    ALARM Alarm_BswMain
[001930000] ECUB OS    ISR_ENTER Isr_CanRx
[001930000] ECUB CAN   RX id=0x101 dlc=2 data=b9 05
[001930000] ECUB CANIF RX pdu=0
[001930000] ECUB PDUR  RX canif=0 com=0
[001930000] ECUB COM   RX ipdu=0 len=2
[001930000] ECUB OS    ISR_EXIT Isr_CanRx
[001930000] ECUB OS    TASK_START Task_BswMain prio=4
[001930000] ECUB COM   NOTIFY sig=0
[001930000] ECUB RTE   TRIGGER DRE_LightCtl_VehicleSpeed -> Task_LightCtl
[001930000] ECUB OS    EVENT_SET Task_LightCtl mask=0x2
[001930000] ECUB OS    TASK_END Task_BswMain
[001930000] ECUB RTE   CALL R_Odometer_UpdateSpeed
[001930000] ECUB OS    TASK_WAIT Task_LightCtl mask=0x7
[001940000] ECUB OS    ALARM Alarm_BswMain
[001940000] ECUB OS    ALARM Alarm_LightCtl20ms
[001940000] ECUB OS    EVENT_SET Task_LightCtl mask=0x1
[001940000] ECUB OS    TASK_START Task_BswMain prio=4
[001940000] ECUB OS    TASK_END Task_BswMain
[001940000] ECUB RTE   WRITE P_HeadlightCmd_HeadlightCmd=2
[001940000] ECUB RTE   TRIGGER DRE_Actuator_HeadlightCmd -> Task_LightAct
[001940000] ECUB OS    TASK_WAIT Task_LightCtl mask=0x7
[001940000] ECUB OS    TASK_START Task_LightAct prio=2
[001940000] ECUB RTE   CALL R_Odometer_GetDistance
[001940000] ECUB RTE   WRITE P_HeadlightStatus_HeadlightStatus=2
[001940000] ECUB RTE   WRITE P_OdometerDistance_Distance=49
[001940000] ECUB OS    TASK_END Task_LightAct
[001950000] ECUB OS    ALARM Alarm_BswMain
[001950000] ECUB OS    ISR_ENTER Isr_CanRx
[001950000] ECUB CAN   RX id=0x101 dlc=2 data=b9 05
[001950000] ECUB CANIF RX pdu=0
[001950000] ECUB PDUR  RX canif=0 com=0
[001950000] ECUB COM   RX ipdu=0 len=2
[001950000] ECUB OS    ISR_EXIT Isr_CanRx
[001950000] ECUB OS    TASK_START Task_BswMain prio=4
[001950000] ECUB COM   NOTIFY sig=0
[001950000] ECUB RTE   TRIGGER DRE_LightCtl_VehicleSpeed -> Task_LightCtl
[001950000] ECUB OS    EVENT_SET Task_LightCtl mask=0x2
[001950000] ECUB OS    TASK_END Task_BswMain
[001950000] ECUB RTE   CALL R_Odometer_UpdateSpeed
[001950000] ECUB OS    TASK_WAIT Task_LightCtl mask=0x7
[001960000] ECUB OS    ALARM Alarm_BswMain
[001960000] ECUB OS    ALARM Alarm_LightCtl20ms
[001960000] ECUB OS    EVENT_SET Task_LightCtl mask=0x1
[001960000] ECUB OS    TASK_START Task_BswMain prio=4
[001960000] ECUB OS    TASK_END Task_BswMain
[001960000] ECUB RTE   WRITE P_HeadlightCmd_HeadlightCmd=2
[001960000] ECUB RTE   TRIGGER DRE_Actuator_HeadlightCmd -> Task_LightAct
[001960000] ECUB OS    TASK_WAIT Task_LightCtl mask=0x7
[001960000] ECUB OS    TASK_START Task_LightAct prio=2
[001960000] ECUB RTE   CALL R_Odometer_GetDistance
[001960000] ECUB RTE   WRITE P_HeadlightStatus_HeadlightStatus=2
[001960000] ECUB RTE   WRITE P_OdometerDistance_Distance=50
[001960000] ECUB OS    TASK_END Task_LightAct
[001970000] ECUB OS    ALARM Alarm_BswMain
[001970000] ECUB OS    ISR_ENTER Isr_CanRx
[001970000] ECUB CAN   RX id=0x101 dlc=2 data=b9 05
[001970000] ECUB CANIF RX pdu=0
[001970000] ECUB PDUR  RX canif=0 com=0
[001970000] ECUB COM   RX ipdu=0 len=2
[001970000] ECUB OS    ISR_EXIT Isr_CanRx
[001970000] ECUB OS    TASK_START Task_BswMain prio=4
[001970000] ECUB COM   NOTIFY sig=0
[001970000] ECUB RTE   TRIGGER DRE_LightCtl_VehicleSpeed -> Task_LightCtl
[001970000] ECUB OS    EVENT_SET Task_LightCtl mask=0x2
[001970000] ECUB OS    TASK_END Task_BswMain
[001970000] ECUB RTE   CALL R_Odometer_UpdateSpeed
[001970000] ECUB OS    TASK_WAIT Task_LightCtl mask=0x7
[001980000] ECUB OS    ALARM Alarm_BswMain
[001980000] ECUB OS    ALARM Alarm_LightCtl20ms
[001980000] ECUB OS    EVENT_SET Task_LightCtl mask=0x1
[001980000] ECUB OS    TASK_START Task_BswMain prio=4
[001980000] ECUB OS    TASK_END Task_BswMain
[001980000] ECUB RTE   WRITE P_HeadlightCmd_HeadlightCmd=2
[001980000] ECUB RTE   TRIGGER DRE_Actuator_HeadlightCmd -> Task_LightAct
[001980000] ECUB OS    TASK_WAIT Task_LightCtl mask=0x7
[001980000] ECUB OS    TASK_START Task_LightAct prio=2
[001980000] ECUB RTE   CALL R_Odometer_GetDistance
[001980000] ECUB RTE   WRITE P_HeadlightStatus_HeadlightStatus=2
[001980000] ECUB RTE   WRITE P_OdometerDistance_Distance=51
[001980000] ECUB OS    TASK_END Task_LightAct
[001990000] ECUB OS    ALARM Alarm_BswMain
[001990000] ECUB OS    ISR_ENTER Isr_CanRx
[001990000] ECUB CAN   RX id=0x101 dlc=2 data=b9 05
[001990000] ECUB CANIF RX pdu=0
[001990000] ECUB PDUR  RX canif=0 com=0
[001990000] ECUB COM   RX ipdu=0 len=2
[001990000] ECUB OS    ISR_EXIT Isr_CanRx
[001990000] ECUB OS    TASK_START Task_BswMain prio=4
[001990000] ECUB COM   NOTIFY sig=0
[001990000] ECUB RTE   TRIGGER DRE_LightCtl_VehicleSpeed -> Task_LightCtl
[001990000] ECUB OS    EVENT_SET Task_LightCtl mask=0x2
[001990000] ECUB OS    TASK_END Task_BswMain
[001990000] ECUB RTE   CALL R_Odometer_UpdateSpeed
[001990000] ECUB SWC   Odometer dist_m=52
[001990000] ECUB OS    TASK_WAIT Task_LightCtl mask=0x7
[002000000] ECUB OS    ALARM Alarm_BswMain
[002000000] ECUB OS    ALARM Alarm_LightCtl20ms
[002000000] ECUB OS    EVENT_SET Task_LightCtl mask=0x1
[002000000] ECUB SIM   RESTBUS TX id=0x301 dlc=1 data=14
[002000000] ECUB OS    ISR_ENTER Isr_CanRx
[002000000] ECUB CAN   RX id=0x301 dlc=1 data=14
[002000000] ECUB CANIF RX pdu=1
[002000000] ECUB PDUR  RX canif=1 com=1
[002000000] ECUB COM   RX ipdu=1 len=1
[002000000] ECUB OS    ISR_EXIT Isr_CanRx
[002000000] ECUB OS    TASK_START Task_BswMain prio=4
[002000000] ECUB OS    TASK_END Task_BswMain
[002000000] ECUB RTE   WRITE P_HeadlightCmd_HeadlightCmd=2
[002000000] ECUB RTE   TRIGGER DRE_Actuator_HeadlightCmd -> Task_LightAct
[002000000] ECUB OS    TASK_WAIT Task_LightCtl mask=0x7
[002000000] ECUB OS    TASK_START Task_LightAct prio=2
[002000000] ECUB RTE   CALL R_Odometer_GetDistance
[002000000] ECUB RTE   WRITE P_HeadlightStatus_HeadlightStatus=2
[002000000] ECUB RTE   WRITE P_OdometerDistance_Distance=52
[002000000] ECUB OS    TASK_END Task_LightAct
[002003000] ECUB SIM   RESTBUS TX id=0x3f0 dlc=1 data=00
[002003000] ECUB OS    ISR_ENTER Isr_CanRx
[002003000] ECUB CAN   RX id=0x3f0 dlc=1 data=00
[002003000] ECUB CANIF RX pdu=2
[002003000] ECUB PDUR  RX canif=2 com=2
[002003000] ECUB COM   RX ipdu=2 len=1
[002003000] ECUB OS    ISR_EXIT Isr_CanRx
[002010000] ECUB OS    ALARM Alarm_BswMain
[002010000] ECUB OS    ISR_ENTER Isr_CanRx
[002010000] ECUB CAN   RX id=0x101 dlc=2 data=b9 05
[002010000] ECUB CANIF RX pdu=0
[002010000] ECUB PDUR  RX canif=0 com=0
[002010000] ECUB COM   RX ipdu=0 len=2
[002010000] ECUB OS    ISR_EXIT Isr_CanRx
[002010000] ECUB OS    TASK_START Task_BswMain prio=4
[002010000] ECUB COM   NOTIFY sig=0
[002010000] ECUB RTE   TRIGGER DRE_LightCtl_VehicleSpeed -> Task_LightCtl
[002010000] ECUB OS    EVENT_SET Task_LightCtl mask=0x2
[002010000] ECUB COM   TX ipdu=3 len=6
[002010000] ECUB PDUR  TX com=3 canif=0
[002010000] ECUB CAN   TX id=0x201 dlc=6 data=02 00 34 00 00 00
[002010000] ECUB CANIF TX pdu=0
[002010000] ECUB OS    TASK_END Task_BswMain
[002010000] ECUB RTE   CALL R_Odometer_UpdateSpeed
[002010000] ECUB OS    TASK_WAIT Task_LightCtl mask=0x7
[002020000] ECUB OS    ALARM Alarm_BswMain
[002020000] ECUB OS    ALARM Alarm_LightCtl20ms
[002020000] ECUB OS    EVENT_SET Task_LightCtl mask=0x1
[002020000] ECUB OS    TASK_START Task_BswMain prio=4
[002020000] ECUB OS    TASK_END Task_BswMain
[002020000] ECUB RTE   WRITE P_HeadlightCmd_HeadlightCmd=2
[002020000] ECUB RTE   TRIGGER DRE_Actuator_HeadlightCmd -> Task_LightAct
[002020000] ECUB OS    TASK_WAIT Task_LightCtl mask=0x7
[002020000] ECUB OS    TASK_START Task_LightAct prio=2
[002020000] ECUB RTE   CALL R_Odometer_GetDistance
[002020000] ECUB RTE   WRITE P_HeadlightStatus_HeadlightStatus=2
[002020000] ECUB RTE   WRITE P_OdometerDistance_Distance=53
[002020000] ECUB OS    TASK_END Task_LightAct
[002030000] ECUB OS    ALARM Alarm_BswMain
[002030000] ECUB OS    ISR_ENTER Isr_CanRx
[002030000] ECUB CAN   RX id=0x101 dlc=2 data=b9 05
[002030000] ECUB CANIF RX pdu=0
[002030000] ECUB PDUR  RX canif=0 com=0
[002030000] ECUB COM   RX ipdu=0 len=2
[002030000] ECUB OS    ISR_EXIT Isr_CanRx
[002030000] ECUB OS    TASK_START Task_BswMain prio=4
[002030000] ECUB COM   NOTIFY sig=0
[002030000] ECUB RTE   TRIGGER DRE_LightCtl_VehicleSpeed -> Task_LightCtl
[002030000] ECUB OS    EVENT_SET Task_LightCtl mask=0x2
[002030000] ECUB OS    TASK_END Task_BswMain
[002030000] ECUB RTE   CALL R_Odometer_UpdateSpeed
[002030000] ECUB OS    TASK_WAIT Task_LightCtl mask=0x7
[002040000] ECUB OS    ALARM Alarm_BswMain
[002040000] ECUB OS    ALARM Alarm_LightCtl20ms
[002040000] ECUB OS    EVENT_SET Task_LightCtl mask=0x1
[002040000] ECUB OS    TASK_START Task_BswMain prio=4
[002040000] ECUB OS    TASK_END Task_BswMain
[002040000] ECUB RTE   WRITE P_HeadlightCmd_HeadlightCmd=2
[002040000] ECUB RTE   TRIGGER DRE_Actuator_HeadlightCmd -> Task_LightAct
[002040000] ECUB OS    TASK_WAIT Task_LightCtl mask=0x7
[002040000] ECUB OS    TASK_START Task_LightAct prio=2
[002040000] ECUB RTE   CALL R_Odometer_GetDistance
[002040000] ECUB RTE   WRITE P_HeadlightStatus_HeadlightStatus=2
[002040000] ECUB RTE   WRITE P_OdometerDistance_Distance=54
[002040000] ECUB OS    TASK_END Task_LightAct
[002050000] ECUB OS    ALARM Alarm_BswMain
[002050000] ECUB OS    ISR_ENTER Isr_CanRx
[002050000] ECUB CAN   RX id=0x101 dlc=2 data=b9 05
[002050000] ECUB CANIF RX pdu=0
[002050000] ECUB PDUR  RX canif=0 com=0
[002050000] ECUB COM   RX ipdu=0 len=2
[002050000] ECUB OS    ISR_EXIT Isr_CanRx
[002050000] ECUB OS    TASK_START Task_BswMain prio=4
[002050000] ECUB COM   NOTIFY sig=0
[002050000] ECUB RTE   TRIGGER DRE_LightCtl_VehicleSpeed -> Task_LightCtl
[002050000] ECUB OS    EVENT_SET Task_LightCtl mask=0x2
[002050000] ECUB OS    TASK_END Task_BswMain
[002050000] ECUB RTE   CALL R_Odometer_UpdateSpeed
[002050000] ECUB OS    TASK_WAIT Task_LightCtl mask=0x7
[002060000] ECUB OS    ALARM Alarm_BswMain
[002060000] ECUB OS    ALARM Alarm_LightCtl20ms
[002060000] ECUB OS    EVENT_SET Task_LightCtl mask=0x1
[002060000] ECUB OS    TASK_START Task_BswMain prio=4
[002060000] ECUB OS    TASK_END Task_BswMain
[002060000] ECUB RTE   WRITE P_HeadlightCmd_HeadlightCmd=2
[002060000] ECUB RTE   TRIGGER DRE_Actuator_HeadlightCmd -> Task_LightAct
[002060000] ECUB OS    TASK_WAIT Task_LightCtl mask=0x7
[002060000] ECUB OS    TASK_START Task_LightAct prio=2
[002060000] ECUB RTE   CALL R_Odometer_GetDistance
[002060000] ECUB RTE   WRITE P_HeadlightStatus_HeadlightStatus=2
[002060000] ECUB RTE   WRITE P_OdometerDistance_Distance=54
[002060000] ECUB OS    TASK_END Task_LightAct
[002070000] ECUB OS    ALARM Alarm_BswMain
[002070000] ECUB OS    ISR_ENTER Isr_CanRx
[002070000] ECUB CAN   RX id=0x101 dlc=2 data=b9 05
[002070000] ECUB CANIF RX pdu=0
[002070000] ECUB PDUR  RX canif=0 com=0
[002070000] ECUB COM   RX ipdu=0 len=2
[002070000] ECUB OS    ISR_EXIT Isr_CanRx
[002070000] ECUB OS    TASK_START Task_BswMain prio=4
[002070000] ECUB COM   NOTIFY sig=0
[002070000] ECUB RTE   TRIGGER DRE_LightCtl_VehicleSpeed -> Task_LightCtl
[002070000] ECUB OS    EVENT_SET Task_LightCtl mask=0x2
[002070000] ECUB OS    TASK_END Task_BswMain
[002070000] ECUB RTE   CALL R_Odometer_UpdateSpeed
[002070000] ECUB OS    TASK_WAIT Task_LightCtl mask=0x7
[002080000] ECUB OS    ALARM Alarm_BswMain
[002080000] ECUB OS    ALARM Alarm_LightCtl20ms
[002080000] ECUB OS    EVENT_SET Task_LightCtl mask=0x1
[002080000] ECUB OS    TASK_START Task_BswMain prio=4
[002080000] ECUB OS    TASK_END Task_BswMain
[002080000] ECUB RTE   WRITE P_HeadlightCmd_HeadlightCmd=2
[002080000] ECUB RTE   TRIGGER DRE_Actuator_HeadlightCmd -> Task_LightAct
[002080000] ECUB OS    TASK_WAIT Task_LightCtl mask=0x7
[002080000] ECUB OS    TASK_START Task_LightAct prio=2
[002080000] ECUB RTE   CALL R_Odometer_GetDistance
[002080000] ECUB RTE   WRITE P_HeadlightStatus_HeadlightStatus=2
[002080000] ECUB RTE   WRITE P_OdometerDistance_Distance=55
[002080000] ECUB OS    TASK_END Task_LightAct
[002090000] ECUB OS    ALARM Alarm_BswMain
[002090000] ECUB OS    ISR_ENTER Isr_CanRx
[002090000] ECUB CAN   RX id=0x101 dlc=2 data=b9 05
[002090000] ECUB CANIF RX pdu=0
[002090000] ECUB PDUR  RX canif=0 com=0
[002090000] ECUB COM   RX ipdu=0 len=2
[002090000] ECUB OS    ISR_EXIT Isr_CanRx
[002090000] ECUB OS    TASK_START Task_BswMain prio=4
[002090000] ECUB COM   NOTIFY sig=0
[002090000] ECUB RTE   TRIGGER DRE_LightCtl_VehicleSpeed -> Task_LightCtl
[002090000] ECUB OS    EVENT_SET Task_LightCtl mask=0x2
[002090000] ECUB OS    TASK_END Task_BswMain
[002090000] ECUB RTE   CALL R_Odometer_UpdateSpeed
[002090000] ECUB OS    TASK_WAIT Task_LightCtl mask=0x7
[002100000] ECUB OS    ALARM Alarm_BswMain
[002100000] ECUB OS    ALARM Alarm_LightCtl20ms
[002100000] ECUB OS    EVENT_SET Task_LightCtl mask=0x1
[002100000] ECUB SIM   RESTBUS TX id=0x301 dlc=1 data=14
[002100000] ECUB OS    ISR_ENTER Isr_CanRx
[002100000] ECUB CAN   RX id=0x301 dlc=1 data=14
[002100000] ECUB CANIF RX pdu=1
[002100000] ECUB PDUR  RX canif=1 com=1
[002100000] ECUB COM   RX ipdu=1 len=1
[002100000] ECUB OS    ISR_EXIT Isr_CanRx
[002100000] ECUB OS    TASK_START Task_BswMain prio=4
[002100000] ECUB OS    TASK_END Task_BswMain
[002100000] ECUB RTE   WRITE P_HeadlightCmd_HeadlightCmd=2
[002100000] ECUB RTE   TRIGGER DRE_Actuator_HeadlightCmd -> Task_LightAct
[002100000] ECUB OS    TASK_WAIT Task_LightCtl mask=0x7
[002100000] ECUB OS    TASK_START Task_LightAct prio=2
[002100000] ECUB RTE   CALL R_Odometer_GetDistance
[002100000] ECUB RTE   WRITE P_HeadlightStatus_HeadlightStatus=2
[002100000] ECUB RTE   WRITE P_OdometerDistance_Distance=56
[002100000] ECUB OS    TASK_END Task_LightAct
[002103000] ECUB SIM   RESTBUS TX id=0x3f0 dlc=1 data=00
[002103000] ECUB OS    ISR_ENTER Isr_CanRx
[002103000] ECUB CAN   RX id=0x3f0 dlc=1 data=00
[002103000] ECUB CANIF RX pdu=2
[002103000] ECUB PDUR  RX canif=2 com=2
[002103000] ECUB COM   RX ipdu=2 len=1
[002103000] ECUB OS    ISR_EXIT Isr_CanRx
[002110000] ECUB OS    ALARM Alarm_BswMain
[002110000] ECUB OS    ISR_ENTER Isr_CanRx
[002110000] ECUB CAN   RX id=0x101 dlc=2 data=b9 05
[002110000] ECUB CANIF RX pdu=0
[002110000] ECUB PDUR  RX canif=0 com=0
[002110000] ECUB COM   RX ipdu=0 len=2
[002110000] ECUB OS    ISR_EXIT Isr_CanRx
[002110000] ECUB OS    TASK_START Task_BswMain prio=4
[002110000] ECUB COM   NOTIFY sig=0
[002110000] ECUB RTE   TRIGGER DRE_LightCtl_VehicleSpeed -> Task_LightCtl
[002110000] ECUB OS    EVENT_SET Task_LightCtl mask=0x2
[002110000] ECUB COM   TX ipdu=3 len=6
[002110000] ECUB PDUR  TX com=3 canif=0
[002110000] ECUB CAN   TX id=0x201 dlc=6 data=02 00 38 00 00 00
[002110000] ECUB CANIF TX pdu=0
[002110000] ECUB OS    TASK_END Task_BswMain
[002110000] ECUB RTE   CALL R_Odometer_UpdateSpeed
[002110000] ECUB OS    TASK_WAIT Task_LightCtl mask=0x7
[002120000] ECUB OS    ALARM Alarm_BswMain
[002120000] ECUB OS    ALARM Alarm_LightCtl20ms
[002120000] ECUB OS    EVENT_SET Task_LightCtl mask=0x1
[002120000] ECUB OS    TASK_START Task_BswMain prio=4
[002120000] ECUB OS    TASK_END Task_BswMain
[002120000] ECUB RTE   WRITE P_HeadlightCmd_HeadlightCmd=2
[002120000] ECUB RTE   TRIGGER DRE_Actuator_HeadlightCmd -> Task_LightAct
[002120000] ECUB OS    TASK_WAIT Task_LightCtl mask=0x7
[002120000] ECUB OS    TASK_START Task_LightAct prio=2
[002120000] ECUB RTE   CALL R_Odometer_GetDistance
[002120000] ECUB RTE   WRITE P_HeadlightStatus_HeadlightStatus=2
[002120000] ECUB RTE   WRITE P_OdometerDistance_Distance=57
[002120000] ECUB OS    TASK_END Task_LightAct
[002130000] ECUB OS    ALARM Alarm_BswMain
[002130000] ECUB OS    ISR_ENTER Isr_CanRx
[002130000] ECUB CAN   RX id=0x101 dlc=2 data=b9 05
[002130000] ECUB CANIF RX pdu=0
[002130000] ECUB PDUR  RX canif=0 com=0
[002130000] ECUB COM   RX ipdu=0 len=2
[002130000] ECUB OS    ISR_EXIT Isr_CanRx
[002130000] ECUB OS    TASK_START Task_BswMain prio=4
[002130000] ECUB COM   NOTIFY sig=0
[002130000] ECUB RTE   TRIGGER DRE_LightCtl_VehicleSpeed -> Task_LightCtl
[002130000] ECUB OS    EVENT_SET Task_LightCtl mask=0x2
[002130000] ECUB OS    TASK_END Task_BswMain
[002130000] ECUB RTE   CALL R_Odometer_UpdateSpeed
[002130000] ECUB OS    TASK_WAIT Task_LightCtl mask=0x7
[002140000] ECUB OS    ALARM Alarm_BswMain
[002140000] ECUB OS    ALARM Alarm_LightCtl20ms
[002140000] ECUB OS    EVENT_SET Task_LightCtl mask=0x1
[002140000] ECUB OS    TASK_START Task_BswMain prio=4
[002140000] ECUB OS    TASK_END Task_BswMain
[002140000] ECUB RTE   WRITE P_HeadlightCmd_HeadlightCmd=2
[002140000] ECUB RTE   TRIGGER DRE_Actuator_HeadlightCmd -> Task_LightAct
[002140000] ECUB OS    TASK_WAIT Task_LightCtl mask=0x7
[002140000] ECUB OS    TASK_START Task_LightAct prio=2
[002140000] ECUB RTE   CALL R_Odometer_GetDistance
[002140000] ECUB RTE   WRITE P_HeadlightStatus_HeadlightStatus=2
[002140000] ECUB RTE   WRITE P_OdometerDistance_Distance=58
[002140000] ECUB OS    TASK_END Task_LightAct
[002150000] ECUB OS    ALARM Alarm_BswMain
[002150000] ECUB OS    ISR_ENTER Isr_CanRx
[002150000] ECUB CAN   RX id=0x101 dlc=2 data=b9 05
[002150000] ECUB CANIF RX pdu=0
[002150000] ECUB PDUR  RX canif=0 com=0
[002150000] ECUB COM   RX ipdu=0 len=2
[002150000] ECUB OS    ISR_EXIT Isr_CanRx
[002150000] ECUB OS    TASK_START Task_BswMain prio=4
[002150000] ECUB COM   NOTIFY sig=0
[002150000] ECUB RTE   TRIGGER DRE_LightCtl_VehicleSpeed -> Task_LightCtl
[002150000] ECUB OS    EVENT_SET Task_LightCtl mask=0x2
[002150000] ECUB OS    TASK_END Task_BswMain
[002150000] ECUB RTE   CALL R_Odometer_UpdateSpeed
[002150000] ECUB OS    TASK_WAIT Task_LightCtl mask=0x7
[002160000] ECUB OS    ALARM Alarm_BswMain
[002160000] ECUB OS    ALARM Alarm_LightCtl20ms
[002160000] ECUB OS    EVENT_SET Task_LightCtl mask=0x1
[002160000] ECUB OS    TASK_START Task_BswMain prio=4
[002160000] ECUB OS    TASK_END Task_BswMain
[002160000] ECUB RTE   WRITE P_HeadlightCmd_HeadlightCmd=2
[002160000] ECUB RTE   TRIGGER DRE_Actuator_HeadlightCmd -> Task_LightAct
[002160000] ECUB OS    TASK_WAIT Task_LightCtl mask=0x7
[002160000] ECUB OS    TASK_START Task_LightAct prio=2
[002160000] ECUB RTE   CALL R_Odometer_GetDistance
[002160000] ECUB RTE   WRITE P_HeadlightStatus_HeadlightStatus=2
[002160000] ECUB RTE   WRITE P_OdometerDistance_Distance=58
[002160000] ECUB OS    TASK_END Task_LightAct
[002170000] ECUB OS    ALARM Alarm_BswMain
[002170000] ECUB OS    ISR_ENTER Isr_CanRx
[002170000] ECUB CAN   RX id=0x101 dlc=2 data=b9 05
[002170000] ECUB CANIF RX pdu=0
[002170000] ECUB PDUR  RX canif=0 com=0
[002170000] ECUB COM   RX ipdu=0 len=2
[002170000] ECUB OS    ISR_EXIT Isr_CanRx
[002170000] ECUB OS    TASK_START Task_BswMain prio=4
[002170000] ECUB COM   NOTIFY sig=0
[002170000] ECUB RTE   TRIGGER DRE_LightCtl_VehicleSpeed -> Task_LightCtl
[002170000] ECUB OS    EVENT_SET Task_LightCtl mask=0x2
[002170000] ECUB OS    TASK_END Task_BswMain
[002170000] ECUB RTE   CALL R_Odometer_UpdateSpeed
[002170000] ECUB OS    TASK_WAIT Task_LightCtl mask=0x7
[002180000] ECUB OS    ALARM Alarm_BswMain
[002180000] ECUB OS    ALARM Alarm_LightCtl20ms
[002180000] ECUB OS    EVENT_SET Task_LightCtl mask=0x1
[002180000] ECUB OS    TASK_START Task_BswMain prio=4
[002180000] ECUB OS    TASK_END Task_BswMain
[002180000] ECUB RTE   WRITE P_HeadlightCmd_HeadlightCmd=2
[002180000] ECUB RTE   TRIGGER DRE_Actuator_HeadlightCmd -> Task_LightAct
[002180000] ECUB OS    TASK_WAIT Task_LightCtl mask=0x7
[002180000] ECUB OS    TASK_START Task_LightAct prio=2
[002180000] ECUB RTE   CALL R_Odometer_GetDistance
[002180000] ECUB RTE   WRITE P_HeadlightStatus_HeadlightStatus=2
[002180000] ECUB RTE   WRITE P_OdometerDistance_Distance=59
[002180000] ECUB OS    TASK_END Task_LightAct
[002190000] ECUB OS    ALARM Alarm_BswMain
[002190000] ECUB OS    ISR_ENTER Isr_CanRx
[002190000] ECUB CAN   RX id=0x101 dlc=2 data=b9 05
[002190000] ECUB CANIF RX pdu=0
[002190000] ECUB PDUR  RX canif=0 com=0
[002190000] ECUB COM   RX ipdu=0 len=2
[002190000] ECUB OS    ISR_EXIT Isr_CanRx
[002190000] ECUB OS    TASK_START Task_BswMain prio=4
[002190000] ECUB COM   NOTIFY sig=0
[002190000] ECUB RTE   TRIGGER DRE_LightCtl_VehicleSpeed -> Task_LightCtl
[002190000] ECUB OS    EVENT_SET Task_LightCtl mask=0x2
[002190000] ECUB OS    TASK_END Task_BswMain
[002190000] ECUB RTE   CALL R_Odometer_UpdateSpeed
[002190000] ECUB OS    TASK_WAIT Task_LightCtl mask=0x7
[002200000] ECUB OS    ALARM Alarm_BswMain
[002200000] ECUB OS    ALARM Alarm_LightCtl20ms
[002200000] ECUB OS    EVENT_SET Task_LightCtl mask=0x1
[002200000] ECUB SIM   RESTBUS TX id=0x301 dlc=1 data=14
[002200000] ECUB OS    ISR_ENTER Isr_CanRx
[002200000] ECUB CAN   RX id=0x301 dlc=1 data=14
[002200000] ECUB CANIF RX pdu=1
[002200000] ECUB PDUR  RX canif=1 com=1
[002200000] ECUB COM   RX ipdu=1 len=1
[002200000] ECUB OS    ISR_EXIT Isr_CanRx
[002200000] ECUB OS    TASK_START Task_BswMain prio=4
[002200000] ECUB OS    TASK_END Task_BswMain
[002200000] ECUB RTE   WRITE P_HeadlightCmd_HeadlightCmd=2
[002200000] ECUB RTE   TRIGGER DRE_Actuator_HeadlightCmd -> Task_LightAct
[002200000] ECUB OS    TASK_WAIT Task_LightCtl mask=0x7
[002200000] ECUB OS    TASK_START Task_LightAct prio=2
[002200000] ECUB RTE   CALL R_Odometer_GetDistance
[002200000] ECUB RTE   WRITE P_HeadlightStatus_HeadlightStatus=2
[002200000] ECUB RTE   WRITE P_OdometerDistance_Distance=60
[002200000] ECUB OS    TASK_END Task_LightAct
[002203000] ECUB SIM   RESTBUS TX id=0x3f0 dlc=1 data=00
[002203000] ECUB OS    ISR_ENTER Isr_CanRx
[002203000] ECUB CAN   RX id=0x3f0 dlc=1 data=00
[002203000] ECUB CANIF RX pdu=2
[002203000] ECUB PDUR  RX canif=2 com=2
[002203000] ECUB COM   RX ipdu=2 len=1
[002203000] ECUB OS    ISR_EXIT Isr_CanRx
[002210000] ECUB OS    ALARM Alarm_BswMain
[002210000] ECUB OS    ISR_ENTER Isr_CanRx
[002210000] ECUB CAN   RX id=0x101 dlc=2 data=b9 05
[002210000] ECUB CANIF RX pdu=0
[002210000] ECUB PDUR  RX canif=0 com=0
[002210000] ECUB COM   RX ipdu=0 len=2
[002210000] ECUB OS    ISR_EXIT Isr_CanRx
[002210000] ECUB OS    TASK_START Task_BswMain prio=4
[002210000] ECUB COM   NOTIFY sig=0
[002210000] ECUB RTE   TRIGGER DRE_LightCtl_VehicleSpeed -> Task_LightCtl
[002210000] ECUB OS    EVENT_SET Task_LightCtl mask=0x2
[002210000] ECUB COM   TX ipdu=3 len=6
[002210000] ECUB PDUR  TX com=3 canif=0
[002210000] ECUB CAN   TX id=0x201 dlc=6 data=02 00 3c 00 00 00
[002210000] ECUB CANIF TX pdu=0
[002210000] ECUB OS    TASK_END Task_BswMain
[002210000] ECUB RTE   CALL R_Odometer_UpdateSpeed
[002210000] ECUB OS    TASK_WAIT Task_LightCtl mask=0x7
[002220000] ECUB OS    ALARM Alarm_BswMain
[002220000] ECUB OS    ALARM Alarm_LightCtl20ms
[002220000] ECUB OS    EVENT_SET Task_LightCtl mask=0x1
[002220000] ECUB OS    TASK_START Task_BswMain prio=4
[002220000] ECUB OS    TASK_END Task_BswMain
[002220000] ECUB RTE   WRITE P_HeadlightCmd_HeadlightCmd=2
[002220000] ECUB RTE   TRIGGER DRE_Actuator_HeadlightCmd -> Task_LightAct
[002220000] ECUB OS    TASK_WAIT Task_LightCtl mask=0x7
[002220000] ECUB OS    TASK_START Task_LightAct prio=2
[002220000] ECUB RTE   CALL R_Odometer_GetDistance
[002220000] ECUB RTE   WRITE P_HeadlightStatus_HeadlightStatus=2
[002220000] ECUB RTE   WRITE P_OdometerDistance_Distance=61
[002220000] ECUB OS    TASK_END Task_LightAct
[002230000] ECUB OS    ALARM Alarm_BswMain
[002230000] ECUB OS    ISR_ENTER Isr_CanRx
[002230000] ECUB CAN   RX id=0x101 dlc=2 data=b9 05
[002230000] ECUB CANIF RX pdu=0
[002230000] ECUB PDUR  RX canif=0 com=0
[002230000] ECUB COM   RX ipdu=0 len=2
[002230000] ECUB OS    ISR_EXIT Isr_CanRx
[002230000] ECUB OS    TASK_START Task_BswMain prio=4
[002230000] ECUB COM   NOTIFY sig=0
[002230000] ECUB RTE   TRIGGER DRE_LightCtl_VehicleSpeed -> Task_LightCtl
[002230000] ECUB OS    EVENT_SET Task_LightCtl mask=0x2
[002230000] ECUB OS    TASK_END Task_BswMain
[002230000] ECUB RTE   CALL R_Odometer_UpdateSpeed
[002230000] ECUB OS    TASK_WAIT Task_LightCtl mask=0x7
[002240000] ECUB OS    ALARM Alarm_BswMain
[002240000] ECUB OS    ALARM Alarm_LightCtl20ms
[002240000] ECUB OS    EVENT_SET Task_LightCtl mask=0x1
[002240000] ECUB OS    TASK_START Task_BswMain prio=4
[002240000] ECUB OS    TASK_END Task_BswMain
[002240000] ECUB RTE   WRITE P_HeadlightCmd_HeadlightCmd=2
[002240000] ECUB RTE   TRIGGER DRE_Actuator_HeadlightCmd -> Task_LightAct
[002240000] ECUB OS    TASK_WAIT Task_LightCtl mask=0x7
[002240000] ECUB OS    TASK_START Task_LightAct prio=2
[002240000] ECUB RTE   CALL R_Odometer_GetDistance
[002240000] ECUB RTE   WRITE P_HeadlightStatus_HeadlightStatus=2
[002240000] ECUB RTE   WRITE P_OdometerDistance_Distance=62
[002240000] ECUB OS    TASK_END Task_LightAct
[002250000] ECUB OS    ALARM Alarm_BswMain
[002250000] ECUB OS    ISR_ENTER Isr_CanRx
[002250000] ECUB CAN   RX id=0x101 dlc=2 data=b9 05
[002250000] ECUB CANIF RX pdu=0
[002250000] ECUB PDUR  RX canif=0 com=0
[002250000] ECUB COM   RX ipdu=0 len=2
[002250000] ECUB OS    ISR_EXIT Isr_CanRx
[002250000] ECUB OS    TASK_START Task_BswMain prio=4
[002250000] ECUB COM   NOTIFY sig=0
[002250000] ECUB RTE   TRIGGER DRE_LightCtl_VehicleSpeed -> Task_LightCtl
[002250000] ECUB OS    EVENT_SET Task_LightCtl mask=0x2
[002250000] ECUB OS    TASK_END Task_BswMain
[002250000] ECUB RTE   CALL R_Odometer_UpdateSpeed
[002250000] ECUB OS    TASK_WAIT Task_LightCtl mask=0x7
[002260000] ECUB OS    ALARM Alarm_BswMain
[002260000] ECUB OS    ALARM Alarm_LightCtl20ms
[002260000] ECUB OS    EVENT_SET Task_LightCtl mask=0x1
[002260000] ECUB OS    TASK_START Task_BswMain prio=4
[002260000] ECUB OS    TASK_END Task_BswMain
[002260000] ECUB RTE   WRITE P_HeadlightCmd_HeadlightCmd=2
[002260000] ECUB RTE   TRIGGER DRE_Actuator_HeadlightCmd -> Task_LightAct
[002260000] ECUB OS    TASK_WAIT Task_LightCtl mask=0x7
[002260000] ECUB OS    TASK_START Task_LightAct prio=2
[002260000] ECUB RTE   CALL R_Odometer_GetDistance
[002260000] ECUB RTE   WRITE P_HeadlightStatus_HeadlightStatus=2
[002260000] ECUB RTE   WRITE P_OdometerDistance_Distance=62
[002260000] ECUB OS    TASK_END Task_LightAct
[002270000] ECUB OS    ALARM Alarm_BswMain
[002270000] ECUB OS    ISR_ENTER Isr_CanRx
[002270000] ECUB CAN   RX id=0x101 dlc=2 data=b9 05
[002270000] ECUB CANIF RX pdu=0
[002270000] ECUB PDUR  RX canif=0 com=0
[002270000] ECUB COM   RX ipdu=0 len=2
[002270000] ECUB OS    ISR_EXIT Isr_CanRx
[002270000] ECUB OS    TASK_START Task_BswMain prio=4
[002270000] ECUB COM   NOTIFY sig=0
[002270000] ECUB RTE   TRIGGER DRE_LightCtl_VehicleSpeed -> Task_LightCtl
[002270000] ECUB OS    EVENT_SET Task_LightCtl mask=0x2
[002270000] ECUB OS    TASK_END Task_BswMain
[002270000] ECUB RTE   CALL R_Odometer_UpdateSpeed
[002270000] ECUB OS    TASK_WAIT Task_LightCtl mask=0x7
[002280000] ECUB OS    ALARM Alarm_BswMain
[002280000] ECUB OS    ALARM Alarm_LightCtl20ms
[002280000] ECUB OS    EVENT_SET Task_LightCtl mask=0x1
[002280000] ECUB OS    TASK_START Task_BswMain prio=4
[002280000] ECUB OS    TASK_END Task_BswMain
[002280000] ECUB RTE   WRITE P_HeadlightCmd_HeadlightCmd=2
[002280000] ECUB RTE   TRIGGER DRE_Actuator_HeadlightCmd -> Task_LightAct
[002280000] ECUB OS    TASK_WAIT Task_LightCtl mask=0x7
[002280000] ECUB OS    TASK_START Task_LightAct prio=2
[002280000] ECUB RTE   CALL R_Odometer_GetDistance
[002280000] ECUB RTE   WRITE P_HeadlightStatus_HeadlightStatus=2
[002280000] ECUB RTE   WRITE P_OdometerDistance_Distance=63
[002280000] ECUB OS    TASK_END Task_LightAct
[002290000] ECUB OS    ALARM Alarm_BswMain
[002290000] ECUB OS    ISR_ENTER Isr_CanRx
[002290000] ECUB CAN   RX id=0x101 dlc=2 data=b9 05
[002290000] ECUB CANIF RX pdu=0
[002290000] ECUB PDUR  RX canif=0 com=0
[002290000] ECUB COM   RX ipdu=0 len=2
[002290000] ECUB OS    ISR_EXIT Isr_CanRx
[002290000] ECUB OS    TASK_START Task_BswMain prio=4
[002290000] ECUB COM   NOTIFY sig=0
[002290000] ECUB RTE   TRIGGER DRE_LightCtl_VehicleSpeed -> Task_LightCtl
[002290000] ECUB OS    EVENT_SET Task_LightCtl mask=0x2
[002290000] ECUB OS    TASK_END Task_BswMain
[002290000] ECUB RTE   CALL R_Odometer_UpdateSpeed
[002290000] ECUB OS    TASK_WAIT Task_LightCtl mask=0x7
[002300000] ECUB OS    ALARM Alarm_BswMain
[002300000] ECUB OS    ALARM Alarm_LightCtl20ms
[002300000] ECUB OS    EVENT_SET Task_LightCtl mask=0x1
[002300000] ECUB SIM   RESTBUS TX id=0x301 dlc=1 data=14
[002300000] ECUB OS    ISR_ENTER Isr_CanRx
[002300000] ECUB CAN   RX id=0x301 dlc=1 data=14
[002300000] ECUB CANIF RX pdu=1
[002300000] ECUB PDUR  RX canif=1 com=1
[002300000] ECUB COM   RX ipdu=1 len=1
[002300000] ECUB OS    ISR_EXIT Isr_CanRx
[002300000] ECUB OS    TASK_START Task_BswMain prio=4
[002300000] ECUB OS    TASK_END Task_BswMain
[002300000] ECUB RTE   WRITE P_HeadlightCmd_HeadlightCmd=2
[002300000] ECUB RTE   TRIGGER DRE_Actuator_HeadlightCmd -> Task_LightAct
[002300000] ECUB OS    TASK_WAIT Task_LightCtl mask=0x7
[002300000] ECUB OS    TASK_START Task_LightAct prio=2
[002300000] ECUB RTE   CALL R_Odometer_GetDistance
[002300000] ECUB RTE   WRITE P_HeadlightStatus_HeadlightStatus=2
[002300000] ECUB RTE   WRITE P_OdometerDistance_Distance=64
[002300000] ECUB OS    TASK_END Task_LightAct
[002303000] ECUB SIM   RESTBUS TX id=0x3f0 dlc=1 data=00
[002303000] ECUB OS    ISR_ENTER Isr_CanRx
[002303000] ECUB CAN   RX id=0x3f0 dlc=1 data=00
[002303000] ECUB CANIF RX pdu=2
[002303000] ECUB PDUR  RX canif=2 com=2
[002303000] ECUB COM   RX ipdu=2 len=1
[002303000] ECUB OS    ISR_EXIT Isr_CanRx
[002310000] ECUB OS    ALARM Alarm_BswMain
[002310000] ECUB OS    ISR_ENTER Isr_CanRx
[002310000] ECUB CAN   RX id=0x101 dlc=2 data=b9 05
[002310000] ECUB CANIF RX pdu=0
[002310000] ECUB PDUR  RX canif=0 com=0
[002310000] ECUB COM   RX ipdu=0 len=2
[002310000] ECUB OS    ISR_EXIT Isr_CanRx
[002310000] ECUB OS    TASK_START Task_BswMain prio=4
[002310000] ECUB COM   NOTIFY sig=0
[002310000] ECUB RTE   TRIGGER DRE_LightCtl_VehicleSpeed -> Task_LightCtl
[002310000] ECUB OS    EVENT_SET Task_LightCtl mask=0x2
[002310000] ECUB COM   TX ipdu=3 len=6
[002310000] ECUB PDUR  TX com=3 canif=0
[002310000] ECUB CAN   TX id=0x201 dlc=6 data=02 00 40 00 00 00
[002310000] ECUB CANIF TX pdu=0
[002310000] ECUB OS    TASK_END Task_BswMain
[002310000] ECUB RTE   CALL R_Odometer_UpdateSpeed
[002310000] ECUB OS    TASK_WAIT Task_LightCtl mask=0x7
[002320000] ECUB OS    ALARM Alarm_BswMain
[002320000] ECUB OS    ALARM Alarm_LightCtl20ms
[002320000] ECUB OS    EVENT_SET Task_LightCtl mask=0x1
[002320000] ECUB OS    TASK_START Task_BswMain prio=4
[002320000] ECUB OS    TASK_END Task_BswMain
[002320000] ECUB RTE   WRITE P_HeadlightCmd_HeadlightCmd=2
[002320000] ECUB RTE   TRIGGER DRE_Actuator_HeadlightCmd -> Task_LightAct
[002320000] ECUB OS    TASK_WAIT Task_LightCtl mask=0x7
[002320000] ECUB OS    TASK_START Task_LightAct prio=2
[002320000] ECUB RTE   CALL R_Odometer_GetDistance
[002320000] ECUB RTE   WRITE P_HeadlightStatus_HeadlightStatus=2
[002320000] ECUB RTE   WRITE P_OdometerDistance_Distance=65
[002320000] ECUB OS    TASK_END Task_LightAct
[002330000] ECUB OS    ALARM Alarm_BswMain
[002330000] ECUB OS    ISR_ENTER Isr_CanRx
[002330000] ECUB CAN   RX id=0x101 dlc=2 data=b9 05
[002330000] ECUB CANIF RX pdu=0
[002330000] ECUB PDUR  RX canif=0 com=0
[002330000] ECUB COM   RX ipdu=0 len=2
[002330000] ECUB OS    ISR_EXIT Isr_CanRx
[002330000] ECUB OS    TASK_START Task_BswMain prio=4
[002330000] ECUB COM   NOTIFY sig=0
[002330000] ECUB RTE   TRIGGER DRE_LightCtl_VehicleSpeed -> Task_LightCtl
[002330000] ECUB OS    EVENT_SET Task_LightCtl mask=0x2
[002330000] ECUB OS    TASK_END Task_BswMain
[002330000] ECUB RTE   CALL R_Odometer_UpdateSpeed
[002330000] ECUB OS    TASK_WAIT Task_LightCtl mask=0x7
[002340000] ECUB OS    ALARM Alarm_BswMain
[002340000] ECUB OS    ALARM Alarm_LightCtl20ms
[002340000] ECUB OS    EVENT_SET Task_LightCtl mask=0x1
[002340000] ECUB OS    TASK_START Task_BswMain prio=4
[002340000] ECUB OS    TASK_END Task_BswMain
[002340000] ECUB RTE   WRITE P_HeadlightCmd_HeadlightCmd=2
[002340000] ECUB RTE   TRIGGER DRE_Actuator_HeadlightCmd -> Task_LightAct
[002340000] ECUB OS    TASK_WAIT Task_LightCtl mask=0x7
[002340000] ECUB OS    TASK_START Task_LightAct prio=2
[002340000] ECUB RTE   CALL R_Odometer_GetDistance
[002340000] ECUB RTE   WRITE P_HeadlightStatus_HeadlightStatus=2
[002340000] ECUB RTE   WRITE P_OdometerDistance_Distance=66
[002340000] ECUB OS    TASK_END Task_LightAct
[002350000] ECUB OS    ALARM Alarm_BswMain
[002350000] ECUB OS    ISR_ENTER Isr_CanRx
[002350000] ECUB CAN   RX id=0x101 dlc=2 data=b9 05
[002350000] ECUB CANIF RX pdu=0
[002350000] ECUB PDUR  RX canif=0 com=0
[002350000] ECUB COM   RX ipdu=0 len=2
[002350000] ECUB OS    ISR_EXIT Isr_CanRx
[002350000] ECUB OS    TASK_START Task_BswMain prio=4
[002350000] ECUB COM   NOTIFY sig=0
[002350000] ECUB RTE   TRIGGER DRE_LightCtl_VehicleSpeed -> Task_LightCtl
[002350000] ECUB OS    EVENT_SET Task_LightCtl mask=0x2
[002350000] ECUB OS    TASK_END Task_BswMain
[002350000] ECUB RTE   CALL R_Odometer_UpdateSpeed
[002350000] ECUB OS    TASK_WAIT Task_LightCtl mask=0x7
[002360000] ECUB OS    ALARM Alarm_BswMain
[002360000] ECUB OS    ALARM Alarm_LightCtl20ms
[002360000] ECUB OS    EVENT_SET Task_LightCtl mask=0x1
[002360000] ECUB OS    TASK_START Task_BswMain prio=4
[002360000] ECUB OS    TASK_END Task_BswMain
[002360000] ECUB RTE   WRITE P_HeadlightCmd_HeadlightCmd=2
[002360000] ECUB RTE   TRIGGER DRE_Actuator_HeadlightCmd -> Task_LightAct
[002360000] ECUB OS    TASK_WAIT Task_LightCtl mask=0x7
[002360000] ECUB OS    TASK_START Task_LightAct prio=2
[002360000] ECUB RTE   CALL R_Odometer_GetDistance
[002360000] ECUB RTE   WRITE P_HeadlightStatus_HeadlightStatus=2
[002360000] ECUB RTE   WRITE P_OdometerDistance_Distance=67
[002360000] ECUB OS    TASK_END Task_LightAct
[002370000] ECUB OS    ALARM Alarm_BswMain
[002370000] ECUB OS    ISR_ENTER Isr_CanRx
[002370000] ECUB CAN   RX id=0x101 dlc=2 data=b9 05
[002370000] ECUB CANIF RX pdu=0
[002370000] ECUB PDUR  RX canif=0 com=0
[002370000] ECUB COM   RX ipdu=0 len=2
[002370000] ECUB OS    ISR_EXIT Isr_CanRx
[002370000] ECUB OS    TASK_START Task_BswMain prio=4
[002370000] ECUB COM   NOTIFY sig=0
[002370000] ECUB RTE   TRIGGER DRE_LightCtl_VehicleSpeed -> Task_LightCtl
[002370000] ECUB OS    EVENT_SET Task_LightCtl mask=0x2
[002370000] ECUB OS    TASK_END Task_BswMain
[002370000] ECUB RTE   CALL R_Odometer_UpdateSpeed
[002370000] ECUB OS    TASK_WAIT Task_LightCtl mask=0x7
[002380000] ECUB OS    ALARM Alarm_BswMain
[002380000] ECUB OS    ALARM Alarm_LightCtl20ms
[002380000] ECUB OS    EVENT_SET Task_LightCtl mask=0x1
[002380000] ECUB OS    TASK_START Task_BswMain prio=4
[002380000] ECUB OS    TASK_END Task_BswMain
[002380000] ECUB RTE   WRITE P_HeadlightCmd_HeadlightCmd=2
[002380000] ECUB RTE   TRIGGER DRE_Actuator_HeadlightCmd -> Task_LightAct
[002380000] ECUB OS    TASK_WAIT Task_LightCtl mask=0x7
[002380000] ECUB OS    TASK_START Task_LightAct prio=2
[002380000] ECUB RTE   CALL R_Odometer_GetDistance
[002380000] ECUB RTE   WRITE P_HeadlightStatus_HeadlightStatus=2
[002380000] ECUB RTE   WRITE P_OdometerDistance_Distance=67
[002380000] ECUB OS    TASK_END Task_LightAct
[002390000] ECUB OS    ALARM Alarm_BswMain
[002390000] ECUB OS    ISR_ENTER Isr_CanRx
[002390000] ECUB CAN   RX id=0x101 dlc=2 data=b9 05
[002390000] ECUB CANIF RX pdu=0
[002390000] ECUB PDUR  RX canif=0 com=0
[002390000] ECUB COM   RX ipdu=0 len=2
[002390000] ECUB OS    ISR_EXIT Isr_CanRx
[002390000] ECUB OS    TASK_START Task_BswMain prio=4
[002390000] ECUB COM   NOTIFY sig=0
[002390000] ECUB RTE   TRIGGER DRE_LightCtl_VehicleSpeed -> Task_LightCtl
[002390000] ECUB OS    EVENT_SET Task_LightCtl mask=0x2
[002390000] ECUB OS    TASK_END Task_BswMain
[002390000] ECUB RTE   CALL R_Odometer_UpdateSpeed
[002390000] ECUB OS    TASK_WAIT Task_LightCtl mask=0x7
[002400000] ECUB OS    ALARM Alarm_BswMain
[002400000] ECUB OS    ALARM Alarm_LightCtl20ms
[002400000] ECUB OS    EVENT_SET Task_LightCtl mask=0x1
[002400000] ECUB SIM   RESTBUS TX id=0x301 dlc=1 data=14
[002400000] ECUB OS    ISR_ENTER Isr_CanRx
[002400000] ECUB CAN   RX id=0x301 dlc=1 data=14
[002400000] ECUB CANIF RX pdu=1
[002400000] ECUB PDUR  RX canif=1 com=1
[002400000] ECUB COM   RX ipdu=1 len=1
[002400000] ECUB OS    ISR_EXIT Isr_CanRx
[002400000] ECUB OS    TASK_START Task_BswMain prio=4
[002400000] ECUB OS    TASK_END Task_BswMain
[002400000] ECUB RTE   WRITE P_HeadlightCmd_HeadlightCmd=2
[002400000] ECUB RTE   TRIGGER DRE_Actuator_HeadlightCmd -> Task_LightAct
[002400000] ECUB OS    TASK_WAIT Task_LightCtl mask=0x7
[002400000] ECUB OS    TASK_START Task_LightAct prio=2
[002400000] ECUB RTE   CALL R_Odometer_GetDistance
[002400000] ECUB RTE   WRITE P_HeadlightStatus_HeadlightStatus=2
[002400000] ECUB RTE   WRITE P_OdometerDistance_Distance=68
[002400000] ECUB OS    TASK_END Task_LightAct
[002403000] ECUB SIM   RESTBUS TX id=0x3f0 dlc=1 data=00
[002403000] ECUB OS    ISR_ENTER Isr_CanRx
[002403000] ECUB CAN   RX id=0x3f0 dlc=1 data=00
[002403000] ECUB CANIF RX pdu=2
[002403000] ECUB PDUR  RX canif=2 com=2
[002403000] ECUB COM   RX ipdu=2 len=1
[002403000] ECUB OS    ISR_EXIT Isr_CanRx
[002410000] ECUB OS    ALARM Alarm_BswMain
[002410000] ECUB OS    ISR_ENTER Isr_CanRx
[002410000] ECUB CAN   RX id=0x101 dlc=2 data=b9 05
[002410000] ECUB CANIF RX pdu=0
[002410000] ECUB PDUR  RX canif=0 com=0
[002410000] ECUB COM   RX ipdu=0 len=2
[002410000] ECUB OS    ISR_EXIT Isr_CanRx
[002410000] ECUB OS    TASK_START Task_BswMain prio=4
[002410000] ECUB COM   NOTIFY sig=0
[002410000] ECUB RTE   TRIGGER DRE_LightCtl_VehicleSpeed -> Task_LightCtl
[002410000] ECUB OS    EVENT_SET Task_LightCtl mask=0x2
[002410000] ECUB COM   TX ipdu=3 len=6
[002410000] ECUB PDUR  TX com=3 canif=0
[002410000] ECUB CAN   TX id=0x201 dlc=6 data=02 00 44 00 00 00
[002410000] ECUB CANIF TX pdu=0
[002410000] ECUB OS    TASK_END Task_BswMain
[002410000] ECUB RTE   CALL R_Odometer_UpdateSpeed
[002410000] ECUB OS    TASK_WAIT Task_LightCtl mask=0x7
[002420000] ECUB OS    ALARM Alarm_BswMain
[002420000] ECUB OS    ALARM Alarm_LightCtl20ms
[002420000] ECUB OS    EVENT_SET Task_LightCtl mask=0x1
[002420000] ECUB OS    TASK_START Task_BswMain prio=4
[002420000] ECUB OS    TASK_END Task_BswMain
[002420000] ECUB RTE   WRITE P_HeadlightCmd_HeadlightCmd=2
[002420000] ECUB RTE   TRIGGER DRE_Actuator_HeadlightCmd -> Task_LightAct
[002420000] ECUB OS    TASK_WAIT Task_LightCtl mask=0x7
[002420000] ECUB OS    TASK_START Task_LightAct prio=2
[002420000] ECUB RTE   CALL R_Odometer_GetDistance
[002420000] ECUB RTE   WRITE P_HeadlightStatus_HeadlightStatus=2
[002420000] ECUB RTE   WRITE P_OdometerDistance_Distance=69
[002420000] ECUB OS    TASK_END Task_LightAct
[002430000] ECUB OS    ALARM Alarm_BswMain
[002430000] ECUB OS    ISR_ENTER Isr_CanRx
[002430000] ECUB CAN   RX id=0x101 dlc=2 data=b9 05
[002430000] ECUB CANIF RX pdu=0
[002430000] ECUB PDUR  RX canif=0 com=0
[002430000] ECUB COM   RX ipdu=0 len=2
[002430000] ECUB OS    ISR_EXIT Isr_CanRx
[002430000] ECUB OS    TASK_START Task_BswMain prio=4
[002430000] ECUB COM   NOTIFY sig=0
[002430000] ECUB RTE   TRIGGER DRE_LightCtl_VehicleSpeed -> Task_LightCtl
[002430000] ECUB OS    EVENT_SET Task_LightCtl mask=0x2
[002430000] ECUB OS    TASK_END Task_BswMain
[002430000] ECUB RTE   CALL R_Odometer_UpdateSpeed
[002430000] ECUB OS    TASK_WAIT Task_LightCtl mask=0x7
[002440000] ECUB OS    ALARM Alarm_BswMain
[002440000] ECUB OS    ALARM Alarm_LightCtl20ms
[002440000] ECUB OS    EVENT_SET Task_LightCtl mask=0x1
[002440000] ECUB OS    TASK_START Task_BswMain prio=4
[002440000] ECUB OS    TASK_END Task_BswMain
[002440000] ECUB RTE   WRITE P_HeadlightCmd_HeadlightCmd=2
[002440000] ECUB RTE   TRIGGER DRE_Actuator_HeadlightCmd -> Task_LightAct
[002440000] ECUB OS    TASK_WAIT Task_LightCtl mask=0x7
[002440000] ECUB OS    TASK_START Task_LightAct prio=2
[002440000] ECUB RTE   CALL R_Odometer_GetDistance
[002440000] ECUB RTE   WRITE P_HeadlightStatus_HeadlightStatus=2
[002440000] ECUB RTE   WRITE P_OdometerDistance_Distance=70
[002440000] ECUB OS    TASK_END Task_LightAct
[002450000] ECUB OS    ALARM Alarm_BswMain
[002450000] ECUB OS    ISR_ENTER Isr_CanRx
[002450000] ECUB CAN   RX id=0x101 dlc=2 data=b9 05
[002450000] ECUB CANIF RX pdu=0
[002450000] ECUB PDUR  RX canif=0 com=0
[002450000] ECUB COM   RX ipdu=0 len=2
[002450000] ECUB OS    ISR_EXIT Isr_CanRx
[002450000] ECUB OS    TASK_START Task_BswMain prio=4
[002450000] ECUB COM   NOTIFY sig=0
[002450000] ECUB RTE   TRIGGER DRE_LightCtl_VehicleSpeed -> Task_LightCtl
[002450000] ECUB OS    EVENT_SET Task_LightCtl mask=0x2
[002450000] ECUB OS    TASK_END Task_BswMain
[002450000] ECUB RTE   CALL R_Odometer_UpdateSpeed
[002450000] ECUB OS    TASK_WAIT Task_LightCtl mask=0x7
[002460000] ECUB OS    ALARM Alarm_BswMain
[002460000] ECUB OS    ALARM Alarm_LightCtl20ms
[002460000] ECUB OS    EVENT_SET Task_LightCtl mask=0x1
[002460000] ECUB OS    TASK_START Task_BswMain prio=4
[002460000] ECUB OS    TASK_END Task_BswMain
[002460000] ECUB RTE   WRITE P_HeadlightCmd_HeadlightCmd=2
[002460000] ECUB RTE   TRIGGER DRE_Actuator_HeadlightCmd -> Task_LightAct
[002460000] ECUB OS    TASK_WAIT Task_LightCtl mask=0x7
[002460000] ECUB OS    TASK_START Task_LightAct prio=2
[002460000] ECUB RTE   CALL R_Odometer_GetDistance
[002460000] ECUB RTE   WRITE P_HeadlightStatus_HeadlightStatus=2
[002460000] ECUB RTE   WRITE P_OdometerDistance_Distance=71
[002460000] ECUB OS    TASK_END Task_LightAct
[002470000] ECUB OS    ALARM Alarm_BswMain
[002470000] ECUB OS    ISR_ENTER Isr_CanRx
[002470000] ECUB CAN   RX id=0x101 dlc=2 data=b9 05
[002470000] ECUB CANIF RX pdu=0
[002470000] ECUB PDUR  RX canif=0 com=0
[002470000] ECUB COM   RX ipdu=0 len=2
[002470000] ECUB OS    ISR_EXIT Isr_CanRx
[002470000] ECUB OS    TASK_START Task_BswMain prio=4
[002470000] ECUB COM   NOTIFY sig=0
[002470000] ECUB RTE   TRIGGER DRE_LightCtl_VehicleSpeed -> Task_LightCtl
[002470000] ECUB OS    EVENT_SET Task_LightCtl mask=0x2
[002470000] ECUB OS    TASK_END Task_BswMain
[002470000] ECUB RTE   CALL R_Odometer_UpdateSpeed
[002470000] ECUB OS    TASK_WAIT Task_LightCtl mask=0x7
[002480000] ECUB OS    ALARM Alarm_BswMain
[002480000] ECUB OS    ALARM Alarm_LightCtl20ms
[002480000] ECUB OS    EVENT_SET Task_LightCtl mask=0x1
[002480000] ECUB OS    TASK_START Task_BswMain prio=4
[002480000] ECUB OS    TASK_END Task_BswMain
[002480000] ECUB RTE   WRITE P_HeadlightCmd_HeadlightCmd=2
[002480000] ECUB RTE   TRIGGER DRE_Actuator_HeadlightCmd -> Task_LightAct
[002480000] ECUB OS    TASK_WAIT Task_LightCtl mask=0x7
[002480000] ECUB OS    TASK_START Task_LightAct prio=2
[002480000] ECUB RTE   CALL R_Odometer_GetDistance
[002480000] ECUB RTE   WRITE P_HeadlightStatus_HeadlightStatus=2
[002480000] ECUB RTE   WRITE P_OdometerDistance_Distance=71
[002480000] ECUB OS    TASK_END Task_LightAct
[002490000] ECUB OS    ALARM Alarm_BswMain
[002490000] ECUB OS    ISR_ENTER Isr_CanRx
[002490000] ECUB CAN   RX id=0x101 dlc=2 data=b9 05
[002490000] ECUB CANIF RX pdu=0
[002490000] ECUB PDUR  RX canif=0 com=0
[002490000] ECUB COM   RX ipdu=0 len=2
[002490000] ECUB OS    ISR_EXIT Isr_CanRx
[002490000] ECUB OS    TASK_START Task_BswMain prio=4
[002490000] ECUB COM   NOTIFY sig=0
[002490000] ECUB RTE   TRIGGER DRE_LightCtl_VehicleSpeed -> Task_LightCtl
[002490000] ECUB OS    EVENT_SET Task_LightCtl mask=0x2
[002490000] ECUB OS    TASK_END Task_BswMain
[002490000] ECUB RTE   CALL R_Odometer_UpdateSpeed
[002490000] ECUB OS    TASK_WAIT Task_LightCtl mask=0x7
[002500000] ECUB OS    ALARM Alarm_BswMain
[002500000] ECUB OS    ALARM Alarm_LightCtl20ms
[002500000] ECUB OS    EVENT_SET Task_LightCtl mask=0x1
[002500000] ECUB SIM   RESTBUS TX id=0x301 dlc=1 data=14
[002500000] ECUB OS    ISR_ENTER Isr_CanRx
[002500000] ECUB CAN   RX id=0x301 dlc=1 data=14
[002500000] ECUB CANIF RX pdu=1
[002500000] ECUB PDUR  RX canif=1 com=1
[002500000] ECUB COM   RX ipdu=1 len=1
[002500000] ECUB OS    ISR_EXIT Isr_CanRx
[002500000] ECUB OS    TASK_START Task_BswMain prio=4
[002500000] ECUB OS    TASK_END Task_BswMain
[002500000] ECUB RTE   WRITE P_HeadlightCmd_HeadlightCmd=2
[002500000] ECUB RTE   TRIGGER DRE_Actuator_HeadlightCmd -> Task_LightAct
[002500000] ECUB OS    TASK_WAIT Task_LightCtl mask=0x7
[002500000] ECUB OS    TASK_START Task_LightAct prio=2
[002500000] ECUB RTE   CALL R_Odometer_GetDistance
[002500000] ECUB RTE   WRITE P_HeadlightStatus_HeadlightStatus=2
[002500000] ECUB RTE   WRITE P_OdometerDistance_Distance=72
[002500000] ECUB OS    TASK_END Task_LightAct
[002503000] ECUB SIM   RESTBUS TX id=0x3f0 dlc=1 data=00
[002503000] ECUB OS    ISR_ENTER Isr_CanRx
[002503000] ECUB CAN   RX id=0x3f0 dlc=1 data=00
[002503000] ECUB CANIF RX pdu=2
[002503000] ECUB PDUR  RX canif=2 com=2
[002503000] ECUB COM   RX ipdu=2 len=1
[002503000] ECUB OS    ISR_EXIT Isr_CanRx
[002510000] ECUB OS    ALARM Alarm_BswMain
[002510000] ECUB OS    ISR_ENTER Isr_CanRx
[002510000] ECUB CAN   RX id=0x101 dlc=2 data=b9 05
[002510000] ECUB CANIF RX pdu=0
[002510000] ECUB PDUR  RX canif=0 com=0
[002510000] ECUB COM   RX ipdu=0 len=2
[002510000] ECUB OS    ISR_EXIT Isr_CanRx
[002510000] ECUB OS    TASK_START Task_BswMain prio=4
[002510000] ECUB COM   NOTIFY sig=0
[002510000] ECUB RTE   TRIGGER DRE_LightCtl_VehicleSpeed -> Task_LightCtl
[002510000] ECUB OS    EVENT_SET Task_LightCtl mask=0x2
[002510000] ECUB COM   TX ipdu=3 len=6
[002510000] ECUB PDUR  TX com=3 canif=0
[002510000] ECUB CAN   TX id=0x201 dlc=6 data=02 00 48 00 00 00
[002510000] ECUB CANIF TX pdu=0
[002510000] ECUB OS    TASK_END Task_BswMain
[002510000] ECUB RTE   CALL R_Odometer_UpdateSpeed
[002510000] ECUB OS    TASK_WAIT Task_LightCtl mask=0x7
[002520000] ECUB OS    ALARM Alarm_BswMain
[002520000] ECUB OS    ALARM Alarm_LightCtl20ms
[002520000] ECUB OS    EVENT_SET Task_LightCtl mask=0x1
[002520000] ECUB OS    TASK_START Task_BswMain prio=4
[002520000] ECUB OS    TASK_END Task_BswMain
[002520000] ECUB RTE   WRITE P_HeadlightCmd_HeadlightCmd=2
[002520000] ECUB RTE   TRIGGER DRE_Actuator_HeadlightCmd -> Task_LightAct
[002520000] ECUB OS    TASK_WAIT Task_LightCtl mask=0x7
[002520000] ECUB OS    TASK_START Task_LightAct prio=2
[002520000] ECUB RTE   CALL R_Odometer_GetDistance
[002520000] ECUB RTE   WRITE P_HeadlightStatus_HeadlightStatus=2
[002520000] ECUB RTE   WRITE P_OdometerDistance_Distance=73
[002520000] ECUB OS    TASK_END Task_LightAct
[002530000] ECUB OS    ALARM Alarm_BswMain
[002530000] ECUB OS    ISR_ENTER Isr_CanRx
[002530000] ECUB CAN   RX id=0x101 dlc=2 data=b9 05
[002530000] ECUB CANIF RX pdu=0
[002530000] ECUB PDUR  RX canif=0 com=0
[002530000] ECUB COM   RX ipdu=0 len=2
[002530000] ECUB OS    ISR_EXIT Isr_CanRx
[002530000] ECUB OS    TASK_START Task_BswMain prio=4
[002530000] ECUB COM   NOTIFY sig=0
[002530000] ECUB RTE   TRIGGER DRE_LightCtl_VehicleSpeed -> Task_LightCtl
[002530000] ECUB OS    EVENT_SET Task_LightCtl mask=0x2
[002530000] ECUB OS    TASK_END Task_BswMain
[002530000] ECUB RTE   CALL R_Odometer_UpdateSpeed
[002530000] ECUB OS    TASK_WAIT Task_LightCtl mask=0x7
[002540000] ECUB OS    ALARM Alarm_BswMain
[002540000] ECUB OS    ALARM Alarm_LightCtl20ms
[002540000] ECUB OS    EVENT_SET Task_LightCtl mask=0x1
[002540000] ECUB OS    TASK_START Task_BswMain prio=4
[002540000] ECUB OS    TASK_END Task_BswMain
[002540000] ECUB RTE   WRITE P_HeadlightCmd_HeadlightCmd=2
[002540000] ECUB RTE   TRIGGER DRE_Actuator_HeadlightCmd -> Task_LightAct
[002540000] ECUB OS    TASK_WAIT Task_LightCtl mask=0x7
[002540000] ECUB OS    TASK_START Task_LightAct prio=2
[002540000] ECUB RTE   CALL R_Odometer_GetDistance
[002540000] ECUB RTE   WRITE P_HeadlightStatus_HeadlightStatus=2
[002540000] ECUB RTE   WRITE P_OdometerDistance_Distance=74
[002540000] ECUB OS    TASK_END Task_LightAct
[002550000] ECUB OS    ALARM Alarm_BswMain
[002550000] ECUB OS    ISR_ENTER Isr_CanRx
[002550000] ECUB CAN   RX id=0x101 dlc=2 data=b9 05
[002550000] ECUB CANIF RX pdu=0
[002550000] ECUB PDUR  RX canif=0 com=0
[002550000] ECUB COM   RX ipdu=0 len=2
[002550000] ECUB OS    ISR_EXIT Isr_CanRx
[002550000] ECUB OS    TASK_START Task_BswMain prio=4
[002550000] ECUB COM   NOTIFY sig=0
[002550000] ECUB RTE   TRIGGER DRE_LightCtl_VehicleSpeed -> Task_LightCtl
[002550000] ECUB OS    EVENT_SET Task_LightCtl mask=0x2
[002550000] ECUB OS    TASK_END Task_BswMain
[002550000] ECUB RTE   CALL R_Odometer_UpdateSpeed
[002550000] ECUB OS    TASK_WAIT Task_LightCtl mask=0x7
[002560000] ECUB OS    ALARM Alarm_BswMain
[002560000] ECUB OS    ALARM Alarm_LightCtl20ms
[002560000] ECUB OS    EVENT_SET Task_LightCtl mask=0x1
[002560000] ECUB OS    TASK_START Task_BswMain prio=4
[002560000] ECUB OS    TASK_END Task_BswMain
[002560000] ECUB RTE   WRITE P_HeadlightCmd_HeadlightCmd=2
[002560000] ECUB RTE   TRIGGER DRE_Actuator_HeadlightCmd -> Task_LightAct
[002560000] ECUB OS    TASK_WAIT Task_LightCtl mask=0x7
[002560000] ECUB OS    TASK_START Task_LightAct prio=2
[002560000] ECUB RTE   CALL R_Odometer_GetDistance
[002560000] ECUB RTE   WRITE P_HeadlightStatus_HeadlightStatus=2
[002560000] ECUB RTE   WRITE P_OdometerDistance_Distance=75
[002560000] ECUB OS    TASK_END Task_LightAct
[002570000] ECUB OS    ALARM Alarm_BswMain
[002570000] ECUB OS    ISR_ENTER Isr_CanRx
[002570000] ECUB CAN   RX id=0x101 dlc=2 data=b9 05
[002570000] ECUB CANIF RX pdu=0
[002570000] ECUB PDUR  RX canif=0 com=0
[002570000] ECUB COM   RX ipdu=0 len=2
[002570000] ECUB OS    ISR_EXIT Isr_CanRx
[002570000] ECUB OS    TASK_START Task_BswMain prio=4
[002570000] ECUB COM   NOTIFY sig=0
[002570000] ECUB RTE   TRIGGER DRE_LightCtl_VehicleSpeed -> Task_LightCtl
[002570000] ECUB OS    EVENT_SET Task_LightCtl mask=0x2
[002570000] ECUB OS    TASK_END Task_BswMain
[002570000] ECUB RTE   CALL R_Odometer_UpdateSpeed
[002570000] ECUB OS    TASK_WAIT Task_LightCtl mask=0x7
[002580000] ECUB OS    ALARM Alarm_BswMain
[002580000] ECUB OS    ALARM Alarm_LightCtl20ms
[002580000] ECUB OS    EVENT_SET Task_LightCtl mask=0x1
[002580000] ECUB OS    TASK_START Task_BswMain prio=4
[002580000] ECUB OS    TASK_END Task_BswMain
[002580000] ECUB RTE   WRITE P_HeadlightCmd_HeadlightCmd=2
[002580000] ECUB RTE   TRIGGER DRE_Actuator_HeadlightCmd -> Task_LightAct
[002580000] ECUB OS    TASK_WAIT Task_LightCtl mask=0x7
[002580000] ECUB OS    TASK_START Task_LightAct prio=2
[002580000] ECUB RTE   CALL R_Odometer_GetDistance
[002580000] ECUB RTE   WRITE P_HeadlightStatus_HeadlightStatus=2
[002580000] ECUB RTE   WRITE P_OdometerDistance_Distance=76
[002580000] ECUB OS    TASK_END Task_LightAct
[002590000] ECUB OS    ALARM Alarm_BswMain
[002590000] ECUB OS    ISR_ENTER Isr_CanRx
[002590000] ECUB CAN   RX id=0x101 dlc=2 data=b9 05
[002590000] ECUB CANIF RX pdu=0
[002590000] ECUB PDUR  RX canif=0 com=0
[002590000] ECUB COM   RX ipdu=0 len=2
[002590000] ECUB OS    ISR_EXIT Isr_CanRx
[002590000] ECUB OS    TASK_START Task_BswMain prio=4
[002590000] ECUB COM   NOTIFY sig=0
[002590000] ECUB RTE   TRIGGER DRE_LightCtl_VehicleSpeed -> Task_LightCtl
[002590000] ECUB OS    EVENT_SET Task_LightCtl mask=0x2
[002590000] ECUB OS    TASK_END Task_BswMain
[002590000] ECUB RTE   CALL R_Odometer_UpdateSpeed
[002590000] ECUB OS    TASK_WAIT Task_LightCtl mask=0x7
[002600000] ECUB OS    ALARM Alarm_BswMain
[002600000] ECUB OS    ALARM Alarm_LightCtl20ms
[002600000] ECUB OS    EVENT_SET Task_LightCtl mask=0x1
[002600000] ECUB SIM   RESTBUS TX id=0x301 dlc=1 data=14
[002600000] ECUB OS    ISR_ENTER Isr_CanRx
[002600000] ECUB CAN   RX id=0x301 dlc=1 data=14
[002600000] ECUB CANIF RX pdu=1
[002600000] ECUB PDUR  RX canif=1 com=1
[002600000] ECUB COM   RX ipdu=1 len=1
[002600000] ECUB OS    ISR_EXIT Isr_CanRx
[002600000] ECUB OS    TASK_START Task_BswMain prio=4
[002600000] ECUB OS    TASK_END Task_BswMain
[002600000] ECUB RTE   WRITE P_HeadlightCmd_HeadlightCmd=2
[002600000] ECUB RTE   TRIGGER DRE_Actuator_HeadlightCmd -> Task_LightAct
[002600000] ECUB OS    TASK_WAIT Task_LightCtl mask=0x7
[002600000] ECUB OS    TASK_START Task_LightAct prio=2
[002600000] ECUB RTE   CALL R_Odometer_GetDistance
[002600000] ECUB RTE   WRITE P_HeadlightStatus_HeadlightStatus=2
[002600000] ECUB RTE   WRITE P_OdometerDistance_Distance=76
[002600000] ECUB OS    TASK_END Task_LightAct
[002603000] ECUB SIM   RESTBUS TX id=0x3f0 dlc=1 data=00
[002603000] ECUB OS    ISR_ENTER Isr_CanRx
[002603000] ECUB CAN   RX id=0x3f0 dlc=1 data=00
[002603000] ECUB CANIF RX pdu=2
[002603000] ECUB PDUR  RX canif=2 com=2
[002603000] ECUB COM   RX ipdu=2 len=1
[002603000] ECUB OS    ISR_EXIT Isr_CanRx
[002610000] ECUB OS    ALARM Alarm_BswMain
[002610000] ECUB OS    ISR_ENTER Isr_CanRx
[002610000] ECUB CAN   RX id=0x101 dlc=2 data=b9 05
[002610000] ECUB CANIF RX pdu=0
[002610000] ECUB PDUR  RX canif=0 com=0
[002610000] ECUB COM   RX ipdu=0 len=2
[002610000] ECUB OS    ISR_EXIT Isr_CanRx
[002610000] ECUB OS    TASK_START Task_BswMain prio=4
[002610000] ECUB COM   NOTIFY sig=0
[002610000] ECUB RTE   TRIGGER DRE_LightCtl_VehicleSpeed -> Task_LightCtl
[002610000] ECUB OS    EVENT_SET Task_LightCtl mask=0x2
[002610000] ECUB COM   TX ipdu=3 len=6
[002610000] ECUB PDUR  TX com=3 canif=0
[002610000] ECUB CAN   TX id=0x201 dlc=6 data=02 00 4c 00 00 00
[002610000] ECUB CANIF TX pdu=0
[002610000] ECUB OS    TASK_END Task_BswMain
[002610000] ECUB RTE   CALL R_Odometer_UpdateSpeed
[002610000] ECUB OS    TASK_WAIT Task_LightCtl mask=0x7
[002620000] ECUB OS    ALARM Alarm_BswMain
[002620000] ECUB OS    ALARM Alarm_LightCtl20ms
[002620000] ECUB OS    EVENT_SET Task_LightCtl mask=0x1
[002620000] ECUB OS    TASK_START Task_BswMain prio=4
[002620000] ECUB OS    TASK_END Task_BswMain
[002620000] ECUB RTE   WRITE P_HeadlightCmd_HeadlightCmd=2
[002620000] ECUB RTE   TRIGGER DRE_Actuator_HeadlightCmd -> Task_LightAct
[002620000] ECUB OS    TASK_WAIT Task_LightCtl mask=0x7
[002620000] ECUB OS    TASK_START Task_LightAct prio=2
[002620000] ECUB RTE   CALL R_Odometer_GetDistance
[002620000] ECUB RTE   WRITE P_HeadlightStatus_HeadlightStatus=2
[002620000] ECUB RTE   WRITE P_OdometerDistance_Distance=77
[002620000] ECUB OS    TASK_END Task_LightAct
[002630000] ECUB OS    ALARM Alarm_BswMain
[002630000] ECUB OS    ISR_ENTER Isr_CanRx
[002630000] ECUB CAN   RX id=0x101 dlc=2 data=b9 05
[002630000] ECUB CANIF RX pdu=0
[002630000] ECUB PDUR  RX canif=0 com=0
[002630000] ECUB COM   RX ipdu=0 len=2
[002630000] ECUB OS    ISR_EXIT Isr_CanRx
[002630000] ECUB OS    TASK_START Task_BswMain prio=4
[002630000] ECUB COM   NOTIFY sig=0
[002630000] ECUB RTE   TRIGGER DRE_LightCtl_VehicleSpeed -> Task_LightCtl
[002630000] ECUB OS    EVENT_SET Task_LightCtl mask=0x2
[002630000] ECUB OS    TASK_END Task_BswMain
[002630000] ECUB RTE   CALL R_Odometer_UpdateSpeed
[002630000] ECUB OS    TASK_WAIT Task_LightCtl mask=0x7
[002640000] ECUB OS    ALARM Alarm_BswMain
[002640000] ECUB OS    ALARM Alarm_LightCtl20ms
[002640000] ECUB OS    EVENT_SET Task_LightCtl mask=0x1
[002640000] ECUB OS    TASK_START Task_BswMain prio=4
[002640000] ECUB OS    TASK_END Task_BswMain
[002640000] ECUB RTE   WRITE P_HeadlightCmd_HeadlightCmd=2
[002640000] ECUB RTE   TRIGGER DRE_Actuator_HeadlightCmd -> Task_LightAct
[002640000] ECUB OS    TASK_WAIT Task_LightCtl mask=0x7
[002640000] ECUB OS    TASK_START Task_LightAct prio=2
[002640000] ECUB RTE   CALL R_Odometer_GetDistance
[002640000] ECUB RTE   WRITE P_HeadlightStatus_HeadlightStatus=2
[002640000] ECUB RTE   WRITE P_OdometerDistance_Distance=78
[002640000] ECUB OS    TASK_END Task_LightAct
[002650000] ECUB OS    ALARM Alarm_BswMain
[002650000] ECUB OS    ISR_ENTER Isr_CanRx
[002650000] ECUB CAN   RX id=0x101 dlc=2 data=b9 05
[002650000] ECUB CANIF RX pdu=0
[002650000] ECUB PDUR  RX canif=0 com=0
[002650000] ECUB COM   RX ipdu=0 len=2
[002650000] ECUB OS    ISR_EXIT Isr_CanRx
[002650000] ECUB OS    TASK_START Task_BswMain prio=4
[002650000] ECUB COM   NOTIFY sig=0
[002650000] ECUB RTE   TRIGGER DRE_LightCtl_VehicleSpeed -> Task_LightCtl
[002650000] ECUB OS    EVENT_SET Task_LightCtl mask=0x2
[002650000] ECUB OS    TASK_END Task_BswMain
[002650000] ECUB RTE   CALL R_Odometer_UpdateSpeed
[002650000] ECUB OS    TASK_WAIT Task_LightCtl mask=0x7
[002660000] ECUB OS    ALARM Alarm_BswMain
[002660000] ECUB OS    ALARM Alarm_LightCtl20ms
[002660000] ECUB OS    EVENT_SET Task_LightCtl mask=0x1
[002660000] ECUB OS    TASK_START Task_BswMain prio=4
[002660000] ECUB OS    TASK_END Task_BswMain
[002660000] ECUB RTE   WRITE P_HeadlightCmd_HeadlightCmd=2
[002660000] ECUB RTE   TRIGGER DRE_Actuator_HeadlightCmd -> Task_LightAct
[002660000] ECUB OS    TASK_WAIT Task_LightCtl mask=0x7
[002660000] ECUB OS    TASK_START Task_LightAct prio=2
[002660000] ECUB RTE   CALL R_Odometer_GetDistance
[002660000] ECUB RTE   WRITE P_HeadlightStatus_HeadlightStatus=2
[002660000] ECUB RTE   WRITE P_OdometerDistance_Distance=79
[002660000] ECUB OS    TASK_END Task_LightAct
[002670000] ECUB OS    ALARM Alarm_BswMain
[002670000] ECUB OS    ISR_ENTER Isr_CanRx
[002670000] ECUB CAN   RX id=0x101 dlc=2 data=b9 05
[002670000] ECUB CANIF RX pdu=0
[002670000] ECUB PDUR  RX canif=0 com=0
[002670000] ECUB COM   RX ipdu=0 len=2
[002670000] ECUB OS    ISR_EXIT Isr_CanRx
[002670000] ECUB OS    TASK_START Task_BswMain prio=4
[002670000] ECUB COM   NOTIFY sig=0
[002670000] ECUB RTE   TRIGGER DRE_LightCtl_VehicleSpeed -> Task_LightCtl
[002670000] ECUB OS    EVENT_SET Task_LightCtl mask=0x2
[002670000] ECUB OS    TASK_END Task_BswMain
[002670000] ECUB RTE   CALL R_Odometer_UpdateSpeed
[002670000] ECUB OS    TASK_WAIT Task_LightCtl mask=0x7
[002680000] ECUB OS    ALARM Alarm_BswMain
[002680000] ECUB OS    ALARM Alarm_LightCtl20ms
[002680000] ECUB OS    EVENT_SET Task_LightCtl mask=0x1
[002680000] ECUB OS    TASK_START Task_BswMain prio=4
[002680000] ECUB OS    TASK_END Task_BswMain
[002680000] ECUB RTE   WRITE P_HeadlightCmd_HeadlightCmd=2
[002680000] ECUB RTE   TRIGGER DRE_Actuator_HeadlightCmd -> Task_LightAct
[002680000] ECUB OS    TASK_WAIT Task_LightCtl mask=0x7
[002680000] ECUB OS    TASK_START Task_LightAct prio=2
[002680000] ECUB RTE   CALL R_Odometer_GetDistance
[002680000] ECUB RTE   WRITE P_HeadlightStatus_HeadlightStatus=2
[002680000] ECUB RTE   WRITE P_OdometerDistance_Distance=80
[002680000] ECUB OS    TASK_END Task_LightAct
[002690000] ECUB OS    ALARM Alarm_BswMain
[002690000] ECUB OS    ISR_ENTER Isr_CanRx
[002690000] ECUB CAN   RX id=0x101 dlc=2 data=b9 05
[002690000] ECUB CANIF RX pdu=0
[002690000] ECUB PDUR  RX canif=0 com=0
[002690000] ECUB COM   RX ipdu=0 len=2
[002690000] ECUB OS    ISR_EXIT Isr_CanRx
[002690000] ECUB OS    TASK_START Task_BswMain prio=4
[002690000] ECUB COM   NOTIFY sig=0
[002690000] ECUB RTE   TRIGGER DRE_LightCtl_VehicleSpeed -> Task_LightCtl
[002690000] ECUB OS    EVENT_SET Task_LightCtl mask=0x2
[002690000] ECUB OS    TASK_END Task_BswMain
[002690000] ECUB RTE   CALL R_Odometer_UpdateSpeed
[002690000] ECUB OS    TASK_WAIT Task_LightCtl mask=0x7
[002700000] ECUB OS    ALARM Alarm_BswMain
[002700000] ECUB OS    ALARM Alarm_LightCtl20ms
[002700000] ECUB OS    EVENT_SET Task_LightCtl mask=0x1
[002700000] ECUB SIM   RESTBUS TX id=0x301 dlc=1 data=14
[002700000] ECUB OS    ISR_ENTER Isr_CanRx
[002700000] ECUB CAN   RX id=0x301 dlc=1 data=14
[002700000] ECUB CANIF RX pdu=1
[002700000] ECUB PDUR  RX canif=1 com=1
[002700000] ECUB COM   RX ipdu=1 len=1
[002700000] ECUB OS    ISR_EXIT Isr_CanRx
[002700000] ECUB OS    TASK_START Task_BswMain prio=4
[002700000] ECUB OS    TASK_END Task_BswMain
[002700000] ECUB RTE   WRITE P_HeadlightCmd_HeadlightCmd=2
[002700000] ECUB RTE   TRIGGER DRE_Actuator_HeadlightCmd -> Task_LightAct
[002700000] ECUB OS    TASK_WAIT Task_LightCtl mask=0x7
[002700000] ECUB OS    TASK_START Task_LightAct prio=2
[002700000] ECUB RTE   CALL R_Odometer_GetDistance
[002700000] ECUB RTE   WRITE P_HeadlightStatus_HeadlightStatus=2
[002700000] ECUB RTE   WRITE P_OdometerDistance_Distance=80
[002700000] ECUB OS    TASK_END Task_LightAct
[002703000] ECUB SIM   RESTBUS TX id=0x3f0 dlc=1 data=00
[002703000] ECUB OS    ISR_ENTER Isr_CanRx
[002703000] ECUB CAN   RX id=0x3f0 dlc=1 data=00
[002703000] ECUB CANIF RX pdu=2
[002703000] ECUB PDUR  RX canif=2 com=2
[002703000] ECUB COM   RX ipdu=2 len=1
[002703000] ECUB OS    ISR_EXIT Isr_CanRx
[002710000] ECUB OS    ALARM Alarm_BswMain
[002710000] ECUB OS    ISR_ENTER Isr_CanRx
[002710000] ECUB CAN   RX id=0x101 dlc=2 data=b9 05
[002710000] ECUB CANIF RX pdu=0
[002710000] ECUB PDUR  RX canif=0 com=0
[002710000] ECUB COM   RX ipdu=0 len=2
[002710000] ECUB OS    ISR_EXIT Isr_CanRx
[002710000] ECUB OS    TASK_START Task_BswMain prio=4
[002710000] ECUB COM   NOTIFY sig=0
[002710000] ECUB RTE   TRIGGER DRE_LightCtl_VehicleSpeed -> Task_LightCtl
[002710000] ECUB OS    EVENT_SET Task_LightCtl mask=0x2
[002710000] ECUB COM   TX ipdu=3 len=6
[002710000] ECUB PDUR  TX com=3 canif=0
[002710000] ECUB CAN   TX id=0x201 dlc=6 data=02 00 50 00 00 00
[002710000] ECUB CANIF TX pdu=0
[002710000] ECUB OS    TASK_END Task_BswMain
[002710000] ECUB RTE   CALL R_Odometer_UpdateSpeed
[002710000] ECUB OS    TASK_WAIT Task_LightCtl mask=0x7
[002720000] ECUB OS    ALARM Alarm_BswMain
[002720000] ECUB OS    ALARM Alarm_LightCtl20ms
[002720000] ECUB OS    EVENT_SET Task_LightCtl mask=0x1
[002720000] ECUB OS    TASK_START Task_BswMain prio=4
[002720000] ECUB OS    TASK_END Task_BswMain
[002720000] ECUB RTE   WRITE P_HeadlightCmd_HeadlightCmd=2
[002720000] ECUB RTE   TRIGGER DRE_Actuator_HeadlightCmd -> Task_LightAct
[002720000] ECUB OS    TASK_WAIT Task_LightCtl mask=0x7
[002720000] ECUB OS    TASK_START Task_LightAct prio=2
[002720000] ECUB RTE   CALL R_Odometer_GetDistance
[002720000] ECUB RTE   WRITE P_HeadlightStatus_HeadlightStatus=2
[002720000] ECUB RTE   WRITE P_OdometerDistance_Distance=81
[002720000] ECUB OS    TASK_END Task_LightAct
[002730000] ECUB OS    ALARM Alarm_BswMain
[002730000] ECUB OS    ISR_ENTER Isr_CanRx
[002730000] ECUB CAN   RX id=0x101 dlc=2 data=b9 05
[002730000] ECUB CANIF RX pdu=0
[002730000] ECUB PDUR  RX canif=0 com=0
[002730000] ECUB COM   RX ipdu=0 len=2
[002730000] ECUB OS    ISR_EXIT Isr_CanRx
[002730000] ECUB OS    TASK_START Task_BswMain prio=4
[002730000] ECUB COM   NOTIFY sig=0
[002730000] ECUB RTE   TRIGGER DRE_LightCtl_VehicleSpeed -> Task_LightCtl
[002730000] ECUB OS    EVENT_SET Task_LightCtl mask=0x2
[002730000] ECUB OS    TASK_END Task_BswMain
[002730000] ECUB RTE   CALL R_Odometer_UpdateSpeed
[002730000] ECUB OS    TASK_WAIT Task_LightCtl mask=0x7
[002740000] ECUB OS    ALARM Alarm_BswMain
[002740000] ECUB OS    ALARM Alarm_LightCtl20ms
[002740000] ECUB OS    EVENT_SET Task_LightCtl mask=0x1
[002740000] ECUB OS    TASK_START Task_BswMain prio=4
[002740000] ECUB OS    TASK_END Task_BswMain
[002740000] ECUB RTE   WRITE P_HeadlightCmd_HeadlightCmd=2
[002740000] ECUB RTE   TRIGGER DRE_Actuator_HeadlightCmd -> Task_LightAct
[002740000] ECUB OS    TASK_WAIT Task_LightCtl mask=0x7
[002740000] ECUB OS    TASK_START Task_LightAct prio=2
[002740000] ECUB RTE   CALL R_Odometer_GetDistance
[002740000] ECUB RTE   WRITE P_HeadlightStatus_HeadlightStatus=2
[002740000] ECUB RTE   WRITE P_OdometerDistance_Distance=82
[002740000] ECUB OS    TASK_END Task_LightAct
[002750000] ECUB OS    ALARM Alarm_BswMain
[002750000] ECUB OS    ISR_ENTER Isr_CanRx
[002750000] ECUB CAN   RX id=0x101 dlc=2 data=b9 05
[002750000] ECUB CANIF RX pdu=0
[002750000] ECUB PDUR  RX canif=0 com=0
[002750000] ECUB COM   RX ipdu=0 len=2
[002750000] ECUB OS    ISR_EXIT Isr_CanRx
[002750000] ECUB OS    TASK_START Task_BswMain prio=4
[002750000] ECUB COM   NOTIFY sig=0
[002750000] ECUB RTE   TRIGGER DRE_LightCtl_VehicleSpeed -> Task_LightCtl
[002750000] ECUB OS    EVENT_SET Task_LightCtl mask=0x2
[002750000] ECUB OS    TASK_END Task_BswMain
[002750000] ECUB RTE   CALL R_Odometer_UpdateSpeed
[002750000] ECUB OS    TASK_WAIT Task_LightCtl mask=0x7
[002760000] ECUB OS    ALARM Alarm_BswMain
[002760000] ECUB OS    ALARM Alarm_LightCtl20ms
[002760000] ECUB OS    EVENT_SET Task_LightCtl mask=0x1
[002760000] ECUB OS    TASK_START Task_BswMain prio=4
[002760000] ECUB OS    TASK_END Task_BswMain
[002760000] ECUB RTE   WRITE P_HeadlightCmd_HeadlightCmd=2
[002760000] ECUB RTE   TRIGGER DRE_Actuator_HeadlightCmd -> Task_LightAct
[002760000] ECUB OS    TASK_WAIT Task_LightCtl mask=0x7
[002760000] ECUB OS    TASK_START Task_LightAct prio=2
[002760000] ECUB RTE   CALL R_Odometer_GetDistance
[002760000] ECUB RTE   WRITE P_HeadlightStatus_HeadlightStatus=2
[002760000] ECUB RTE   WRITE P_OdometerDistance_Distance=83
[002760000] ECUB OS    TASK_END Task_LightAct
[002770000] ECUB OS    ALARM Alarm_BswMain
[002770000] ECUB OS    ISR_ENTER Isr_CanRx
[002770000] ECUB CAN   RX id=0x101 dlc=2 data=b9 05
[002770000] ECUB CANIF RX pdu=0
[002770000] ECUB PDUR  RX canif=0 com=0
[002770000] ECUB COM   RX ipdu=0 len=2
[002770000] ECUB OS    ISR_EXIT Isr_CanRx
[002770000] ECUB OS    TASK_START Task_BswMain prio=4
[002770000] ECUB COM   NOTIFY sig=0
[002770000] ECUB RTE   TRIGGER DRE_LightCtl_VehicleSpeed -> Task_LightCtl
[002770000] ECUB OS    EVENT_SET Task_LightCtl mask=0x2
[002770000] ECUB OS    TASK_END Task_BswMain
[002770000] ECUB RTE   CALL R_Odometer_UpdateSpeed
[002770000] ECUB OS    TASK_WAIT Task_LightCtl mask=0x7
[002780000] ECUB OS    ALARM Alarm_BswMain
[002780000] ECUB OS    ALARM Alarm_LightCtl20ms
[002780000] ECUB OS    EVENT_SET Task_LightCtl mask=0x1
[002780000] ECUB OS    TASK_START Task_BswMain prio=4
[002780000] ECUB OS    TASK_END Task_BswMain
[002780000] ECUB RTE   WRITE P_HeadlightCmd_HeadlightCmd=2
[002780000] ECUB RTE   TRIGGER DRE_Actuator_HeadlightCmd -> Task_LightAct
[002780000] ECUB OS    TASK_WAIT Task_LightCtl mask=0x7
[002780000] ECUB OS    TASK_START Task_LightAct prio=2
[002780000] ECUB RTE   CALL R_Odometer_GetDistance
[002780000] ECUB RTE   WRITE P_HeadlightStatus_HeadlightStatus=2
[002780000] ECUB RTE   WRITE P_OdometerDistance_Distance=84
[002780000] ECUB OS    TASK_END Task_LightAct
[002790000] ECUB OS    ALARM Alarm_BswMain
[002790000] ECUB OS    ISR_ENTER Isr_CanRx
[002790000] ECUB CAN   RX id=0x101 dlc=2 data=b9 05
[002790000] ECUB CANIF RX pdu=0
[002790000] ECUB PDUR  RX canif=0 com=0
[002790000] ECUB COM   RX ipdu=0 len=2
[002790000] ECUB OS    ISR_EXIT Isr_CanRx
[002790000] ECUB OS    TASK_START Task_BswMain prio=4
[002790000] ECUB COM   NOTIFY sig=0
[002790000] ECUB RTE   TRIGGER DRE_LightCtl_VehicleSpeed -> Task_LightCtl
[002790000] ECUB OS    EVENT_SET Task_LightCtl mask=0x2
[002790000] ECUB OS    TASK_END Task_BswMain
[002790000] ECUB RTE   CALL R_Odometer_UpdateSpeed
[002790000] ECUB OS    TASK_WAIT Task_LightCtl mask=0x7
[002800000] ECUB OS    ALARM Alarm_BswMain
[002800000] ECUB OS    ALARM Alarm_LightCtl20ms
[002800000] ECUB OS    EVENT_SET Task_LightCtl mask=0x1
[002800000] ECUB SIM   RESTBUS TX id=0x301 dlc=1 data=14
[002800000] ECUB OS    ISR_ENTER Isr_CanRx
[002800000] ECUB CAN   RX id=0x301 dlc=1 data=14
[002800000] ECUB CANIF RX pdu=1
[002800000] ECUB PDUR  RX canif=1 com=1
[002800000] ECUB COM   RX ipdu=1 len=1
[002800000] ECUB OS    ISR_EXIT Isr_CanRx
[002800000] ECUB OS    TASK_START Task_BswMain prio=4
[002800000] ECUB OS    TASK_END Task_BswMain
[002800000] ECUB RTE   WRITE P_HeadlightCmd_HeadlightCmd=2
[002800000] ECUB RTE   TRIGGER DRE_Actuator_HeadlightCmd -> Task_LightAct
[002800000] ECUB OS    TASK_WAIT Task_LightCtl mask=0x7
[002800000] ECUB OS    TASK_START Task_LightAct prio=2
[002800000] ECUB RTE   CALL R_Odometer_GetDistance
[002800000] ECUB RTE   WRITE P_HeadlightStatus_HeadlightStatus=2
[002800000] ECUB RTE   WRITE P_OdometerDistance_Distance=84
[002800000] ECUB OS    TASK_END Task_LightAct
[002803000] ECUB SIM   RESTBUS TX id=0x3f0 dlc=1 data=00
[002803000] ECUB OS    ISR_ENTER Isr_CanRx
[002803000] ECUB CAN   RX id=0x3f0 dlc=1 data=00
[002803000] ECUB CANIF RX pdu=2
[002803000] ECUB PDUR  RX canif=2 com=2
[002803000] ECUB COM   RX ipdu=2 len=1
[002803000] ECUB OS    ISR_EXIT Isr_CanRx
[002810000] ECUB OS    ALARM Alarm_BswMain
[002810000] ECUB OS    ISR_ENTER Isr_CanRx
[002810000] ECUB CAN   RX id=0x101 dlc=2 data=b9 05
[002810000] ECUB CANIF RX pdu=0
[002810000] ECUB PDUR  RX canif=0 com=0
[002810000] ECUB COM   RX ipdu=0 len=2
[002810000] ECUB OS    ISR_EXIT Isr_CanRx
[002810000] ECUB OS    TASK_START Task_BswMain prio=4
[002810000] ECUB COM   NOTIFY sig=0
[002810000] ECUB RTE   TRIGGER DRE_LightCtl_VehicleSpeed -> Task_LightCtl
[002810000] ECUB OS    EVENT_SET Task_LightCtl mask=0x2
[002810000] ECUB COM   TX ipdu=3 len=6
[002810000] ECUB PDUR  TX com=3 canif=0
[002810000] ECUB CAN   TX id=0x201 dlc=6 data=02 00 54 00 00 00
[002810000] ECUB CANIF TX pdu=0
[002810000] ECUB OS    TASK_END Task_BswMain
[002810000] ECUB RTE   CALL R_Odometer_UpdateSpeed
[002810000] ECUB OS    TASK_WAIT Task_LightCtl mask=0x7
[002820000] ECUB OS    ALARM Alarm_BswMain
[002820000] ECUB OS    ALARM Alarm_LightCtl20ms
[002820000] ECUB OS    EVENT_SET Task_LightCtl mask=0x1
[002820000] ECUB OS    TASK_START Task_BswMain prio=4
[002820000] ECUB OS    TASK_END Task_BswMain
[002820000] ECUB RTE   WRITE P_HeadlightCmd_HeadlightCmd=2
[002820000] ECUB RTE   TRIGGER DRE_Actuator_HeadlightCmd -> Task_LightAct
[002820000] ECUB OS    TASK_WAIT Task_LightCtl mask=0x7
[002820000] ECUB OS    TASK_START Task_LightAct prio=2
[002820000] ECUB RTE   CALL R_Odometer_GetDistance
[002820000] ECUB RTE   WRITE P_HeadlightStatus_HeadlightStatus=2
[002820000] ECUB RTE   WRITE P_OdometerDistance_Distance=85
[002820000] ECUB OS    TASK_END Task_LightAct
[002830000] ECUB OS    ALARM Alarm_BswMain
[002830000] ECUB OS    ISR_ENTER Isr_CanRx
[002830000] ECUB CAN   RX id=0x101 dlc=2 data=b9 05
[002830000] ECUB CANIF RX pdu=0
[002830000] ECUB PDUR  RX canif=0 com=0
[002830000] ECUB COM   RX ipdu=0 len=2
[002830000] ECUB OS    ISR_EXIT Isr_CanRx
[002830000] ECUB OS    TASK_START Task_BswMain prio=4
[002830000] ECUB COM   NOTIFY sig=0
[002830000] ECUB RTE   TRIGGER DRE_LightCtl_VehicleSpeed -> Task_LightCtl
[002830000] ECUB OS    EVENT_SET Task_LightCtl mask=0x2
[002830000] ECUB OS    TASK_END Task_BswMain
[002830000] ECUB RTE   CALL R_Odometer_UpdateSpeed
[002830000] ECUB OS    TASK_WAIT Task_LightCtl mask=0x7
[002840000] ECUB OS    ALARM Alarm_BswMain
[002840000] ECUB OS    ALARM Alarm_LightCtl20ms
[002840000] ECUB OS    EVENT_SET Task_LightCtl mask=0x1
[002840000] ECUB OS    TASK_START Task_BswMain prio=4
[002840000] ECUB OS    TASK_END Task_BswMain
[002840000] ECUB RTE   WRITE P_HeadlightCmd_HeadlightCmd=2
[002840000] ECUB RTE   TRIGGER DRE_Actuator_HeadlightCmd -> Task_LightAct
[002840000] ECUB OS    TASK_WAIT Task_LightCtl mask=0x7
[002840000] ECUB OS    TASK_START Task_LightAct prio=2
[002840000] ECUB RTE   CALL R_Odometer_GetDistance
[002840000] ECUB RTE   WRITE P_HeadlightStatus_HeadlightStatus=2
[002840000] ECUB RTE   WRITE P_OdometerDistance_Distance=86
[002840000] ECUB OS    TASK_END Task_LightAct
[002850000] ECUB OS    ALARM Alarm_BswMain
[002850000] ECUB OS    ISR_ENTER Isr_CanRx
[002850000] ECUB CAN   RX id=0x101 dlc=2 data=b9 05
[002850000] ECUB CANIF RX pdu=0
[002850000] ECUB PDUR  RX canif=0 com=0
[002850000] ECUB COM   RX ipdu=0 len=2
[002850000] ECUB OS    ISR_EXIT Isr_CanRx
[002850000] ECUB OS    TASK_START Task_BswMain prio=4
[002850000] ECUB COM   NOTIFY sig=0
[002850000] ECUB RTE   TRIGGER DRE_LightCtl_VehicleSpeed -> Task_LightCtl
[002850000] ECUB OS    EVENT_SET Task_LightCtl mask=0x2
[002850000] ECUB OS    TASK_END Task_BswMain
[002850000] ECUB RTE   CALL R_Odometer_UpdateSpeed
[002850000] ECUB OS    TASK_WAIT Task_LightCtl mask=0x7
[002860000] ECUB OS    ALARM Alarm_BswMain
[002860000] ECUB OS    ALARM Alarm_LightCtl20ms
[002860000] ECUB OS    EVENT_SET Task_LightCtl mask=0x1
[002860000] ECUB OS    TASK_START Task_BswMain prio=4
[002860000] ECUB OS    TASK_END Task_BswMain
[002860000] ECUB RTE   WRITE P_HeadlightCmd_HeadlightCmd=2
[002860000] ECUB RTE   TRIGGER DRE_Actuator_HeadlightCmd -> Task_LightAct
[002860000] ECUB OS    TASK_WAIT Task_LightCtl mask=0x7
[002860000] ECUB OS    TASK_START Task_LightAct prio=2
[002860000] ECUB RTE   CALL R_Odometer_GetDistance
[002860000] ECUB RTE   WRITE P_HeadlightStatus_HeadlightStatus=2
[002860000] ECUB RTE   WRITE P_OdometerDistance_Distance=87
[002860000] ECUB OS    TASK_END Task_LightAct
[002870000] ECUB OS    ALARM Alarm_BswMain
[002870000] ECUB OS    ISR_ENTER Isr_CanRx
[002870000] ECUB CAN   RX id=0x101 dlc=2 data=b9 05
[002870000] ECUB CANIF RX pdu=0
[002870000] ECUB PDUR  RX canif=0 com=0
[002870000] ECUB COM   RX ipdu=0 len=2
[002870000] ECUB OS    ISR_EXIT Isr_CanRx
[002870000] ECUB OS    TASK_START Task_BswMain prio=4
[002870000] ECUB COM   NOTIFY sig=0
[002870000] ECUB RTE   TRIGGER DRE_LightCtl_VehicleSpeed -> Task_LightCtl
[002870000] ECUB OS    EVENT_SET Task_LightCtl mask=0x2
[002870000] ECUB OS    TASK_END Task_BswMain
[002870000] ECUB RTE   CALL R_Odometer_UpdateSpeed
[002870000] ECUB OS    TASK_WAIT Task_LightCtl mask=0x7
[002880000] ECUB OS    ALARM Alarm_BswMain
[002880000] ECUB OS    ALARM Alarm_LightCtl20ms
[002880000] ECUB OS    EVENT_SET Task_LightCtl mask=0x1
[002880000] ECUB OS    TASK_START Task_BswMain prio=4
[002880000] ECUB OS    TASK_END Task_BswMain
[002880000] ECUB RTE   WRITE P_HeadlightCmd_HeadlightCmd=2
[002880000] ECUB RTE   TRIGGER DRE_Actuator_HeadlightCmd -> Task_LightAct
[002880000] ECUB OS    TASK_WAIT Task_LightCtl mask=0x7
[002880000] ECUB OS    TASK_START Task_LightAct prio=2
[002880000] ECUB RTE   CALL R_Odometer_GetDistance
[002880000] ECUB RTE   WRITE P_HeadlightStatus_HeadlightStatus=2
[002880000] ECUB RTE   WRITE P_OdometerDistance_Distance=88
[002880000] ECUB OS    TASK_END Task_LightAct
[002890000] ECUB OS    ALARM Alarm_BswMain
[002890000] ECUB OS    ISR_ENTER Isr_CanRx
[002890000] ECUB CAN   RX id=0x101 dlc=2 data=b9 05
[002890000] ECUB CANIF RX pdu=0
[002890000] ECUB PDUR  RX canif=0 com=0
[002890000] ECUB COM   RX ipdu=0 len=2
[002890000] ECUB OS    ISR_EXIT Isr_CanRx
[002890000] ECUB OS    TASK_START Task_BswMain prio=4
[002890000] ECUB COM   NOTIFY sig=0
[002890000] ECUB RTE   TRIGGER DRE_LightCtl_VehicleSpeed -> Task_LightCtl
[002890000] ECUB OS    EVENT_SET Task_LightCtl mask=0x2
[002890000] ECUB OS    TASK_END Task_BswMain
[002890000] ECUB RTE   CALL R_Odometer_UpdateSpeed
[002890000] ECUB OS    TASK_WAIT Task_LightCtl mask=0x7
[002900000] ECUB OS    ALARM Alarm_BswMain
[002900000] ECUB OS    ALARM Alarm_LightCtl20ms
[002900000] ECUB OS    EVENT_SET Task_LightCtl mask=0x1
[002900000] ECUB SIM   RESTBUS TX id=0x301 dlc=1 data=14
[002900000] ECUB OS    ISR_ENTER Isr_CanRx
[002900000] ECUB CAN   RX id=0x301 dlc=1 data=14
[002900000] ECUB CANIF RX pdu=1
[002900000] ECUB PDUR  RX canif=1 com=1
[002900000] ECUB COM   RX ipdu=1 len=1
[002900000] ECUB OS    ISR_EXIT Isr_CanRx
[002900000] ECUB OS    TASK_START Task_BswMain prio=4
[002900000] ECUB OS    TASK_END Task_BswMain
[002900000] ECUB RTE   WRITE P_HeadlightCmd_HeadlightCmd=2
[002900000] ECUB RTE   TRIGGER DRE_Actuator_HeadlightCmd -> Task_LightAct
[002900000] ECUB OS    TASK_WAIT Task_LightCtl mask=0x7
[002900000] ECUB OS    TASK_START Task_LightAct prio=2
[002900000] ECUB RTE   CALL R_Odometer_GetDistance
[002900000] ECUB RTE   WRITE P_HeadlightStatus_HeadlightStatus=2
[002900000] ECUB RTE   WRITE P_OdometerDistance_Distance=89
[002900000] ECUB OS    TASK_END Task_LightAct
[002903000] ECUB SIM   RESTBUS TX id=0x3f0 dlc=1 data=00
[002903000] ECUB OS    ISR_ENTER Isr_CanRx
[002903000] ECUB CAN   RX id=0x3f0 dlc=1 data=00
[002903000] ECUB CANIF RX pdu=2
[002903000] ECUB PDUR  RX canif=2 com=2
[002903000] ECUB COM   RX ipdu=2 len=1
[002903000] ECUB OS    ISR_EXIT Isr_CanRx
[002910000] ECUB OS    ALARM Alarm_BswMain
[002910000] ECUB OS    ISR_ENTER Isr_CanRx
[002910000] ECUB CAN   RX id=0x101 dlc=2 data=b9 05
[002910000] ECUB CANIF RX pdu=0
[002910000] ECUB PDUR  RX canif=0 com=0
[002910000] ECUB COM   RX ipdu=0 len=2
[002910000] ECUB OS    ISR_EXIT Isr_CanRx
[002910000] ECUB OS    TASK_START Task_BswMain prio=4
[002910000] ECUB COM   NOTIFY sig=0
[002910000] ECUB RTE   TRIGGER DRE_LightCtl_VehicleSpeed -> Task_LightCtl
[002910000] ECUB OS    EVENT_SET Task_LightCtl mask=0x2
[002910000] ECUB COM   TX ipdu=3 len=6
[002910000] ECUB PDUR  TX com=3 canif=0
[002910000] ECUB CAN   TX id=0x201 dlc=6 data=02 00 59 00 00 00
[002910000] ECUB CANIF TX pdu=0
[002910000] ECUB OS    TASK_END Task_BswMain
[002910000] ECUB RTE   CALL R_Odometer_UpdateSpeed
[002910000] ECUB OS    TASK_WAIT Task_LightCtl mask=0x7
[002920000] ECUB OS    ALARM Alarm_BswMain
[002920000] ECUB OS    ALARM Alarm_LightCtl20ms
[002920000] ECUB OS    EVENT_SET Task_LightCtl mask=0x1
[002920000] ECUB OS    TASK_START Task_BswMain prio=4
[002920000] ECUB OS    TASK_END Task_BswMain
[002920000] ECUB RTE   WRITE P_HeadlightCmd_HeadlightCmd=2
[002920000] ECUB RTE   TRIGGER DRE_Actuator_HeadlightCmd -> Task_LightAct
[002920000] ECUB OS    TASK_WAIT Task_LightCtl mask=0x7
[002920000] ECUB OS    TASK_START Task_LightAct prio=2
[002920000] ECUB RTE   CALL R_Odometer_GetDistance
[002920000] ECUB RTE   WRITE P_HeadlightStatus_HeadlightStatus=2
[002920000] ECUB RTE   WRITE P_OdometerDistance_Distance=89
[002920000] ECUB OS    TASK_END Task_LightAct
[002930000] ECUB OS    ALARM Alarm_BswMain
[002930000] ECUB OS    ISR_ENTER Isr_CanRx
[002930000] ECUB CAN   RX id=0x101 dlc=2 data=b9 05
[002930000] ECUB CANIF RX pdu=0
[002930000] ECUB PDUR  RX canif=0 com=0
[002930000] ECUB COM   RX ipdu=0 len=2
[002930000] ECUB OS    ISR_EXIT Isr_CanRx
[002930000] ECUB OS    TASK_START Task_BswMain prio=4
[002930000] ECUB COM   NOTIFY sig=0
[002930000] ECUB RTE   TRIGGER DRE_LightCtl_VehicleSpeed -> Task_LightCtl
[002930000] ECUB OS    EVENT_SET Task_LightCtl mask=0x2
[002930000] ECUB OS    TASK_END Task_BswMain
[002930000] ECUB RTE   CALL R_Odometer_UpdateSpeed
[002930000] ECUB OS    TASK_WAIT Task_LightCtl mask=0x7
[002940000] ECUB OS    ALARM Alarm_BswMain
[002940000] ECUB OS    ALARM Alarm_LightCtl20ms
[002940000] ECUB OS    EVENT_SET Task_LightCtl mask=0x1
[002940000] ECUB OS    TASK_START Task_BswMain prio=4
[002940000] ECUB OS    TASK_END Task_BswMain
[002940000] ECUB RTE   WRITE P_HeadlightCmd_HeadlightCmd=2
[002940000] ECUB RTE   TRIGGER DRE_Actuator_HeadlightCmd -> Task_LightAct
[002940000] ECUB OS    TASK_WAIT Task_LightCtl mask=0x7
[002940000] ECUB OS    TASK_START Task_LightAct prio=2
[002940000] ECUB RTE   CALL R_Odometer_GetDistance
[002940000] ECUB RTE   WRITE P_HeadlightStatus_HeadlightStatus=2
[002940000] ECUB RTE   WRITE P_OdometerDistance_Distance=90
[002940000] ECUB OS    TASK_END Task_LightAct
[002950000] ECUB OS    ALARM Alarm_BswMain
[002950000] ECUB OS    ISR_ENTER Isr_CanRx
[002950000] ECUB CAN   RX id=0x101 dlc=2 data=b9 05
[002950000] ECUB CANIF RX pdu=0
[002950000] ECUB PDUR  RX canif=0 com=0
[002950000] ECUB COM   RX ipdu=0 len=2
[002950000] ECUB OS    ISR_EXIT Isr_CanRx
[002950000] ECUB OS    TASK_START Task_BswMain prio=4
[002950000] ECUB COM   NOTIFY sig=0
[002950000] ECUB RTE   TRIGGER DRE_LightCtl_VehicleSpeed -> Task_LightCtl
[002950000] ECUB OS    EVENT_SET Task_LightCtl mask=0x2
[002950000] ECUB OS    TASK_END Task_BswMain
[002950000] ECUB RTE   CALL R_Odometer_UpdateSpeed
[002950000] ECUB OS    TASK_WAIT Task_LightCtl mask=0x7
[002960000] ECUB OS    ALARM Alarm_BswMain
[002960000] ECUB OS    ALARM Alarm_LightCtl20ms
[002960000] ECUB OS    EVENT_SET Task_LightCtl mask=0x1
[002960000] ECUB OS    TASK_START Task_BswMain prio=4
[002960000] ECUB OS    TASK_END Task_BswMain
[002960000] ECUB RTE   WRITE P_HeadlightCmd_HeadlightCmd=2
[002960000] ECUB RTE   TRIGGER DRE_Actuator_HeadlightCmd -> Task_LightAct
[002960000] ECUB OS    TASK_WAIT Task_LightCtl mask=0x7
[002960000] ECUB OS    TASK_START Task_LightAct prio=2
[002960000] ECUB RTE   CALL R_Odometer_GetDistance
[002960000] ECUB RTE   WRITE P_HeadlightStatus_HeadlightStatus=2
[002960000] ECUB RTE   WRITE P_OdometerDistance_Distance=91
[002960000] ECUB OS    TASK_END Task_LightAct
[002970000] ECUB OS    ALARM Alarm_BswMain
[002970000] ECUB OS    ISR_ENTER Isr_CanRx
[002970000] ECUB CAN   RX id=0x101 dlc=2 data=b9 05
[002970000] ECUB CANIF RX pdu=0
[002970000] ECUB PDUR  RX canif=0 com=0
[002970000] ECUB COM   RX ipdu=0 len=2
[002970000] ECUB OS    ISR_EXIT Isr_CanRx
[002970000] ECUB OS    TASK_START Task_BswMain prio=4
[002970000] ECUB COM   NOTIFY sig=0
[002970000] ECUB RTE   TRIGGER DRE_LightCtl_VehicleSpeed -> Task_LightCtl
[002970000] ECUB OS    EVENT_SET Task_LightCtl mask=0x2
[002970000] ECUB OS    TASK_END Task_BswMain
[002970000] ECUB RTE   CALL R_Odometer_UpdateSpeed
[002970000] ECUB OS    TASK_WAIT Task_LightCtl mask=0x7
[002980000] ECUB OS    ALARM Alarm_BswMain
[002980000] ECUB OS    ALARM Alarm_LightCtl20ms
[002980000] ECUB OS    EVENT_SET Task_LightCtl mask=0x1
[002980000] ECUB OS    TASK_START Task_BswMain prio=4
[002980000] ECUB OS    TASK_END Task_BswMain
[002980000] ECUB RTE   WRITE P_HeadlightCmd_HeadlightCmd=2
[002980000] ECUB RTE   TRIGGER DRE_Actuator_HeadlightCmd -> Task_LightAct
[002980000] ECUB OS    TASK_WAIT Task_LightCtl mask=0x7
[002980000] ECUB OS    TASK_START Task_LightAct prio=2
[002980000] ECUB RTE   CALL R_Odometer_GetDistance
[002980000] ECUB RTE   WRITE P_HeadlightStatus_HeadlightStatus=2
[002980000] ECUB RTE   WRITE P_OdometerDistance_Distance=92
[002980000] ECUB OS    TASK_END Task_LightAct
[002990000] ECUB OS    ALARM Alarm_BswMain
[002990000] ECUB OS    ISR_ENTER Isr_CanRx
[002990000] ECUB CAN   RX id=0x101 dlc=2 data=b9 05
[002990000] ECUB CANIF RX pdu=0
[002990000] ECUB PDUR  RX canif=0 com=0
[002990000] ECUB COM   RX ipdu=0 len=2
[002990000] ECUB OS    ISR_EXIT Isr_CanRx
[002990000] ECUB OS    TASK_START Task_BswMain prio=4
[002990000] ECUB COM   NOTIFY sig=0
[002990000] ECUB RTE   TRIGGER DRE_LightCtl_VehicleSpeed -> Task_LightCtl
[002990000] ECUB OS    EVENT_SET Task_LightCtl mask=0x2
[002990000] ECUB OS    TASK_END Task_BswMain
[002990000] ECUB RTE   CALL R_Odometer_UpdateSpeed
[002990000] ECUB SWC   Odometer dist_m=93
[002990000] ECUB OS    TASK_WAIT Task_LightCtl mask=0x7
[003000000] ECUB OS    ALARM Alarm_BswMain
[003000000] ECUB OS    ALARM Alarm_LightCtl20ms
[003000000] ECUB OS    EVENT_SET Task_LightCtl mask=0x1
[003000000] ECUB SIM   RESTBUS TX id=0x301 dlc=1 data=14
[003000000] ECUB OS    ISR_ENTER Isr_CanRx
[003000000] ECUB CAN   RX id=0x301 dlc=1 data=14
[003000000] ECUB CANIF RX pdu=1
[003000000] ECUB PDUR  RX canif=1 com=1
[003000000] ECUB COM   RX ipdu=1 len=1
[003000000] ECUB OS    ISR_EXIT Isr_CanRx
[003000000] ECUB OS    TASK_START Task_BswMain prio=4
[003000000] ECUB OS    TASK_END Task_BswMain
[003000000] ECUB RTE   WRITE P_HeadlightCmd_HeadlightCmd=2
[003000000] ECUB RTE   TRIGGER DRE_Actuator_HeadlightCmd -> Task_LightAct
[003000000] ECUB OS    TASK_WAIT Task_LightCtl mask=0x7
[003000000] ECUB OS    TASK_START Task_LightAct prio=2
[003000000] ECUB RTE   CALL R_Odometer_GetDistance
[003000000] ECUB RTE   WRITE P_HeadlightStatus_HeadlightStatus=2
[003000000] ECUB RTE   WRITE P_OdometerDistance_Distance=93
[003000000] ECUB OS    TASK_END Task_LightAct
[003003000] ECUB SIM   RESTBUS TX id=0x3f0 dlc=1 data=01
[003003000] ECUB OS    ISR_ENTER Isr_CanRx
[003003000] ECUB CAN   RX id=0x3f0 dlc=1 data=01
[003003000] ECUB CANIF RX pdu=2
[003003000] ECUB PDUR  RX canif=2 com=2
[003003000] ECUB COM   RX ipdu=2 len=1
[003003000] ECUB OS    ISR_EXIT Isr_CanRx
[003010000] ECUB OS    ALARM Alarm_BswMain
[003010000] ECUB OS    ISR_ENTER Isr_CanRx
[003010000] ECUB CAN   RX id=0x101 dlc=2 data=b9 05
[003010000] ECUB CANIF RX pdu=0
[003010000] ECUB PDUR  RX canif=0 com=0
[003010000] ECUB COM   RX ipdu=0 len=2
[003010000] ECUB OS    ISR_EXIT Isr_CanRx
[003010000] ECUB OS    TASK_START Task_BswMain prio=4
[003010000] ECUB COM   NOTIFY sig=0
[003010000] ECUB RTE   TRIGGER DRE_LightCtl_VehicleSpeed -> Task_LightCtl
[003010000] ECUB OS    EVENT_SET Task_LightCtl mask=0x2
[003010000] ECUB COM   TX ipdu=3 len=6
[003010000] ECUB PDUR  TX com=3 canif=0
[003010000] ECUB CAN   TX id=0x201 dlc=6 data=02 00 5d 00 00 00
[003010000] ECUB CANIF TX pdu=0
[003010000] ECUB BSW   BSWM RULE R_EcuModeRequest TRUE
[003010000] ECUB RTE   MODE EcuMode=POST_RUN
[003010000] ECUB RTE   TRIGGER MSE_LightCtl_EnterPostRun -> Task_LightCtl
[003010000] ECUB OS    EVENT_SET Task_LightCtl mask=0x4
[003010000] ECUB BSW   BSWM ACTION Rte_SwitchPostRun rc=0
[003010000] ECUB OS    TASK_END Task_BswMain
[003010000] ECUB RTE   CALL R_Odometer_UpdateSpeed
[003010000] ECUB RTE   WRITE P_HeadlightCmd_HeadlightCmd=0
[003010000] ECUB RTE   TRIGGER DRE_Actuator_HeadlightCmd -> Task_LightAct
[003010000] ECUB SWC   LightCtl cmd=0 speed=1465 ambient=20 postrun=1
[003010000] ECUB OS    TASK_WAIT Task_LightCtl mask=0x7
[003010000] ECUB OS    TASK_START Task_LightAct prio=2
[003010000] ECUB RTE   CALL R_Odometer_GetDistance
[003010000] ECUB RTE   CALL R_LightHw_SetHeadlight
[003010000] ECUB SIM   GPIO PC7=0
[003010000] ECUB SIM   GPIO PB7=0
[003010000] ECUB BSW   IOHWAB LIGHT state=0
[003010000] ECUB SWC   Actuator state=0 dist=93
[003010000] ECUB RTE   WRITE P_HeadlightStatus_HeadlightStatus=0
[003010000] ECUB RTE   WRITE P_OdometerDistance_Distance=93
[003010000] ECUB OS    TASK_END Task_LightAct
[003020000] ECUB OS    ALARM Alarm_BswMain
[003020000] ECUB OS    ALARM Alarm_LightCtl20ms
[003020000] ECUB OS    EVENT_SET Task_LightCtl mask=0x1
[003020000] ECUB OS    TASK_START Task_BswMain prio=4
[003020000] ECUB OS    TASK_END Task_BswMain
[003020000] ECUB OS    TASK_WAIT Task_LightCtl mask=0x7
[003030000] ECUB OS    ALARM Alarm_BswMain
[003030000] ECUB OS    ISR_ENTER Isr_CanRx
[003030000] ECUB CAN   RX id=0x101 dlc=2 data=b9 05
[003030000] ECUB CANIF RX pdu=0
[003030000] ECUB PDUR  RX canif=0 com=0
[003030000] ECUB COM   RX ipdu=0 len=2
[003030000] ECUB OS    ISR_EXIT Isr_CanRx
[003030000] ECUB OS    TASK_START Task_BswMain prio=4
[003030000] ECUB COM   NOTIFY sig=0
[003030000] ECUB RTE   TRIGGER DRE_LightCtl_VehicleSpeed -> Task_LightCtl
[003030000] ECUB OS    EVENT_SET Task_LightCtl mask=0x2
[003030000] ECUB OS    TASK_END Task_BswMain
[003030000] ECUB RTE   CALL R_Odometer_UpdateSpeed
[003030000] ECUB OS    TASK_WAIT Task_LightCtl mask=0x7
[003040000] ECUB OS    ALARM Alarm_BswMain
[003040000] ECUB OS    ALARM Alarm_LightCtl20ms
[003040000] ECUB OS    EVENT_SET Task_LightCtl mask=0x1
[003040000] ECUB OS    TASK_START Task_BswMain prio=4
[003040000] ECUB OS    TASK_END Task_BswMain
[003040000] ECUB OS    TASK_WAIT Task_LightCtl mask=0x7
[003050000] ECUB OS    ALARM Alarm_BswMain
[003050000] ECUB OS    ISR_ENTER Isr_CanRx
[003050000] ECUB CAN   RX id=0x101 dlc=2 data=b9 05
[003050000] ECUB CANIF RX pdu=0
[003050000] ECUB PDUR  RX canif=0 com=0
[003050000] ECUB COM   RX ipdu=0 len=2
[003050000] ECUB OS    ISR_EXIT Isr_CanRx
[003050000] ECUB OS    TASK_START Task_BswMain prio=4
[003050000] ECUB COM   NOTIFY sig=0
[003050000] ECUB RTE   TRIGGER DRE_LightCtl_VehicleSpeed -> Task_LightCtl
[003050000] ECUB OS    EVENT_SET Task_LightCtl mask=0x2
[003050000] ECUB OS    TASK_END Task_BswMain
[003050000] ECUB RTE   CALL R_Odometer_UpdateSpeed
[003050000] ECUB OS    TASK_WAIT Task_LightCtl mask=0x7
[003060000] ECUB OS    ALARM Alarm_BswMain
[003060000] ECUB OS    ALARM Alarm_LightCtl20ms
[003060000] ECUB OS    EVENT_SET Task_LightCtl mask=0x1
[003060000] ECUB OS    TASK_START Task_BswMain prio=4
[003060000] ECUB OS    TASK_END Task_BswMain
[003060000] ECUB OS    TASK_WAIT Task_LightCtl mask=0x7
[003070000] ECUB OS    ALARM Alarm_BswMain
[003070000] ECUB OS    ISR_ENTER Isr_CanRx
[003070000] ECUB CAN   RX id=0x101 dlc=2 data=b9 05
[003070000] ECUB CANIF RX pdu=0
[003070000] ECUB PDUR  RX canif=0 com=0
[003070000] ECUB COM   RX ipdu=0 len=2
[003070000] ECUB OS    ISR_EXIT Isr_CanRx
[003070000] ECUB OS    TASK_START Task_BswMain prio=4
[003070000] ECUB COM   NOTIFY sig=0
[003070000] ECUB RTE   TRIGGER DRE_LightCtl_VehicleSpeed -> Task_LightCtl
[003070000] ECUB OS    EVENT_SET Task_LightCtl mask=0x2
[003070000] ECUB OS    TASK_END Task_BswMain
[003070000] ECUB RTE   CALL R_Odometer_UpdateSpeed
[003070000] ECUB OS    TASK_WAIT Task_LightCtl mask=0x7
[003080000] ECUB OS    ALARM Alarm_BswMain
[003080000] ECUB OS    ALARM Alarm_LightCtl20ms
[003080000] ECUB OS    EVENT_SET Task_LightCtl mask=0x1
[003080000] ECUB OS    TASK_START Task_BswMain prio=4
[003080000] ECUB OS    TASK_END Task_BswMain
[003080000] ECUB OS    TASK_WAIT Task_LightCtl mask=0x7
[003090000] ECUB OS    ALARM Alarm_BswMain
[003090000] ECUB OS    ISR_ENTER Isr_CanRx
[003090000] ECUB CAN   RX id=0x101 dlc=2 data=b9 05
[003090000] ECUB CANIF RX pdu=0
[003090000] ECUB PDUR  RX canif=0 com=0
[003090000] ECUB COM   RX ipdu=0 len=2
[003090000] ECUB OS    ISR_EXIT Isr_CanRx
[003090000] ECUB OS    TASK_START Task_BswMain prio=4
[003090000] ECUB COM   NOTIFY sig=0
[003090000] ECUB RTE   TRIGGER DRE_LightCtl_VehicleSpeed -> Task_LightCtl
[003090000] ECUB OS    EVENT_SET Task_LightCtl mask=0x2
[003090000] ECUB OS    TASK_END Task_BswMain
[003090000] ECUB RTE   CALL R_Odometer_UpdateSpeed
[003090000] ECUB OS    TASK_WAIT Task_LightCtl mask=0x7
[003100000] ECUB OS    ALARM Alarm_BswMain
[003100000] ECUB OS    ALARM Alarm_LightCtl20ms
[003100000] ECUB OS    EVENT_SET Task_LightCtl mask=0x1
[003100000] ECUB SIM   RESTBUS TX id=0x301 dlc=1 data=14
[003100000] ECUB OS    ISR_ENTER Isr_CanRx
[003100000] ECUB CAN   RX id=0x301 dlc=1 data=14
[003100000] ECUB CANIF RX pdu=1
[003100000] ECUB PDUR  RX canif=1 com=1
[003100000] ECUB COM   RX ipdu=1 len=1
[003100000] ECUB OS    ISR_EXIT Isr_CanRx
[003100000] ECUB OS    TASK_START Task_BswMain prio=4
[003100000] ECUB OS    TASK_END Task_BswMain
[003100000] ECUB OS    TASK_WAIT Task_LightCtl mask=0x7
[003103000] ECUB SIM   RESTBUS TX id=0x3f0 dlc=1 data=01
[003103000] ECUB OS    ISR_ENTER Isr_CanRx
[003103000] ECUB CAN   RX id=0x3f0 dlc=1 data=01
[003103000] ECUB CANIF RX pdu=2
[003103000] ECUB PDUR  RX canif=2 com=2
[003103000] ECUB COM   RX ipdu=2 len=1
[003103000] ECUB OS    ISR_EXIT Isr_CanRx
[003110000] ECUB OS    ALARM Alarm_BswMain
[003110000] ECUB OS    ISR_ENTER Isr_CanRx
[003110000] ECUB CAN   RX id=0x101 dlc=2 data=b9 05
[003110000] ECUB CANIF RX pdu=0
[003110000] ECUB PDUR  RX canif=0 com=0
[003110000] ECUB COM   RX ipdu=0 len=2
[003110000] ECUB OS    ISR_EXIT Isr_CanRx
[003110000] ECUB OS    TASK_START Task_BswMain prio=4
[003110000] ECUB COM   NOTIFY sig=0
[003110000] ECUB RTE   TRIGGER DRE_LightCtl_VehicleSpeed -> Task_LightCtl
[003110000] ECUB OS    EVENT_SET Task_LightCtl mask=0x2
[003110000] ECUB COM   TX ipdu=3 len=6
[003110000] ECUB PDUR  TX com=3 canif=0
[003110000] ECUB CAN   TX id=0x201 dlc=6 data=00 00 5d 00 00 00
[003110000] ECUB CANIF TX pdu=0
[003110000] ECUB OS    TASK_END Task_BswMain
[003110000] ECUB RTE   CALL R_Odometer_UpdateSpeed
[003110000] ECUB OS    TASK_WAIT Task_LightCtl mask=0x7
[003120000] ECUB OS    ALARM Alarm_BswMain
[003120000] ECUB OS    ALARM Alarm_LightCtl20ms
[003120000] ECUB OS    EVENT_SET Task_LightCtl mask=0x1
[003120000] ECUB OS    TASK_START Task_BswMain prio=4
[003120000] ECUB OS    TASK_END Task_BswMain
[003120000] ECUB OS    TASK_WAIT Task_LightCtl mask=0x7
[003130000] ECUB OS    ALARM Alarm_BswMain
[003130000] ECUB OS    ISR_ENTER Isr_CanRx
[003130000] ECUB CAN   RX id=0x101 dlc=2 data=b9 05
[003130000] ECUB CANIF RX pdu=0
[003130000] ECUB PDUR  RX canif=0 com=0
[003130000] ECUB COM   RX ipdu=0 len=2
[003130000] ECUB OS    ISR_EXIT Isr_CanRx
[003130000] ECUB OS    TASK_START Task_BswMain prio=4
[003130000] ECUB COM   NOTIFY sig=0
[003130000] ECUB RTE   TRIGGER DRE_LightCtl_VehicleSpeed -> Task_LightCtl
[003130000] ECUB OS    EVENT_SET Task_LightCtl mask=0x2
[003130000] ECUB OS    TASK_END Task_BswMain
[003130000] ECUB RTE   CALL R_Odometer_UpdateSpeed
[003130000] ECUB OS    TASK_WAIT Task_LightCtl mask=0x7
[003140000] ECUB OS    ALARM Alarm_BswMain
[003140000] ECUB OS    ALARM Alarm_LightCtl20ms
[003140000] ECUB OS    EVENT_SET Task_LightCtl mask=0x1
[003140000] ECUB OS    TASK_START Task_BswMain prio=4
[003140000] ECUB OS    TASK_END Task_BswMain
[003140000] ECUB OS    TASK_WAIT Task_LightCtl mask=0x7
[003150000] ECUB OS    ALARM Alarm_BswMain
[003150000] ECUB OS    ISR_ENTER Isr_CanRx
[003150000] ECUB CAN   RX id=0x101 dlc=2 data=b9 05
[003150000] ECUB CANIF RX pdu=0
[003150000] ECUB PDUR  RX canif=0 com=0
[003150000] ECUB COM   RX ipdu=0 len=2
[003150000] ECUB OS    ISR_EXIT Isr_CanRx
[003150000] ECUB OS    TASK_START Task_BswMain prio=4
[003150000] ECUB COM   NOTIFY sig=0
[003150000] ECUB RTE   TRIGGER DRE_LightCtl_VehicleSpeed -> Task_LightCtl
[003150000] ECUB OS    EVENT_SET Task_LightCtl mask=0x2
[003150000] ECUB OS    TASK_END Task_BswMain
[003150000] ECUB RTE   CALL R_Odometer_UpdateSpeed
[003150000] ECUB OS    TASK_WAIT Task_LightCtl mask=0x7
[003160000] ECUB OS    ALARM Alarm_BswMain
[003160000] ECUB OS    ALARM Alarm_LightCtl20ms
[003160000] ECUB OS    EVENT_SET Task_LightCtl mask=0x1
[003160000] ECUB OS    TASK_START Task_BswMain prio=4
[003160000] ECUB OS    TASK_END Task_BswMain
[003160000] ECUB OS    TASK_WAIT Task_LightCtl mask=0x7
[003170000] ECUB OS    ALARM Alarm_BswMain
[003170000] ECUB OS    ISR_ENTER Isr_CanRx
[003170000] ECUB CAN   RX id=0x101 dlc=2 data=b9 05
[003170000] ECUB CANIF RX pdu=0
[003170000] ECUB PDUR  RX canif=0 com=0
[003170000] ECUB COM   RX ipdu=0 len=2
[003170000] ECUB OS    ISR_EXIT Isr_CanRx
[003170000] ECUB OS    TASK_START Task_BswMain prio=4
[003170000] ECUB COM   NOTIFY sig=0
[003170000] ECUB RTE   TRIGGER DRE_LightCtl_VehicleSpeed -> Task_LightCtl
[003170000] ECUB OS    EVENT_SET Task_LightCtl mask=0x2
[003170000] ECUB OS    TASK_END Task_BswMain
[003170000] ECUB RTE   CALL R_Odometer_UpdateSpeed
[003170000] ECUB OS    TASK_WAIT Task_LightCtl mask=0x7
[003180000] ECUB OS    ALARM Alarm_BswMain
[003180000] ECUB OS    ALARM Alarm_LightCtl20ms
[003180000] ECUB OS    EVENT_SET Task_LightCtl mask=0x1
[003180000] ECUB OS    TASK_START Task_BswMain prio=4
[003180000] ECUB OS    TASK_END Task_BswMain
[003180000] ECUB OS    TASK_WAIT Task_LightCtl mask=0x7
[003190000] ECUB OS    ALARM Alarm_BswMain
[003190000] ECUB OS    ISR_ENTER Isr_CanRx
[003190000] ECUB CAN   RX id=0x101 dlc=2 data=b9 05
[003190000] ECUB CANIF RX pdu=0
[003190000] ECUB PDUR  RX canif=0 com=0
[003190000] ECUB COM   RX ipdu=0 len=2
[003190000] ECUB OS    ISR_EXIT Isr_CanRx
[003190000] ECUB OS    TASK_START Task_BswMain prio=4
[003190000] ECUB COM   NOTIFY sig=0
[003190000] ECUB RTE   TRIGGER DRE_LightCtl_VehicleSpeed -> Task_LightCtl
[003190000] ECUB OS    EVENT_SET Task_LightCtl mask=0x2
[003190000] ECUB OS    TASK_END Task_BswMain
[003190000] ECUB RTE   CALL R_Odometer_UpdateSpeed
[003190000] ECUB OS    TASK_WAIT Task_LightCtl mask=0x7
[003200000] ECUB OS    ALARM Alarm_BswMain
[003200000] ECUB OS    ALARM Alarm_LightCtl20ms
[003200000] ECUB OS    EVENT_SET Task_LightCtl mask=0x1
[003200000] ECUB SIM   RESTBUS TX id=0x301 dlc=1 data=14
[003200000] ECUB OS    ISR_ENTER Isr_CanRx
[003200000] ECUB CAN   RX id=0x301 dlc=1 data=14
[003200000] ECUB CANIF RX pdu=1
[003200000] ECUB PDUR  RX canif=1 com=1
[003200000] ECUB COM   RX ipdu=1 len=1
[003200000] ECUB OS    ISR_EXIT Isr_CanRx
[003200000] ECUB OS    TASK_START Task_BswMain prio=4
[003200000] ECUB OS    TASK_END Task_BswMain
[003200000] ECUB OS    TASK_WAIT Task_LightCtl mask=0x7
[003203000] ECUB SIM   RESTBUS TX id=0x3f0 dlc=1 data=01
[003203000] ECUB OS    ISR_ENTER Isr_CanRx
[003203000] ECUB CAN   RX id=0x3f0 dlc=1 data=01
[003203000] ECUB CANIF RX pdu=2
[003203000] ECUB PDUR  RX canif=2 com=2
[003203000] ECUB COM   RX ipdu=2 len=1
[003203000] ECUB OS    ISR_EXIT Isr_CanRx
[003210000] ECUB OS    ALARM Alarm_BswMain
[003210000] ECUB OS    ISR_ENTER Isr_CanRx
[003210000] ECUB CAN   RX id=0x101 dlc=2 data=b9 05
[003210000] ECUB CANIF RX pdu=0
[003210000] ECUB PDUR  RX canif=0 com=0
[003210000] ECUB COM   RX ipdu=0 len=2
[003210000] ECUB OS    ISR_EXIT Isr_CanRx
[003210000] ECUB OS    TASK_START Task_BswMain prio=4
[003210000] ECUB COM   NOTIFY sig=0
[003210000] ECUB RTE   TRIGGER DRE_LightCtl_VehicleSpeed -> Task_LightCtl
[003210000] ECUB OS    EVENT_SET Task_LightCtl mask=0x2
[003210000] ECUB COM   TX ipdu=3 len=6
[003210000] ECUB PDUR  TX com=3 canif=0
[003210000] ECUB CAN   TX id=0x201 dlc=6 data=00 00 5d 00 00 00
[003210000] ECUB CANIF TX pdu=0
[003210000] ECUB OS    TASK_END Task_BswMain
[003210000] ECUB RTE   CALL R_Odometer_UpdateSpeed
[003210000] ECUB OS    TASK_WAIT Task_LightCtl mask=0x7
[003220000] ECUB OS    ALARM Alarm_BswMain
[003220000] ECUB OS    ALARM Alarm_LightCtl20ms
[003220000] ECUB OS    EVENT_SET Task_LightCtl mask=0x1
[003220000] ECUB OS    TASK_START Task_BswMain prio=4
[003220000] ECUB OS    TASK_END Task_BswMain
[003220000] ECUB OS    TASK_WAIT Task_LightCtl mask=0x7
[003230000] ECUB OS    ALARM Alarm_BswMain
[003230000] ECUB OS    ISR_ENTER Isr_CanRx
[003230000] ECUB CAN   RX id=0x101 dlc=2 data=b9 05
[003230000] ECUB CANIF RX pdu=0
[003230000] ECUB PDUR  RX canif=0 com=0
[003230000] ECUB COM   RX ipdu=0 len=2
[003230000] ECUB OS    ISR_EXIT Isr_CanRx
[003230000] ECUB OS    TASK_START Task_BswMain prio=4
[003230000] ECUB COM   NOTIFY sig=0
[003230000] ECUB RTE   TRIGGER DRE_LightCtl_VehicleSpeed -> Task_LightCtl
[003230000] ECUB OS    EVENT_SET Task_LightCtl mask=0x2
[003230000] ECUB OS    TASK_END Task_BswMain
[003230000] ECUB RTE   CALL R_Odometer_UpdateSpeed
[003230000] ECUB OS    TASK_WAIT Task_LightCtl mask=0x7
[003240000] ECUB OS    ALARM Alarm_BswMain
[003240000] ECUB OS    ALARM Alarm_LightCtl20ms
[003240000] ECUB OS    EVENT_SET Task_LightCtl mask=0x1
[003240000] ECUB OS    TASK_START Task_BswMain prio=4
[003240000] ECUB OS    TASK_END Task_BswMain
[003240000] ECUB OS    TASK_WAIT Task_LightCtl mask=0x7
[003250000] ECUB OS    ALARM Alarm_BswMain
[003250000] ECUB OS    ISR_ENTER Isr_CanRx
[003250000] ECUB CAN   RX id=0x101 dlc=2 data=b9 05
[003250000] ECUB CANIF RX pdu=0
[003250000] ECUB PDUR  RX canif=0 com=0
[003250000] ECUB COM   RX ipdu=0 len=2
[003250000] ECUB OS    ISR_EXIT Isr_CanRx
[003250000] ECUB OS    TASK_START Task_BswMain prio=4
[003250000] ECUB COM   NOTIFY sig=0
[003250000] ECUB RTE   TRIGGER DRE_LightCtl_VehicleSpeed -> Task_LightCtl
[003250000] ECUB OS    EVENT_SET Task_LightCtl mask=0x2
[003250000] ECUB OS    TASK_END Task_BswMain
[003250000] ECUB RTE   CALL R_Odometer_UpdateSpeed
[003250000] ECUB OS    TASK_WAIT Task_LightCtl mask=0x7
[003260000] ECUB OS    ALARM Alarm_BswMain
[003260000] ECUB OS    ALARM Alarm_LightCtl20ms
[003260000] ECUB OS    EVENT_SET Task_LightCtl mask=0x1
[003260000] ECUB OS    TASK_START Task_BswMain prio=4
[003260000] ECUB OS    TASK_END Task_BswMain
[003260000] ECUB OS    TASK_WAIT Task_LightCtl mask=0x7
[003270000] ECUB OS    ALARM Alarm_BswMain
[003270000] ECUB OS    ISR_ENTER Isr_CanRx
[003270000] ECUB CAN   RX id=0x101 dlc=2 data=b9 05
[003270000] ECUB CANIF RX pdu=0
[003270000] ECUB PDUR  RX canif=0 com=0
[003270000] ECUB COM   RX ipdu=0 len=2
[003270000] ECUB OS    ISR_EXIT Isr_CanRx
[003270000] ECUB OS    TASK_START Task_BswMain prio=4
[003270000] ECUB COM   NOTIFY sig=0
[003270000] ECUB RTE   TRIGGER DRE_LightCtl_VehicleSpeed -> Task_LightCtl
[003270000] ECUB OS    EVENT_SET Task_LightCtl mask=0x2
[003270000] ECUB OS    TASK_END Task_BswMain
[003270000] ECUB RTE   CALL R_Odometer_UpdateSpeed
[003270000] ECUB OS    TASK_WAIT Task_LightCtl mask=0x7
[003280000] ECUB OS    ALARM Alarm_BswMain
[003280000] ECUB OS    ALARM Alarm_LightCtl20ms
[003280000] ECUB OS    EVENT_SET Task_LightCtl mask=0x1
[003280000] ECUB OS    TASK_START Task_BswMain prio=4
[003280000] ECUB OS    TASK_END Task_BswMain
[003280000] ECUB OS    TASK_WAIT Task_LightCtl mask=0x7
[003290000] ECUB OS    ALARM Alarm_BswMain
[003290000] ECUB OS    ISR_ENTER Isr_CanRx
[003290000] ECUB CAN   RX id=0x101 dlc=2 data=b9 05
[003290000] ECUB CANIF RX pdu=0
[003290000] ECUB PDUR  RX canif=0 com=0
[003290000] ECUB COM   RX ipdu=0 len=2
[003290000] ECUB OS    ISR_EXIT Isr_CanRx
[003290000] ECUB OS    TASK_START Task_BswMain prio=4
[003290000] ECUB COM   NOTIFY sig=0
[003290000] ECUB RTE   TRIGGER DRE_LightCtl_VehicleSpeed -> Task_LightCtl
[003290000] ECUB OS    EVENT_SET Task_LightCtl mask=0x2
[003290000] ECUB OS    TASK_END Task_BswMain
[003290000] ECUB RTE   CALL R_Odometer_UpdateSpeed
[003290000] ECUB OS    TASK_WAIT Task_LightCtl mask=0x7
[003300000] ECUB OS    ALARM Alarm_BswMain
[003300000] ECUB OS    ALARM Alarm_LightCtl20ms
[003300000] ECUB OS    EVENT_SET Task_LightCtl mask=0x1
[003300000] ECUB SIM   RESTBUS TX id=0x301 dlc=1 data=14
[003300000] ECUB OS    ISR_ENTER Isr_CanRx
[003300000] ECUB CAN   RX id=0x301 dlc=1 data=14
[003300000] ECUB CANIF RX pdu=1
[003300000] ECUB PDUR  RX canif=1 com=1
[003300000] ECUB COM   RX ipdu=1 len=1
[003300000] ECUB OS    ISR_EXIT Isr_CanRx
[003300000] ECUB OS    TASK_START Task_BswMain prio=4
[003300000] ECUB OS    TASK_END Task_BswMain
[003300000] ECUB OS    TASK_WAIT Task_LightCtl mask=0x7
[003303000] ECUB SIM   RESTBUS TX id=0x3f0 dlc=1 data=01
[003303000] ECUB OS    ISR_ENTER Isr_CanRx
[003303000] ECUB CAN   RX id=0x3f0 dlc=1 data=01
[003303000] ECUB CANIF RX pdu=2
[003303000] ECUB PDUR  RX canif=2 com=2
[003303000] ECUB COM   RX ipdu=2 len=1
[003303000] ECUB OS    ISR_EXIT Isr_CanRx
[003310000] ECUB OS    ALARM Alarm_BswMain
[003310000] ECUB OS    ISR_ENTER Isr_CanRx
[003310000] ECUB CAN   RX id=0x101 dlc=2 data=b9 05
[003310000] ECUB CANIF RX pdu=0
[003310000] ECUB PDUR  RX canif=0 com=0
[003310000] ECUB COM   RX ipdu=0 len=2
[003310000] ECUB OS    ISR_EXIT Isr_CanRx
[003310000] ECUB OS    TASK_START Task_BswMain prio=4
[003310000] ECUB COM   NOTIFY sig=0
[003310000] ECUB RTE   TRIGGER DRE_LightCtl_VehicleSpeed -> Task_LightCtl
[003310000] ECUB OS    EVENT_SET Task_LightCtl mask=0x2
[003310000] ECUB COM   TX ipdu=3 len=6
[003310000] ECUB PDUR  TX com=3 canif=0
[003310000] ECUB CAN   TX id=0x201 dlc=6 data=00 00 5d 00 00 00
[003310000] ECUB CANIF TX pdu=0
[003310000] ECUB OS    TASK_END Task_BswMain
[003310000] ECUB RTE   CALL R_Odometer_UpdateSpeed
[003310000] ECUB OS    TASK_WAIT Task_LightCtl mask=0x7
[003320000] ECUB OS    ALARM Alarm_BswMain
[003320000] ECUB OS    ALARM Alarm_LightCtl20ms
[003320000] ECUB OS    EVENT_SET Task_LightCtl mask=0x1
[003320000] ECUB OS    TASK_START Task_BswMain prio=4
[003320000] ECUB OS    TASK_END Task_BswMain
[003320000] ECUB OS    TASK_WAIT Task_LightCtl mask=0x7
[003330000] ECUB OS    ALARM Alarm_BswMain
[003330000] ECUB OS    ISR_ENTER Isr_CanRx
[003330000] ECUB CAN   RX id=0x101 dlc=2 data=b9 05
[003330000] ECUB CANIF RX pdu=0
[003330000] ECUB PDUR  RX canif=0 com=0
[003330000] ECUB COM   RX ipdu=0 len=2
[003330000] ECUB OS    ISR_EXIT Isr_CanRx
[003330000] ECUB OS    TASK_START Task_BswMain prio=4
[003330000] ECUB COM   NOTIFY sig=0
[003330000] ECUB RTE   TRIGGER DRE_LightCtl_VehicleSpeed -> Task_LightCtl
[003330000] ECUB OS    EVENT_SET Task_LightCtl mask=0x2
[003330000] ECUB OS    TASK_END Task_BswMain
[003330000] ECUB RTE   CALL R_Odometer_UpdateSpeed
[003330000] ECUB OS    TASK_WAIT Task_LightCtl mask=0x7
[003340000] ECUB OS    ALARM Alarm_BswMain
[003340000] ECUB OS    ALARM Alarm_LightCtl20ms
[003340000] ECUB OS    EVENT_SET Task_LightCtl mask=0x1
[003340000] ECUB OS    TASK_START Task_BswMain prio=4
[003340000] ECUB OS    TASK_END Task_BswMain
[003340000] ECUB OS    TASK_WAIT Task_LightCtl mask=0x7
[003350000] ECUB OS    ALARM Alarm_BswMain
[003350000] ECUB OS    ISR_ENTER Isr_CanRx
[003350000] ECUB CAN   RX id=0x101 dlc=2 data=b9 05
[003350000] ECUB CANIF RX pdu=0
[003350000] ECUB PDUR  RX canif=0 com=0
[003350000] ECUB COM   RX ipdu=0 len=2
[003350000] ECUB OS    ISR_EXIT Isr_CanRx
[003350000] ECUB OS    TASK_START Task_BswMain prio=4
[003350000] ECUB COM   NOTIFY sig=0
[003350000] ECUB RTE   TRIGGER DRE_LightCtl_VehicleSpeed -> Task_LightCtl
[003350000] ECUB OS    EVENT_SET Task_LightCtl mask=0x2
[003350000] ECUB OS    TASK_END Task_BswMain
[003350000] ECUB RTE   CALL R_Odometer_UpdateSpeed
[003350000] ECUB OS    TASK_WAIT Task_LightCtl mask=0x7
[003360000] ECUB OS    ALARM Alarm_BswMain
[003360000] ECUB OS    ALARM Alarm_LightCtl20ms
[003360000] ECUB OS    EVENT_SET Task_LightCtl mask=0x1
[003360000] ECUB OS    TASK_START Task_BswMain prio=4
[003360000] ECUB OS    TASK_END Task_BswMain
[003360000] ECUB OS    TASK_WAIT Task_LightCtl mask=0x7
[003370000] ECUB OS    ALARM Alarm_BswMain
[003370000] ECUB OS    ISR_ENTER Isr_CanRx
[003370000] ECUB CAN   RX id=0x101 dlc=2 data=b9 05
[003370000] ECUB CANIF RX pdu=0
[003370000] ECUB PDUR  RX canif=0 com=0
[003370000] ECUB COM   RX ipdu=0 len=2
[003370000] ECUB OS    ISR_EXIT Isr_CanRx
[003370000] ECUB OS    TASK_START Task_BswMain prio=4
[003370000] ECUB COM   NOTIFY sig=0
[003370000] ECUB RTE   TRIGGER DRE_LightCtl_VehicleSpeed -> Task_LightCtl
[003370000] ECUB OS    EVENT_SET Task_LightCtl mask=0x2
[003370000] ECUB OS    TASK_END Task_BswMain
[003370000] ECUB RTE   CALL R_Odometer_UpdateSpeed
[003370000] ECUB OS    TASK_WAIT Task_LightCtl mask=0x7
[003380000] ECUB OS    ALARM Alarm_BswMain
[003380000] ECUB OS    ALARM Alarm_LightCtl20ms
[003380000] ECUB OS    EVENT_SET Task_LightCtl mask=0x1
[003380000] ECUB OS    TASK_START Task_BswMain prio=4
[003380000] ECUB OS    TASK_END Task_BswMain
[003380000] ECUB OS    TASK_WAIT Task_LightCtl mask=0x7
[003390000] ECUB OS    ALARM Alarm_BswMain
[003390000] ECUB OS    ISR_ENTER Isr_CanRx
[003390000] ECUB CAN   RX id=0x101 dlc=2 data=b9 05
[003390000] ECUB CANIF RX pdu=0
[003390000] ECUB PDUR  RX canif=0 com=0
[003390000] ECUB COM   RX ipdu=0 len=2
[003390000] ECUB OS    ISR_EXIT Isr_CanRx
[003390000] ECUB OS    TASK_START Task_BswMain prio=4
[003390000] ECUB COM   NOTIFY sig=0
[003390000] ECUB RTE   TRIGGER DRE_LightCtl_VehicleSpeed -> Task_LightCtl
[003390000] ECUB OS    EVENT_SET Task_LightCtl mask=0x2
[003390000] ECUB OS    TASK_END Task_BswMain
[003390000] ECUB RTE   CALL R_Odometer_UpdateSpeed
[003390000] ECUB OS    TASK_WAIT Task_LightCtl mask=0x7
[003400000] ECUB OS    ALARM Alarm_BswMain
[003400000] ECUB OS    ALARM Alarm_LightCtl20ms
[003400000] ECUB OS    EVENT_SET Task_LightCtl mask=0x1
[003400000] ECUB SIM   RESTBUS TX id=0x301 dlc=1 data=14
[003400000] ECUB OS    ISR_ENTER Isr_CanRx
[003400000] ECUB CAN   RX id=0x301 dlc=1 data=14
[003400000] ECUB CANIF RX pdu=1
[003400000] ECUB PDUR  RX canif=1 com=1
[003400000] ECUB COM   RX ipdu=1 len=1
[003400000] ECUB OS    ISR_EXIT Isr_CanRx
[003400000] ECUB OS    TASK_START Task_BswMain prio=4
[003400000] ECUB OS    TASK_END Task_BswMain
[003400000] ECUB OS    TASK_WAIT Task_LightCtl mask=0x7
[003403000] ECUB SIM   RESTBUS TX id=0x3f0 dlc=1 data=01
[003403000] ECUB OS    ISR_ENTER Isr_CanRx
[003403000] ECUB CAN   RX id=0x3f0 dlc=1 data=01
[003403000] ECUB CANIF RX pdu=2
[003403000] ECUB PDUR  RX canif=2 com=2
[003403000] ECUB COM   RX ipdu=2 len=1
[003403000] ECUB OS    ISR_EXIT Isr_CanRx
[003410000] ECUB OS    ALARM Alarm_BswMain
[003410000] ECUB OS    ISR_ENTER Isr_CanRx
[003410000] ECUB CAN   RX id=0x101 dlc=2 data=b9 05
[003410000] ECUB CANIF RX pdu=0
[003410000] ECUB PDUR  RX canif=0 com=0
[003410000] ECUB COM   RX ipdu=0 len=2
[003410000] ECUB OS    ISR_EXIT Isr_CanRx
[003410000] ECUB OS    TASK_START Task_BswMain prio=4
[003410000] ECUB COM   NOTIFY sig=0
[003410000] ECUB RTE   TRIGGER DRE_LightCtl_VehicleSpeed -> Task_LightCtl
[003410000] ECUB OS    EVENT_SET Task_LightCtl mask=0x2
[003410000] ECUB COM   TX ipdu=3 len=6
[003410000] ECUB PDUR  TX com=3 canif=0
[003410000] ECUB CAN   TX id=0x201 dlc=6 data=00 00 5d 00 00 00
[003410000] ECUB CANIF TX pdu=0
[003410000] ECUB OS    TASK_END Task_BswMain
[003410000] ECUB RTE   CALL R_Odometer_UpdateSpeed
[003410000] ECUB OS    TASK_WAIT Task_LightCtl mask=0x7
[003420000] ECUB OS    ALARM Alarm_BswMain
[003420000] ECUB OS    ALARM Alarm_LightCtl20ms
[003420000] ECUB OS    EVENT_SET Task_LightCtl mask=0x1
[003420000] ECUB OS    TASK_START Task_BswMain prio=4
[003420000] ECUB OS    TASK_END Task_BswMain
[003420000] ECUB OS    TASK_WAIT Task_LightCtl mask=0x7
[003430000] ECUB OS    ALARM Alarm_BswMain
[003430000] ECUB OS    ISR_ENTER Isr_CanRx
[003430000] ECUB CAN   RX id=0x101 dlc=2 data=b9 05
[003430000] ECUB CANIF RX pdu=0
[003430000] ECUB PDUR  RX canif=0 com=0
[003430000] ECUB COM   RX ipdu=0 len=2
[003430000] ECUB OS    ISR_EXIT Isr_CanRx
[003430000] ECUB OS    TASK_START Task_BswMain prio=4
[003430000] ECUB COM   NOTIFY sig=0
[003430000] ECUB RTE   TRIGGER DRE_LightCtl_VehicleSpeed -> Task_LightCtl
[003430000] ECUB OS    EVENT_SET Task_LightCtl mask=0x2
[003430000] ECUB OS    TASK_END Task_BswMain
[003430000] ECUB RTE   CALL R_Odometer_UpdateSpeed
[003430000] ECUB OS    TASK_WAIT Task_LightCtl mask=0x7
[003440000] ECUB OS    ALARM Alarm_BswMain
[003440000] ECUB OS    ALARM Alarm_LightCtl20ms
[003440000] ECUB OS    EVENT_SET Task_LightCtl mask=0x1
[003440000] ECUB OS    TASK_START Task_BswMain prio=4
[003440000] ECUB OS    TASK_END Task_BswMain
[003440000] ECUB OS    TASK_WAIT Task_LightCtl mask=0x7
[003450000] ECUB OS    ALARM Alarm_BswMain
[003450000] ECUB OS    ISR_ENTER Isr_CanRx
[003450000] ECUB CAN   RX id=0x101 dlc=2 data=b9 05
[003450000] ECUB CANIF RX pdu=0
[003450000] ECUB PDUR  RX canif=0 com=0
[003450000] ECUB COM   RX ipdu=0 len=2
[003450000] ECUB OS    ISR_EXIT Isr_CanRx
[003450000] ECUB OS    TASK_START Task_BswMain prio=4
[003450000] ECUB COM   NOTIFY sig=0
[003450000] ECUB RTE   TRIGGER DRE_LightCtl_VehicleSpeed -> Task_LightCtl
[003450000] ECUB OS    EVENT_SET Task_LightCtl mask=0x2
[003450000] ECUB OS    TASK_END Task_BswMain
[003450000] ECUB RTE   CALL R_Odometer_UpdateSpeed
[003450000] ECUB OS    TASK_WAIT Task_LightCtl mask=0x7
[003460000] ECUB OS    ALARM Alarm_BswMain
[003460000] ECUB OS    ALARM Alarm_LightCtl20ms
[003460000] ECUB OS    EVENT_SET Task_LightCtl mask=0x1
[003460000] ECUB OS    TASK_START Task_BswMain prio=4
[003460000] ECUB OS    TASK_END Task_BswMain
[003460000] ECUB OS    TASK_WAIT Task_LightCtl mask=0x7
[003470000] ECUB OS    ALARM Alarm_BswMain
[003470000] ECUB OS    ISR_ENTER Isr_CanRx
[003470000] ECUB CAN   RX id=0x101 dlc=2 data=b9 05
[003470000] ECUB CANIF RX pdu=0
[003470000] ECUB PDUR  RX canif=0 com=0
[003470000] ECUB COM   RX ipdu=0 len=2
[003470000] ECUB OS    ISR_EXIT Isr_CanRx
[003470000] ECUB OS    TASK_START Task_BswMain prio=4
[003470000] ECUB COM   NOTIFY sig=0
[003470000] ECUB RTE   TRIGGER DRE_LightCtl_VehicleSpeed -> Task_LightCtl
[003470000] ECUB OS    EVENT_SET Task_LightCtl mask=0x2
[003470000] ECUB OS    TASK_END Task_BswMain
[003470000] ECUB RTE   CALL R_Odometer_UpdateSpeed
[003470000] ECUB OS    TASK_WAIT Task_LightCtl mask=0x7
[003480000] ECUB OS    ALARM Alarm_BswMain
[003480000] ECUB OS    ALARM Alarm_LightCtl20ms
[003480000] ECUB OS    EVENT_SET Task_LightCtl mask=0x1
[003480000] ECUB OS    TASK_START Task_BswMain prio=4
[003480000] ECUB OS    TASK_END Task_BswMain
[003480000] ECUB OS    TASK_WAIT Task_LightCtl mask=0x7
[003490000] ECUB OS    ALARM Alarm_BswMain
[003490000] ECUB OS    ISR_ENTER Isr_CanRx
[003490000] ECUB CAN   RX id=0x101 dlc=2 data=b9 05
[003490000] ECUB CANIF RX pdu=0
[003490000] ECUB PDUR  RX canif=0 com=0
[003490000] ECUB COM   RX ipdu=0 len=2
[003490000] ECUB OS    ISR_EXIT Isr_CanRx
[003490000] ECUB OS    TASK_START Task_BswMain prio=4
[003490000] ECUB COM   NOTIFY sig=0
[003490000] ECUB RTE   TRIGGER DRE_LightCtl_VehicleSpeed -> Task_LightCtl
[003490000] ECUB OS    EVENT_SET Task_LightCtl mask=0x2
[003490000] ECUB OS    TASK_END Task_BswMain
[003490000] ECUB RTE   CALL R_Odometer_UpdateSpeed
[003490000] ECUB OS    TASK_WAIT Task_LightCtl mask=0x7
[003500000] ECUB OS    ALARM Alarm_BswMain
[003500000] ECUB OS    ALARM Alarm_LightCtl20ms
[003500000] ECUB OS    EVENT_SET Task_LightCtl mask=0x1
[003500000] ECUB SIM   RESTBUS TX id=0x301 dlc=1 data=14
[003500000] ECUB OS    ISR_ENTER Isr_CanRx
[003500000] ECUB CAN   RX id=0x301 dlc=1 data=14
[003500000] ECUB CANIF RX pdu=1
[003500000] ECUB PDUR  RX canif=1 com=1
[003500000] ECUB COM   RX ipdu=1 len=1
[003500000] ECUB OS    ISR_EXIT Isr_CanRx
[003500000] ECUB OS    TASK_START Task_BswMain prio=4
[003500000] ECUB OS    TASK_END Task_BswMain
[003500000] ECUB OS    TASK_WAIT Task_LightCtl mask=0x7
[003503000] ECUB SIM   RESTBUS TX id=0x3f0 dlc=1 data=00
[003503000] ECUB OS    ISR_ENTER Isr_CanRx
[003503000] ECUB CAN   RX id=0x3f0 dlc=1 data=00
[003503000] ECUB CANIF RX pdu=2
[003503000] ECUB PDUR  RX canif=2 com=2
[003503000] ECUB COM   RX ipdu=2 len=1
[003503000] ECUB OS    ISR_EXIT Isr_CanRx
[003510000] ECUB OS    ALARM Alarm_BswMain
[003510000] ECUB OS    ISR_ENTER Isr_CanRx
[003510000] ECUB CAN   RX id=0x101 dlc=2 data=b9 05
[003510000] ECUB CANIF RX pdu=0
[003510000] ECUB PDUR  RX canif=0 com=0
[003510000] ECUB COM   RX ipdu=0 len=2
[003510000] ECUB OS    ISR_EXIT Isr_CanRx
[003510000] ECUB OS    TASK_START Task_BswMain prio=4
[003510000] ECUB COM   NOTIFY sig=0
[003510000] ECUB RTE   TRIGGER DRE_LightCtl_VehicleSpeed -> Task_LightCtl
[003510000] ECUB OS    EVENT_SET Task_LightCtl mask=0x2
[003510000] ECUB COM   TX ipdu=3 len=6
[003510000] ECUB PDUR  TX com=3 canif=0
[003510000] ECUB CAN   TX id=0x201 dlc=6 data=00 00 5d 00 00 00
[003510000] ECUB CANIF TX pdu=0
[003510000] ECUB BSW   BSWM RULE R_EcuModeRequest FALSE
[003510000] ECUB RTE   MODE EcuMode=RUN
[003510000] ECUB RTE   TRIGGER MSE_LightCtl_EnterRun -> Task_LightCtl
[003510000] ECUB OS    EVENT_SET Task_LightCtl mask=0x4
[003510000] ECUB BSW   BSWM ACTION Rte_SwitchRun2 rc=0
[003510000] ECUB OS    TASK_END Task_BswMain
[003510000] ECUB RTE   CALL R_Odometer_UpdateSpeed
[003510000] ECUB OS    TASK_WAIT Task_LightCtl mask=0x7
[003520000] ECUB OS    ALARM Alarm_BswMain
[003520000] ECUB OS    ALARM Alarm_LightCtl20ms
[003520000] ECUB OS    EVENT_SET Task_LightCtl mask=0x1
[003520000] ECUB OS    TASK_START Task_BswMain prio=4
[003520000] ECUB OS    TASK_END Task_BswMain
[003520000] ECUB SWC   LightCtl cmd=2 speed=1465 ambient=20 postrun=0
[003520000] ECUB RTE   WRITE P_HeadlightCmd_HeadlightCmd=2
[003520000] ECUB RTE   TRIGGER DRE_Actuator_HeadlightCmd -> Task_LightAct
[003520000] ECUB OS    TASK_WAIT Task_LightCtl mask=0x7
[003520000] ECUB OS    TASK_START Task_LightAct prio=2
[003520000] ECUB RTE   CALL R_Odometer_GetDistance
[003520000] ECUB RTE   CALL R_LightHw_SetHeadlight
[003520000] ECUB SIM   GPIO PC7=1
[003520000] ECUB SIM   GPIO PB7=1
[003520000] ECUB BSW   IOHWAB LIGHT state=2
[003520000] ECUB SWC   Actuator state=2 dist=114
[003520000] ECUB RTE   WRITE P_HeadlightStatus_HeadlightStatus=2
[003520000] ECUB RTE   WRITE P_OdometerDistance_Distance=114
[003520000] ECUB OS    TASK_END Task_LightAct
[003530000] ECUB OS    ALARM Alarm_BswMain
[003530000] ECUB OS    ISR_ENTER Isr_CanRx
[003530000] ECUB CAN   RX id=0x101 dlc=2 data=b9 05
[003530000] ECUB CANIF RX pdu=0
[003530000] ECUB PDUR  RX canif=0 com=0
[003530000] ECUB COM   RX ipdu=0 len=2
[003530000] ECUB OS    ISR_EXIT Isr_CanRx
[003530000] ECUB OS    TASK_START Task_BswMain prio=4
[003530000] ECUB COM   NOTIFY sig=0
[003530000] ECUB RTE   TRIGGER DRE_LightCtl_VehicleSpeed -> Task_LightCtl
[003530000] ECUB OS    EVENT_SET Task_LightCtl mask=0x2
[003530000] ECUB OS    TASK_END Task_BswMain
[003530000] ECUB RTE   CALL R_Odometer_UpdateSpeed
[003530000] ECUB OS    TASK_WAIT Task_LightCtl mask=0x7
[003540000] ECUB OS    ALARM Alarm_BswMain
[003540000] ECUB OS    ALARM Alarm_LightCtl20ms
[003540000] ECUB OS    EVENT_SET Task_LightCtl mask=0x1
[003540000] ECUB OS    TASK_START Task_BswMain prio=4
[003540000] ECUB OS    TASK_END Task_BswMain
[003540000] ECUB RTE   WRITE P_HeadlightCmd_HeadlightCmd=2
[003540000] ECUB RTE   TRIGGER DRE_Actuator_HeadlightCmd -> Task_LightAct
[003540000] ECUB OS    TASK_WAIT Task_LightCtl mask=0x7
[003540000] ECUB OS    TASK_START Task_LightAct prio=2
[003540000] ECUB RTE   CALL R_Odometer_GetDistance
[003540000] ECUB RTE   WRITE P_HeadlightStatus_HeadlightStatus=2
[003540000] ECUB RTE   WRITE P_OdometerDistance_Distance=115
[003540000] ECUB OS    TASK_END Task_LightAct
[003550000] ECUB OS    ALARM Alarm_BswMain
[003550000] ECUB OS    ISR_ENTER Isr_CanRx
[003550000] ECUB CAN   RX id=0x101 dlc=2 data=b9 05
[003550000] ECUB CANIF RX pdu=0
[003550000] ECUB PDUR  RX canif=0 com=0
[003550000] ECUB COM   RX ipdu=0 len=2
[003550000] ECUB OS    ISR_EXIT Isr_CanRx
[003550000] ECUB OS    TASK_START Task_BswMain prio=4
[003550000] ECUB COM   NOTIFY sig=0
[003550000] ECUB RTE   TRIGGER DRE_LightCtl_VehicleSpeed -> Task_LightCtl
[003550000] ECUB OS    EVENT_SET Task_LightCtl mask=0x2
[003550000] ECUB OS    TASK_END Task_BswMain
[003550000] ECUB RTE   CALL R_Odometer_UpdateSpeed
[003550000] ECUB OS    TASK_WAIT Task_LightCtl mask=0x7
[003560000] ECUB OS    ALARM Alarm_BswMain
[003560000] ECUB OS    ALARM Alarm_LightCtl20ms
[003560000] ECUB OS    EVENT_SET Task_LightCtl mask=0x1
[003560000] ECUB OS    TASK_START Task_BswMain prio=4
[003560000] ECUB OS    TASK_END Task_BswMain
[003560000] ECUB RTE   WRITE P_HeadlightCmd_HeadlightCmd=2
[003560000] ECUB RTE   TRIGGER DRE_Actuator_HeadlightCmd -> Task_LightAct
[003560000] ECUB OS    TASK_WAIT Task_LightCtl mask=0x7
[003560000] ECUB OS    TASK_START Task_LightAct prio=2
[003560000] ECUB RTE   CALL R_Odometer_GetDistance
[003560000] ECUB RTE   WRITE P_HeadlightStatus_HeadlightStatus=2
[003560000] ECUB RTE   WRITE P_OdometerDistance_Distance=115
[003560000] ECUB OS    TASK_END Task_LightAct
[003570000] ECUB OS    ALARM Alarm_BswMain
[003570000] ECUB OS    ISR_ENTER Isr_CanRx
[003570000] ECUB CAN   RX id=0x101 dlc=2 data=b9 05
[003570000] ECUB CANIF RX pdu=0
[003570000] ECUB PDUR  RX canif=0 com=0
[003570000] ECUB COM   RX ipdu=0 len=2
[003570000] ECUB OS    ISR_EXIT Isr_CanRx
[003570000] ECUB OS    TASK_START Task_BswMain prio=4
[003570000] ECUB COM   NOTIFY sig=0
[003570000] ECUB RTE   TRIGGER DRE_LightCtl_VehicleSpeed -> Task_LightCtl
[003570000] ECUB OS    EVENT_SET Task_LightCtl mask=0x2
[003570000] ECUB OS    TASK_END Task_BswMain
[003570000] ECUB RTE   CALL R_Odometer_UpdateSpeed
[003570000] ECUB OS    TASK_WAIT Task_LightCtl mask=0x7
[003580000] ECUB OS    ALARM Alarm_BswMain
[003580000] ECUB OS    ALARM Alarm_LightCtl20ms
[003580000] ECUB OS    EVENT_SET Task_LightCtl mask=0x1
[003580000] ECUB OS    TASK_START Task_BswMain prio=4
[003580000] ECUB OS    TASK_END Task_BswMain
[003580000] ECUB RTE   WRITE P_HeadlightCmd_HeadlightCmd=2
[003580000] ECUB RTE   TRIGGER DRE_Actuator_HeadlightCmd -> Task_LightAct
[003580000] ECUB OS    TASK_WAIT Task_LightCtl mask=0x7
[003580000] ECUB OS    TASK_START Task_LightAct prio=2
[003580000] ECUB RTE   CALL R_Odometer_GetDistance
[003580000] ECUB RTE   WRITE P_HeadlightStatus_HeadlightStatus=2
[003580000] ECUB RTE   WRITE P_OdometerDistance_Distance=116
[003580000] ECUB OS    TASK_END Task_LightAct
[003590000] ECUB OS    ALARM Alarm_BswMain
[003590000] ECUB OS    ISR_ENTER Isr_CanRx
[003590000] ECUB CAN   RX id=0x101 dlc=2 data=b9 05
[003590000] ECUB CANIF RX pdu=0
[003590000] ECUB PDUR  RX canif=0 com=0
[003590000] ECUB COM   RX ipdu=0 len=2
[003590000] ECUB OS    ISR_EXIT Isr_CanRx
[003590000] ECUB OS    TASK_START Task_BswMain prio=4
[003590000] ECUB COM   NOTIFY sig=0
[003590000] ECUB RTE   TRIGGER DRE_LightCtl_VehicleSpeed -> Task_LightCtl
[003590000] ECUB OS    EVENT_SET Task_LightCtl mask=0x2
[003590000] ECUB OS    TASK_END Task_BswMain
[003590000] ECUB RTE   CALL R_Odometer_UpdateSpeed
[003590000] ECUB OS    TASK_WAIT Task_LightCtl mask=0x7
[003600000] ECUB OS    ALARM Alarm_BswMain
[003600000] ECUB OS    ALARM Alarm_LightCtl20ms
[003600000] ECUB OS    EVENT_SET Task_LightCtl mask=0x1
[003600000] ECUB SIM   RESTBUS TX id=0x301 dlc=1 data=14
[003600000] ECUB OS    ISR_ENTER Isr_CanRx
[003600000] ECUB CAN   RX id=0x301 dlc=1 data=14
[003600000] ECUB CANIF RX pdu=1
[003600000] ECUB PDUR  RX canif=1 com=1
[003600000] ECUB COM   RX ipdu=1 len=1
[003600000] ECUB OS    ISR_EXIT Isr_CanRx
[003600000] ECUB OS    TASK_START Task_BswMain prio=4
[003600000] ECUB OS    TASK_END Task_BswMain
[003600000] ECUB RTE   WRITE P_HeadlightCmd_HeadlightCmd=2
[003600000] ECUB RTE   TRIGGER DRE_Actuator_HeadlightCmd -> Task_LightAct
[003600000] ECUB OS    TASK_WAIT Task_LightCtl mask=0x7
[003600000] ECUB OS    TASK_START Task_LightAct prio=2
[003600000] ECUB RTE   CALL R_Odometer_GetDistance
[003600000] ECUB RTE   WRITE P_HeadlightStatus_HeadlightStatus=2
[003600000] ECUB RTE   WRITE P_OdometerDistance_Distance=117
[003600000] ECUB OS    TASK_END Task_LightAct
[003603000] ECUB SIM   RESTBUS TX id=0x3f0 dlc=1 data=00
[003603000] ECUB OS    ISR_ENTER Isr_CanRx
[003603000] ECUB CAN   RX id=0x3f0 dlc=1 data=00
[003603000] ECUB CANIF RX pdu=2
[003603000] ECUB PDUR  RX canif=2 com=2
[003603000] ECUB COM   RX ipdu=2 len=1
[003603000] ECUB OS    ISR_EXIT Isr_CanRx
[003610000] ECUB OS    ALARM Alarm_BswMain
[003610000] ECUB OS    ISR_ENTER Isr_CanRx
[003610000] ECUB CAN   RX id=0x101 dlc=2 data=b9 05
[003610000] ECUB CANIF RX pdu=0
[003610000] ECUB PDUR  RX canif=0 com=0
[003610000] ECUB COM   RX ipdu=0 len=2
[003610000] ECUB OS    ISR_EXIT Isr_CanRx
[003610000] ECUB OS    TASK_START Task_BswMain prio=4
[003610000] ECUB COM   NOTIFY sig=0
[003610000] ECUB RTE   TRIGGER DRE_LightCtl_VehicleSpeed -> Task_LightCtl
[003610000] ECUB OS    EVENT_SET Task_LightCtl mask=0x2
[003610000] ECUB COM   TX ipdu=3 len=6
[003610000] ECUB PDUR  TX com=3 canif=0
[003610000] ECUB CAN   TX id=0x201 dlc=6 data=02 00 75 00 00 00
[003610000] ECUB CANIF TX pdu=0
[003610000] ECUB OS    TASK_END Task_BswMain
[003610000] ECUB RTE   CALL R_Odometer_UpdateSpeed
[003610000] ECUB OS    TASK_WAIT Task_LightCtl mask=0x7
[003620000] ECUB OS    ALARM Alarm_BswMain
[003620000] ECUB OS    ALARM Alarm_LightCtl20ms
[003620000] ECUB OS    EVENT_SET Task_LightCtl mask=0x1
[003620000] ECUB OS    TASK_START Task_BswMain prio=4
[003620000] ECUB OS    TASK_END Task_BswMain
[003620000] ECUB RTE   WRITE P_HeadlightCmd_HeadlightCmd=2
[003620000] ECUB RTE   TRIGGER DRE_Actuator_HeadlightCmd -> Task_LightAct
[003620000] ECUB OS    TASK_WAIT Task_LightCtl mask=0x7
[003620000] ECUB OS    TASK_START Task_LightAct prio=2
[003620000] ECUB RTE   CALL R_Odometer_GetDistance
[003620000] ECUB RTE   WRITE P_HeadlightStatus_HeadlightStatus=2
[003620000] ECUB RTE   WRITE P_OdometerDistance_Distance=118
[003620000] ECUB OS    TASK_END Task_LightAct
[003630000] ECUB OS    ALARM Alarm_BswMain
[003630000] ECUB OS    ISR_ENTER Isr_CanRx
[003630000] ECUB CAN   RX id=0x101 dlc=2 data=b9 05
[003630000] ECUB CANIF RX pdu=0
[003630000] ECUB PDUR  RX canif=0 com=0
[003630000] ECUB COM   RX ipdu=0 len=2
[003630000] ECUB OS    ISR_EXIT Isr_CanRx
[003630000] ECUB OS    TASK_START Task_BswMain prio=4
[003630000] ECUB COM   NOTIFY sig=0
[003630000] ECUB RTE   TRIGGER DRE_LightCtl_VehicleSpeed -> Task_LightCtl
[003630000] ECUB OS    EVENT_SET Task_LightCtl mask=0x2
[003630000] ECUB OS    TASK_END Task_BswMain
[003630000] ECUB RTE   CALL R_Odometer_UpdateSpeed
[003630000] ECUB OS    TASK_WAIT Task_LightCtl mask=0x7
[003640000] ECUB OS    ALARM Alarm_BswMain
[003640000] ECUB OS    ALARM Alarm_LightCtl20ms
[003640000] ECUB OS    EVENT_SET Task_LightCtl mask=0x1
[003640000] ECUB OS    TASK_START Task_BswMain prio=4
[003640000] ECUB OS    TASK_END Task_BswMain
[003640000] ECUB RTE   WRITE P_HeadlightCmd_HeadlightCmd=2
[003640000] ECUB RTE   TRIGGER DRE_Actuator_HeadlightCmd -> Task_LightAct
[003640000] ECUB OS    TASK_WAIT Task_LightCtl mask=0x7
[003640000] ECUB OS    TASK_START Task_LightAct prio=2
[003640000] ECUB RTE   CALL R_Odometer_GetDistance
[003640000] ECUB RTE   WRITE P_HeadlightStatus_HeadlightStatus=2
[003640000] ECUB RTE   WRITE P_OdometerDistance_Distance=119
[003640000] ECUB OS    TASK_END Task_LightAct
[003650000] ECUB OS    ALARM Alarm_BswMain
[003650000] ECUB OS    ISR_ENTER Isr_CanRx
[003650000] ECUB CAN   RX id=0x101 dlc=2 data=b9 05
[003650000] ECUB CANIF RX pdu=0
[003650000] ECUB PDUR  RX canif=0 com=0
[003650000] ECUB COM   RX ipdu=0 len=2
[003650000] ECUB OS    ISR_EXIT Isr_CanRx
[003650000] ECUB OS    TASK_START Task_BswMain prio=4
[003650000] ECUB COM   NOTIFY sig=0
[003650000] ECUB RTE   TRIGGER DRE_LightCtl_VehicleSpeed -> Task_LightCtl
[003650000] ECUB OS    EVENT_SET Task_LightCtl mask=0x2
[003650000] ECUB OS    TASK_END Task_BswMain
[003650000] ECUB RTE   CALL R_Odometer_UpdateSpeed
[003650000] ECUB OS    TASK_WAIT Task_LightCtl mask=0x7
[003660000] ECUB OS    ALARM Alarm_BswMain
[003660000] ECUB OS    ALARM Alarm_LightCtl20ms
[003660000] ECUB OS    EVENT_SET Task_LightCtl mask=0x1
[003660000] ECUB OS    TASK_START Task_BswMain prio=4
[003660000] ECUB OS    TASK_END Task_BswMain
[003660000] ECUB RTE   WRITE P_HeadlightCmd_HeadlightCmd=2
[003660000] ECUB RTE   TRIGGER DRE_Actuator_HeadlightCmd -> Task_LightAct
[003660000] ECUB OS    TASK_WAIT Task_LightCtl mask=0x7
[003660000] ECUB OS    TASK_START Task_LightAct prio=2
[003660000] ECUB RTE   CALL R_Odometer_GetDistance
[003660000] ECUB RTE   WRITE P_HeadlightStatus_HeadlightStatus=2
[003660000] ECUB RTE   WRITE P_OdometerDistance_Distance=119
[003660000] ECUB OS    TASK_END Task_LightAct
[003670000] ECUB OS    ALARM Alarm_BswMain
[003670000] ECUB OS    ISR_ENTER Isr_CanRx
[003670000] ECUB CAN   RX id=0x101 dlc=2 data=b9 05
[003670000] ECUB CANIF RX pdu=0
[003670000] ECUB PDUR  RX canif=0 com=0
[003670000] ECUB COM   RX ipdu=0 len=2
[003670000] ECUB OS    ISR_EXIT Isr_CanRx
[003670000] ECUB OS    TASK_START Task_BswMain prio=4
[003670000] ECUB COM   NOTIFY sig=0
[003670000] ECUB RTE   TRIGGER DRE_LightCtl_VehicleSpeed -> Task_LightCtl
[003670000] ECUB OS    EVENT_SET Task_LightCtl mask=0x2
[003670000] ECUB OS    TASK_END Task_BswMain
[003670000] ECUB RTE   CALL R_Odometer_UpdateSpeed
[003670000] ECUB OS    TASK_WAIT Task_LightCtl mask=0x7
[003680000] ECUB OS    ALARM Alarm_BswMain
[003680000] ECUB OS    ALARM Alarm_LightCtl20ms
[003680000] ECUB OS    EVENT_SET Task_LightCtl mask=0x1
[003680000] ECUB OS    TASK_START Task_BswMain prio=4
[003680000] ECUB OS    TASK_END Task_BswMain
[003680000] ECUB RTE   WRITE P_HeadlightCmd_HeadlightCmd=2
[003680000] ECUB RTE   TRIGGER DRE_Actuator_HeadlightCmd -> Task_LightAct
[003680000] ECUB OS    TASK_WAIT Task_LightCtl mask=0x7
[003680000] ECUB OS    TASK_START Task_LightAct prio=2
[003680000] ECUB RTE   CALL R_Odometer_GetDistance
[003680000] ECUB RTE   WRITE P_HeadlightStatus_HeadlightStatus=2
[003680000] ECUB RTE   WRITE P_OdometerDistance_Distance=120
[003680000] ECUB OS    TASK_END Task_LightAct
[003690000] ECUB OS    ALARM Alarm_BswMain
[003690000] ECUB OS    ISR_ENTER Isr_CanRx
[003690000] ECUB CAN   RX id=0x101 dlc=2 data=b9 05
[003690000] ECUB CANIF RX pdu=0
[003690000] ECUB PDUR  RX canif=0 com=0
[003690000] ECUB COM   RX ipdu=0 len=2
[003690000] ECUB OS    ISR_EXIT Isr_CanRx
[003690000] ECUB OS    TASK_START Task_BswMain prio=4
[003690000] ECUB COM   NOTIFY sig=0
[003690000] ECUB RTE   TRIGGER DRE_LightCtl_VehicleSpeed -> Task_LightCtl
[003690000] ECUB OS    EVENT_SET Task_LightCtl mask=0x2
[003690000] ECUB OS    TASK_END Task_BswMain
[003690000] ECUB RTE   CALL R_Odometer_UpdateSpeed
[003690000] ECUB OS    TASK_WAIT Task_LightCtl mask=0x7
[003700000] ECUB OS    ALARM Alarm_BswMain
[003700000] ECUB OS    ALARM Alarm_LightCtl20ms
[003700000] ECUB OS    EVENT_SET Task_LightCtl mask=0x1
[003700000] ECUB SIM   RESTBUS TX id=0x301 dlc=1 data=14
[003700000] ECUB OS    ISR_ENTER Isr_CanRx
[003700000] ECUB CAN   RX id=0x301 dlc=1 data=14
[003700000] ECUB CANIF RX pdu=1
[003700000] ECUB PDUR  RX canif=1 com=1
[003700000] ECUB COM   RX ipdu=1 len=1
[003700000] ECUB OS    ISR_EXIT Isr_CanRx
[003700000] ECUB OS    TASK_START Task_BswMain prio=4
[003700000] ECUB OS    TASK_END Task_BswMain
[003700000] ECUB RTE   WRITE P_HeadlightCmd_HeadlightCmd=2
[003700000] ECUB RTE   TRIGGER DRE_Actuator_HeadlightCmd -> Task_LightAct
[003700000] ECUB OS    TASK_WAIT Task_LightCtl mask=0x7
[003700000] ECUB OS    TASK_START Task_LightAct prio=2
[003700000] ECUB RTE   CALL R_Odometer_GetDistance
[003700000] ECUB RTE   WRITE P_HeadlightStatus_HeadlightStatus=2
[003700000] ECUB RTE   WRITE P_OdometerDistance_Distance=121
[003700000] ECUB OS    TASK_END Task_LightAct
[003703000] ECUB SIM   RESTBUS TX id=0x3f0 dlc=1 data=00
[003703000] ECUB OS    ISR_ENTER Isr_CanRx
[003703000] ECUB CAN   RX id=0x3f0 dlc=1 data=00
[003703000] ECUB CANIF RX pdu=2
[003703000] ECUB PDUR  RX canif=2 com=2
[003703000] ECUB COM   RX ipdu=2 len=1
[003703000] ECUB OS    ISR_EXIT Isr_CanRx
[003710000] ECUB OS    ALARM Alarm_BswMain
[003710000] ECUB OS    ISR_ENTER Isr_CanRx
[003710000] ECUB CAN   RX id=0x101 dlc=2 data=b9 05
[003710000] ECUB CANIF RX pdu=0
[003710000] ECUB PDUR  RX canif=0 com=0
[003710000] ECUB COM   RX ipdu=0 len=2
[003710000] ECUB OS    ISR_EXIT Isr_CanRx
[003710000] ECUB OS    TASK_START Task_BswMain prio=4
[003710000] ECUB COM   NOTIFY sig=0
[003710000] ECUB RTE   TRIGGER DRE_LightCtl_VehicleSpeed -> Task_LightCtl
[003710000] ECUB OS    EVENT_SET Task_LightCtl mask=0x2
[003710000] ECUB COM   TX ipdu=3 len=6
[003710000] ECUB PDUR  TX com=3 canif=0
[003710000] ECUB CAN   TX id=0x201 dlc=6 data=02 00 79 00 00 00
[003710000] ECUB CANIF TX pdu=0
[003710000] ECUB OS    TASK_END Task_BswMain
[003710000] ECUB RTE   CALL R_Odometer_UpdateSpeed
[003710000] ECUB OS    TASK_WAIT Task_LightCtl mask=0x7
[003720000] ECUB OS    ALARM Alarm_BswMain
[003720000] ECUB OS    ALARM Alarm_LightCtl20ms
[003720000] ECUB OS    EVENT_SET Task_LightCtl mask=0x1
[003720000] ECUB OS    TASK_START Task_BswMain prio=4
[003720000] ECUB OS    TASK_END Task_BswMain
[003720000] ECUB RTE   WRITE P_HeadlightCmd_HeadlightCmd=2
[003720000] ECUB RTE   TRIGGER DRE_Actuator_HeadlightCmd -> Task_LightAct
[003720000] ECUB OS    TASK_WAIT Task_LightCtl mask=0x7
[003720000] ECUB OS    TASK_START Task_LightAct prio=2
[003720000] ECUB RTE   CALL R_Odometer_GetDistance
[003720000] ECUB RTE   WRITE P_HeadlightStatus_HeadlightStatus=2
[003720000] ECUB RTE   WRITE P_OdometerDistance_Distance=122
[003720000] ECUB OS    TASK_END Task_LightAct
[003730000] ECUB OS    ALARM Alarm_BswMain
[003730000] ECUB OS    ISR_ENTER Isr_CanRx
[003730000] ECUB CAN   RX id=0x101 dlc=2 data=b9 05
[003730000] ECUB CANIF RX pdu=0
[003730000] ECUB PDUR  RX canif=0 com=0
[003730000] ECUB COM   RX ipdu=0 len=2
[003730000] ECUB OS    ISR_EXIT Isr_CanRx
[003730000] ECUB OS    TASK_START Task_BswMain prio=4
[003730000] ECUB COM   NOTIFY sig=0
[003730000] ECUB RTE   TRIGGER DRE_LightCtl_VehicleSpeed -> Task_LightCtl
[003730000] ECUB OS    EVENT_SET Task_LightCtl mask=0x2
[003730000] ECUB OS    TASK_END Task_BswMain
[003730000] ECUB RTE   CALL R_Odometer_UpdateSpeed
[003730000] ECUB OS    TASK_WAIT Task_LightCtl mask=0x7
[003740000] ECUB OS    ALARM Alarm_BswMain
[003740000] ECUB OS    ALARM Alarm_LightCtl20ms
[003740000] ECUB OS    EVENT_SET Task_LightCtl mask=0x1
[003740000] ECUB OS    TASK_START Task_BswMain prio=4
[003740000] ECUB OS    TASK_END Task_BswMain
[003740000] ECUB RTE   WRITE P_HeadlightCmd_HeadlightCmd=2
[003740000] ECUB RTE   TRIGGER DRE_Actuator_HeadlightCmd -> Task_LightAct
[003740000] ECUB OS    TASK_WAIT Task_LightCtl mask=0x7
[003740000] ECUB OS    TASK_START Task_LightAct prio=2
[003740000] ECUB RTE   CALL R_Odometer_GetDistance
[003740000] ECUB RTE   WRITE P_HeadlightStatus_HeadlightStatus=2
[003740000] ECUB RTE   WRITE P_OdometerDistance_Distance=123
[003740000] ECUB OS    TASK_END Task_LightAct
[003750000] ECUB OS    ALARM Alarm_BswMain
[003750000] ECUB OS    ISR_ENTER Isr_CanRx
[003750000] ECUB CAN   RX id=0x101 dlc=2 data=b9 05
[003750000] ECUB CANIF RX pdu=0
[003750000] ECUB PDUR  RX canif=0 com=0
[003750000] ECUB COM   RX ipdu=0 len=2
[003750000] ECUB OS    ISR_EXIT Isr_CanRx
[003750000] ECUB OS    TASK_START Task_BswMain prio=4
[003750000] ECUB COM   NOTIFY sig=0
[003750000] ECUB RTE   TRIGGER DRE_LightCtl_VehicleSpeed -> Task_LightCtl
[003750000] ECUB OS    EVENT_SET Task_LightCtl mask=0x2
[003750000] ECUB OS    TASK_END Task_BswMain
[003750000] ECUB RTE   CALL R_Odometer_UpdateSpeed
[003750000] ECUB OS    TASK_WAIT Task_LightCtl mask=0x7
[003760000] ECUB OS    ALARM Alarm_BswMain
[003760000] ECUB OS    ALARM Alarm_LightCtl20ms
[003760000] ECUB OS    EVENT_SET Task_LightCtl mask=0x1
[003760000] ECUB OS    TASK_START Task_BswMain prio=4
[003760000] ECUB OS    TASK_END Task_BswMain
[003760000] ECUB RTE   WRITE P_HeadlightCmd_HeadlightCmd=2
[003760000] ECUB RTE   TRIGGER DRE_Actuator_HeadlightCmd -> Task_LightAct
[003760000] ECUB OS    TASK_WAIT Task_LightCtl mask=0x7
[003760000] ECUB OS    TASK_START Task_LightAct prio=2
[003760000] ECUB RTE   CALL R_Odometer_GetDistance
[003760000] ECUB RTE   WRITE P_HeadlightStatus_HeadlightStatus=2
[003760000] ECUB RTE   WRITE P_OdometerDistance_Distance=123
[003760000] ECUB OS    TASK_END Task_LightAct
[003770000] ECUB OS    ALARM Alarm_BswMain
[003770000] ECUB OS    ISR_ENTER Isr_CanRx
[003770000] ECUB CAN   RX id=0x101 dlc=2 data=b9 05
[003770000] ECUB CANIF RX pdu=0
[003770000] ECUB PDUR  RX canif=0 com=0
[003770000] ECUB COM   RX ipdu=0 len=2
[003770000] ECUB OS    ISR_EXIT Isr_CanRx
[003770000] ECUB OS    TASK_START Task_BswMain prio=4
[003770000] ECUB COM   NOTIFY sig=0
[003770000] ECUB RTE   TRIGGER DRE_LightCtl_VehicleSpeed -> Task_LightCtl
[003770000] ECUB OS    EVENT_SET Task_LightCtl mask=0x2
[003770000] ECUB OS    TASK_END Task_BswMain
[003770000] ECUB RTE   CALL R_Odometer_UpdateSpeed
[003770000] ECUB OS    TASK_WAIT Task_LightCtl mask=0x7
[003780000] ECUB OS    ALARM Alarm_BswMain
[003780000] ECUB OS    ALARM Alarm_LightCtl20ms
[003780000] ECUB OS    EVENT_SET Task_LightCtl mask=0x1
[003780000] ECUB OS    TASK_START Task_BswMain prio=4
[003780000] ECUB OS    TASK_END Task_BswMain
[003780000] ECUB RTE   WRITE P_HeadlightCmd_HeadlightCmd=2
[003780000] ECUB RTE   TRIGGER DRE_Actuator_HeadlightCmd -> Task_LightAct
[003780000] ECUB OS    TASK_WAIT Task_LightCtl mask=0x7
[003780000] ECUB OS    TASK_START Task_LightAct prio=2
[003780000] ECUB RTE   CALL R_Odometer_GetDistance
[003780000] ECUB RTE   WRITE P_HeadlightStatus_HeadlightStatus=2
[003780000] ECUB RTE   WRITE P_OdometerDistance_Distance=124
[003780000] ECUB OS    TASK_END Task_LightAct
[003790000] ECUB OS    ALARM Alarm_BswMain
[003790000] ECUB OS    ISR_ENTER Isr_CanRx
[003790000] ECUB CAN   RX id=0x101 dlc=2 data=b9 05
[003790000] ECUB CANIF RX pdu=0
[003790000] ECUB PDUR  RX canif=0 com=0
[003790000] ECUB COM   RX ipdu=0 len=2
[003790000] ECUB OS    ISR_EXIT Isr_CanRx
[003790000] ECUB OS    TASK_START Task_BswMain prio=4
[003790000] ECUB COM   NOTIFY sig=0
[003790000] ECUB RTE   TRIGGER DRE_LightCtl_VehicleSpeed -> Task_LightCtl
[003790000] ECUB OS    EVENT_SET Task_LightCtl mask=0x2
[003790000] ECUB OS    TASK_END Task_BswMain
[003790000] ECUB RTE   CALL R_Odometer_UpdateSpeed
[003790000] ECUB OS    TASK_WAIT Task_LightCtl mask=0x7
[003800000] ECUB OS    ALARM Alarm_BswMain
[003800000] ECUB OS    ALARM Alarm_LightCtl20ms
[003800000] ECUB OS    EVENT_SET Task_LightCtl mask=0x1
[003800000] ECUB SIM   RESTBUS TX id=0x301 dlc=1 data=14
[003800000] ECUB OS    ISR_ENTER Isr_CanRx
[003800000] ECUB CAN   RX id=0x301 dlc=1 data=14
[003800000] ECUB CANIF RX pdu=1
[003800000] ECUB PDUR  RX canif=1 com=1
[003800000] ECUB COM   RX ipdu=1 len=1
[003800000] ECUB OS    ISR_EXIT Isr_CanRx
[003800000] ECUB OS    TASK_START Task_BswMain prio=4
[003800000] ECUB OS    TASK_END Task_BswMain
[003800000] ECUB RTE   WRITE P_HeadlightCmd_HeadlightCmd=2
[003800000] ECUB RTE   TRIGGER DRE_Actuator_HeadlightCmd -> Task_LightAct
[003800000] ECUB OS    TASK_WAIT Task_LightCtl mask=0x7
[003800000] ECUB OS    TASK_START Task_LightAct prio=2
[003800000] ECUB RTE   CALL R_Odometer_GetDistance
[003800000] ECUB RTE   WRITE P_HeadlightStatus_HeadlightStatus=2
[003800000] ECUB RTE   WRITE P_OdometerDistance_Distance=125
[003800000] ECUB OS    TASK_END Task_LightAct
[003803000] ECUB SIM   RESTBUS TX id=0x3f0 dlc=1 data=00
[003803000] ECUB OS    ISR_ENTER Isr_CanRx
[003803000] ECUB CAN   RX id=0x3f0 dlc=1 data=00
[003803000] ECUB CANIF RX pdu=2
[003803000] ECUB PDUR  RX canif=2 com=2
[003803000] ECUB COM   RX ipdu=2 len=1
[003803000] ECUB OS    ISR_EXIT Isr_CanRx
[003810000] ECUB OS    ALARM Alarm_BswMain
[003810000] ECUB OS    ISR_ENTER Isr_CanRx
[003810000] ECUB CAN   RX id=0x101 dlc=2 data=b9 05
[003810000] ECUB CANIF RX pdu=0
[003810000] ECUB PDUR  RX canif=0 com=0
[003810000] ECUB COM   RX ipdu=0 len=2
[003810000] ECUB OS    ISR_EXIT Isr_CanRx
[003810000] ECUB OS    TASK_START Task_BswMain prio=4
[003810000] ECUB COM   NOTIFY sig=0
[003810000] ECUB RTE   TRIGGER DRE_LightCtl_VehicleSpeed -> Task_LightCtl
[003810000] ECUB OS    EVENT_SET Task_LightCtl mask=0x2
[003810000] ECUB COM   TX ipdu=3 len=6
[003810000] ECUB PDUR  TX com=3 canif=0
[003810000] ECUB CAN   TX id=0x201 dlc=6 data=02 00 7d 00 00 00
[003810000] ECUB CANIF TX pdu=0
[003810000] ECUB OS    TASK_END Task_BswMain
[003810000] ECUB RTE   CALL R_Odometer_UpdateSpeed
[003810000] ECUB OS    TASK_WAIT Task_LightCtl mask=0x7
[003820000] ECUB OS    ALARM Alarm_BswMain
[003820000] ECUB OS    ALARM Alarm_LightCtl20ms
[003820000] ECUB OS    EVENT_SET Task_LightCtl mask=0x1
[003820000] ECUB OS    TASK_START Task_BswMain prio=4
[003820000] ECUB OS    TASK_END Task_BswMain
[003820000] ECUB RTE   WRITE P_HeadlightCmd_HeadlightCmd=2
[003820000] ECUB RTE   TRIGGER DRE_Actuator_HeadlightCmd -> Task_LightAct
[003820000] ECUB OS    TASK_WAIT Task_LightCtl mask=0x7
[003820000] ECUB OS    TASK_START Task_LightAct prio=2
[003820000] ECUB RTE   CALL R_Odometer_GetDistance
[003820000] ECUB RTE   WRITE P_HeadlightStatus_HeadlightStatus=2
[003820000] ECUB RTE   WRITE P_OdometerDistance_Distance=126
[003820000] ECUB OS    TASK_END Task_LightAct
[003830000] ECUB OS    ALARM Alarm_BswMain
[003830000] ECUB OS    ISR_ENTER Isr_CanRx
[003830000] ECUB CAN   RX id=0x101 dlc=2 data=b9 05
[003830000] ECUB CANIF RX pdu=0
[003830000] ECUB PDUR  RX canif=0 com=0
[003830000] ECUB COM   RX ipdu=0 len=2
[003830000] ECUB OS    ISR_EXIT Isr_CanRx
[003830000] ECUB OS    TASK_START Task_BswMain prio=4
[003830000] ECUB COM   NOTIFY sig=0
[003830000] ECUB RTE   TRIGGER DRE_LightCtl_VehicleSpeed -> Task_LightCtl
[003830000] ECUB OS    EVENT_SET Task_LightCtl mask=0x2
[003830000] ECUB OS    TASK_END Task_BswMain
[003830000] ECUB RTE   CALL R_Odometer_UpdateSpeed
[003830000] ECUB OS    TASK_WAIT Task_LightCtl mask=0x7
[003840000] ECUB OS    ALARM Alarm_BswMain
[003840000] ECUB OS    ALARM Alarm_LightCtl20ms
[003840000] ECUB OS    EVENT_SET Task_LightCtl mask=0x1
[003840000] ECUB OS    TASK_START Task_BswMain prio=4
[003840000] ECUB OS    TASK_END Task_BswMain
[003840000] ECUB RTE   WRITE P_HeadlightCmd_HeadlightCmd=2
[003840000] ECUB RTE   TRIGGER DRE_Actuator_HeadlightCmd -> Task_LightAct
[003840000] ECUB OS    TASK_WAIT Task_LightCtl mask=0x7
[003840000] ECUB OS    TASK_START Task_LightAct prio=2
[003840000] ECUB RTE   CALL R_Odometer_GetDistance
[003840000] ECUB RTE   WRITE P_HeadlightStatus_HeadlightStatus=2
[003840000] ECUB RTE   WRITE P_OdometerDistance_Distance=127
[003840000] ECUB OS    TASK_END Task_LightAct
[003850000] ECUB OS    ALARM Alarm_BswMain
[003850000] ECUB OS    ISR_ENTER Isr_CanRx
[003850000] ECUB CAN   RX id=0x101 dlc=2 data=b9 05
[003850000] ECUB CANIF RX pdu=0
[003850000] ECUB PDUR  RX canif=0 com=0
[003850000] ECUB COM   RX ipdu=0 len=2
[003850000] ECUB OS    ISR_EXIT Isr_CanRx
[003850000] ECUB OS    TASK_START Task_BswMain prio=4
[003850000] ECUB COM   NOTIFY sig=0
[003850000] ECUB RTE   TRIGGER DRE_LightCtl_VehicleSpeed -> Task_LightCtl
[003850000] ECUB OS    EVENT_SET Task_LightCtl mask=0x2
[003850000] ECUB OS    TASK_END Task_BswMain
[003850000] ECUB RTE   CALL R_Odometer_UpdateSpeed
[003850000] ECUB OS    TASK_WAIT Task_LightCtl mask=0x7
[003860000] ECUB OS    ALARM Alarm_BswMain
[003860000] ECUB OS    ALARM Alarm_LightCtl20ms
[003860000] ECUB OS    EVENT_SET Task_LightCtl mask=0x1
[003860000] ECUB OS    TASK_START Task_BswMain prio=4
[003860000] ECUB OS    TASK_END Task_BswMain
[003860000] ECUB RTE   WRITE P_HeadlightCmd_HeadlightCmd=2
[003860000] ECUB RTE   TRIGGER DRE_Actuator_HeadlightCmd -> Task_LightAct
[003860000] ECUB OS    TASK_WAIT Task_LightCtl mask=0x7
[003860000] ECUB OS    TASK_START Task_LightAct prio=2
[003860000] ECUB RTE   CALL R_Odometer_GetDistance
[003860000] ECUB RTE   WRITE P_HeadlightStatus_HeadlightStatus=2
[003860000] ECUB RTE   WRITE P_OdometerDistance_Distance=128
[003860000] ECUB OS    TASK_END Task_LightAct
[003870000] ECUB OS    ALARM Alarm_BswMain
[003870000] ECUB OS    ISR_ENTER Isr_CanRx
[003870000] ECUB CAN   RX id=0x101 dlc=2 data=b9 05
[003870000] ECUB CANIF RX pdu=0
[003870000] ECUB PDUR  RX canif=0 com=0
[003870000] ECUB COM   RX ipdu=0 len=2
[003870000] ECUB OS    ISR_EXIT Isr_CanRx
[003870000] ECUB OS    TASK_START Task_BswMain prio=4
[003870000] ECUB COM   NOTIFY sig=0
[003870000] ECUB RTE   TRIGGER DRE_LightCtl_VehicleSpeed -> Task_LightCtl
[003870000] ECUB OS    EVENT_SET Task_LightCtl mask=0x2
[003870000] ECUB OS    TASK_END Task_BswMain
[003870000] ECUB RTE   CALL R_Odometer_UpdateSpeed
[003870000] ECUB OS    TASK_WAIT Task_LightCtl mask=0x7
[003880000] ECUB OS    ALARM Alarm_BswMain
[003880000] ECUB OS    ALARM Alarm_LightCtl20ms
[003880000] ECUB OS    EVENT_SET Task_LightCtl mask=0x1
[003880000] ECUB OS    TASK_START Task_BswMain prio=4
[003880000] ECUB OS    TASK_END Task_BswMain
[003880000] ECUB RTE   WRITE P_HeadlightCmd_HeadlightCmd=2
[003880000] ECUB RTE   TRIGGER DRE_Actuator_HeadlightCmd -> Task_LightAct
[003880000] ECUB OS    TASK_WAIT Task_LightCtl mask=0x7
[003880000] ECUB OS    TASK_START Task_LightAct prio=2
[003880000] ECUB RTE   CALL R_Odometer_GetDistance
[003880000] ECUB RTE   WRITE P_HeadlightStatus_HeadlightStatus=2
[003880000] ECUB RTE   WRITE P_OdometerDistance_Distance=128
[003880000] ECUB OS    TASK_END Task_LightAct
[003890000] ECUB OS    ALARM Alarm_BswMain
[003890000] ECUB OS    ISR_ENTER Isr_CanRx
[003890000] ECUB CAN   RX id=0x101 dlc=2 data=b9 05
[003890000] ECUB CANIF RX pdu=0
[003890000] ECUB PDUR  RX canif=0 com=0
[003890000] ECUB COM   RX ipdu=0 len=2
[003890000] ECUB OS    ISR_EXIT Isr_CanRx
[003890000] ECUB OS    TASK_START Task_BswMain prio=4
[003890000] ECUB COM   NOTIFY sig=0
[003890000] ECUB RTE   TRIGGER DRE_LightCtl_VehicleSpeed -> Task_LightCtl
[003890000] ECUB OS    EVENT_SET Task_LightCtl mask=0x2
[003890000] ECUB OS    TASK_END Task_BswMain
[003890000] ECUB RTE   CALL R_Odometer_UpdateSpeed
[003890000] ECUB OS    TASK_WAIT Task_LightCtl mask=0x7
[003900000] ECUB OS    ALARM Alarm_BswMain
[003900000] ECUB OS    ALARM Alarm_LightCtl20ms
[003900000] ECUB OS    EVENT_SET Task_LightCtl mask=0x1
[003900000] ECUB SIM   RESTBUS TX id=0x301 dlc=1 data=14
[003900000] ECUB OS    ISR_ENTER Isr_CanRx
[003900000] ECUB CAN   RX id=0x301 dlc=1 data=14
[003900000] ECUB CANIF RX pdu=1
[003900000] ECUB PDUR  RX canif=1 com=1
[003900000] ECUB COM   RX ipdu=1 len=1
[003900000] ECUB OS    ISR_EXIT Isr_CanRx
[003900000] ECUB OS    TASK_START Task_BswMain prio=4
[003900000] ECUB OS    TASK_END Task_BswMain
[003900000] ECUB RTE   WRITE P_HeadlightCmd_HeadlightCmd=2
[003900000] ECUB RTE   TRIGGER DRE_Actuator_HeadlightCmd -> Task_LightAct
[003900000] ECUB OS    TASK_WAIT Task_LightCtl mask=0x7
[003900000] ECUB OS    TASK_START Task_LightAct prio=2
[003900000] ECUB RTE   CALL R_Odometer_GetDistance
[003900000] ECUB RTE   WRITE P_HeadlightStatus_HeadlightStatus=2
[003900000] ECUB RTE   WRITE P_OdometerDistance_Distance=129
[003900000] ECUB OS    TASK_END Task_LightAct
[003903000] ECUB SIM   RESTBUS TX id=0x3f0 dlc=1 data=00
[003903000] ECUB OS    ISR_ENTER Isr_CanRx
[003903000] ECUB CAN   RX id=0x3f0 dlc=1 data=00
[003903000] ECUB CANIF RX pdu=2
[003903000] ECUB PDUR  RX canif=2 com=2
[003903000] ECUB COM   RX ipdu=2 len=1
[003903000] ECUB OS    ISR_EXIT Isr_CanRx
[003910000] ECUB OS    ALARM Alarm_BswMain
[003910000] ECUB OS    ISR_ENTER Isr_CanRx
[003910000] ECUB CAN   RX id=0x101 dlc=2 data=b9 05
[003910000] ECUB CANIF RX pdu=0
[003910000] ECUB PDUR  RX canif=0 com=0
[003910000] ECUB COM   RX ipdu=0 len=2
[003910000] ECUB OS    ISR_EXIT Isr_CanRx
[003910000] ECUB OS    TASK_START Task_BswMain prio=4
[003910000] ECUB COM   NOTIFY sig=0
[003910000] ECUB RTE   TRIGGER DRE_LightCtl_VehicleSpeed -> Task_LightCtl
[003910000] ECUB OS    EVENT_SET Task_LightCtl mask=0x2
[003910000] ECUB COM   TX ipdu=3 len=6
[003910000] ECUB PDUR  TX com=3 canif=0
[003910000] ECUB CAN   TX id=0x201 dlc=6 data=02 00 81 00 00 00
[003910000] ECUB CANIF TX pdu=0
[003910000] ECUB OS    TASK_END Task_BswMain
[003910000] ECUB RTE   CALL R_Odometer_UpdateSpeed
[003910000] ECUB OS    TASK_WAIT Task_LightCtl mask=0x7
[003920000] ECUB OS    ALARM Alarm_BswMain
[003920000] ECUB OS    ALARM Alarm_LightCtl20ms
[003920000] ECUB OS    EVENT_SET Task_LightCtl mask=0x1
[003920000] ECUB OS    TASK_START Task_BswMain prio=4
[003920000] ECUB OS    TASK_END Task_BswMain
[003920000] ECUB RTE   WRITE P_HeadlightCmd_HeadlightCmd=2
[003920000] ECUB RTE   TRIGGER DRE_Actuator_HeadlightCmd -> Task_LightAct
[003920000] ECUB OS    TASK_WAIT Task_LightCtl mask=0x7
[003920000] ECUB OS    TASK_START Task_LightAct prio=2
[003920000] ECUB RTE   CALL R_Odometer_GetDistance
[003920000] ECUB RTE   WRITE P_HeadlightStatus_HeadlightStatus=2
[003920000] ECUB RTE   WRITE P_OdometerDistance_Distance=130
[003920000] ECUB OS    TASK_END Task_LightAct
[003930000] ECUB OS    ALARM Alarm_BswMain
[003930000] ECUB OS    ISR_ENTER Isr_CanRx
[003930000] ECUB CAN   RX id=0x101 dlc=2 data=b9 05
[003930000] ECUB CANIF RX pdu=0
[003930000] ECUB PDUR  RX canif=0 com=0
[003930000] ECUB COM   RX ipdu=0 len=2
[003930000] ECUB OS    ISR_EXIT Isr_CanRx
[003930000] ECUB OS    TASK_START Task_BswMain prio=4
[003930000] ECUB COM   NOTIFY sig=0
[003930000] ECUB RTE   TRIGGER DRE_LightCtl_VehicleSpeed -> Task_LightCtl
[003930000] ECUB OS    EVENT_SET Task_LightCtl mask=0x2
[003930000] ECUB OS    TASK_END Task_BswMain
[003930000] ECUB RTE   CALL R_Odometer_UpdateSpeed
[003930000] ECUB OS    TASK_WAIT Task_LightCtl mask=0x7
[003940000] ECUB OS    ALARM Alarm_BswMain
[003940000] ECUB OS    ALARM Alarm_LightCtl20ms
[003940000] ECUB OS    EVENT_SET Task_LightCtl mask=0x1
[003940000] ECUB OS    TASK_START Task_BswMain prio=4
[003940000] ECUB OS    TASK_END Task_BswMain
[003940000] ECUB RTE   WRITE P_HeadlightCmd_HeadlightCmd=2
[003940000] ECUB RTE   TRIGGER DRE_Actuator_HeadlightCmd -> Task_LightAct
[003940000] ECUB OS    TASK_WAIT Task_LightCtl mask=0x7
[003940000] ECUB OS    TASK_START Task_LightAct prio=2
[003940000] ECUB RTE   CALL R_Odometer_GetDistance
[003940000] ECUB RTE   WRITE P_HeadlightStatus_HeadlightStatus=2
[003940000] ECUB RTE   WRITE P_OdometerDistance_Distance=131
[003940000] ECUB OS    TASK_END Task_LightAct
[003950000] ECUB OS    ALARM Alarm_BswMain
[003950000] ECUB OS    ISR_ENTER Isr_CanRx
[003950000] ECUB CAN   RX id=0x101 dlc=2 data=b9 05
[003950000] ECUB CANIF RX pdu=0
[003950000] ECUB PDUR  RX canif=0 com=0
[003950000] ECUB COM   RX ipdu=0 len=2
[003950000] ECUB OS    ISR_EXIT Isr_CanRx
[003950000] ECUB OS    TASK_START Task_BswMain prio=4
[003950000] ECUB COM   NOTIFY sig=0
[003950000] ECUB RTE   TRIGGER DRE_LightCtl_VehicleSpeed -> Task_LightCtl
[003950000] ECUB OS    EVENT_SET Task_LightCtl mask=0x2
[003950000] ECUB OS    TASK_END Task_BswMain
[003950000] ECUB RTE   CALL R_Odometer_UpdateSpeed
[003950000] ECUB OS    TASK_WAIT Task_LightCtl mask=0x7
[003960000] ECUB OS    ALARM Alarm_BswMain
[003960000] ECUB OS    ALARM Alarm_LightCtl20ms
[003960000] ECUB OS    EVENT_SET Task_LightCtl mask=0x1
[003960000] ECUB OS    TASK_START Task_BswMain prio=4
[003960000] ECUB OS    TASK_END Task_BswMain
[003960000] ECUB RTE   WRITE P_HeadlightCmd_HeadlightCmd=2
[003960000] ECUB RTE   TRIGGER DRE_Actuator_HeadlightCmd -> Task_LightAct
[003960000] ECUB OS    TASK_WAIT Task_LightCtl mask=0x7
[003960000] ECUB OS    TASK_START Task_LightAct prio=2
[003960000] ECUB RTE   CALL R_Odometer_GetDistance
[003960000] ECUB RTE   WRITE P_HeadlightStatus_HeadlightStatus=2
[003960000] ECUB RTE   WRITE P_OdometerDistance_Distance=132
[003960000] ECUB OS    TASK_END Task_LightAct
[003970000] ECUB OS    ALARM Alarm_BswMain
[003970000] ECUB OS    ISR_ENTER Isr_CanRx
[003970000] ECUB CAN   RX id=0x101 dlc=2 data=b9 05
[003970000] ECUB CANIF RX pdu=0
[003970000] ECUB PDUR  RX canif=0 com=0
[003970000] ECUB COM   RX ipdu=0 len=2
[003970000] ECUB OS    ISR_EXIT Isr_CanRx
[003970000] ECUB OS    TASK_START Task_BswMain prio=4
[003970000] ECUB COM   NOTIFY sig=0
[003970000] ECUB RTE   TRIGGER DRE_LightCtl_VehicleSpeed -> Task_LightCtl
[003970000] ECUB OS    EVENT_SET Task_LightCtl mask=0x2
[003970000] ECUB OS    TASK_END Task_BswMain
[003970000] ECUB RTE   CALL R_Odometer_UpdateSpeed
[003970000] ECUB OS    TASK_WAIT Task_LightCtl mask=0x7
[003980000] ECUB OS    ALARM Alarm_BswMain
[003980000] ECUB OS    ALARM Alarm_LightCtl20ms
[003980000] ECUB OS    EVENT_SET Task_LightCtl mask=0x1
[003980000] ECUB OS    TASK_START Task_BswMain prio=4
[003980000] ECUB OS    TASK_END Task_BswMain
[003980000] ECUB RTE   WRITE P_HeadlightCmd_HeadlightCmd=2
[003980000] ECUB RTE   TRIGGER DRE_Actuator_HeadlightCmd -> Task_LightAct
[003980000] ECUB OS    TASK_WAIT Task_LightCtl mask=0x7
[003980000] ECUB OS    TASK_START Task_LightAct prio=2
[003980000] ECUB RTE   CALL R_Odometer_GetDistance
[003980000] ECUB RTE   WRITE P_HeadlightStatus_HeadlightStatus=2
[003980000] ECUB RTE   WRITE P_OdometerDistance_Distance=132
[003980000] ECUB OS    TASK_END Task_LightAct
[003990000] ECUB OS    ALARM Alarm_BswMain
[003990000] ECUB OS    ISR_ENTER Isr_CanRx
[003990000] ECUB CAN   RX id=0x101 dlc=2 data=b9 05
[003990000] ECUB CANIF RX pdu=0
[003990000] ECUB PDUR  RX canif=0 com=0
[003990000] ECUB COM   RX ipdu=0 len=2
[003990000] ECUB OS    ISR_EXIT Isr_CanRx
[003990000] ECUB OS    TASK_START Task_BswMain prio=4
[003990000] ECUB COM   NOTIFY sig=0
[003990000] ECUB RTE   TRIGGER DRE_LightCtl_VehicleSpeed -> Task_LightCtl
[003990000] ECUB OS    EVENT_SET Task_LightCtl mask=0x2
[003990000] ECUB OS    TASK_END Task_BswMain
[003990000] ECUB RTE   CALL R_Odometer_UpdateSpeed
[003990000] ECUB SWC   Odometer dist_m=133
[003990000] ECUB OS    TASK_WAIT Task_LightCtl mask=0x7
[004000000] ECUB OS    ALARM Alarm_BswMain
[004000000] ECUB OS    ALARM Alarm_LightCtl20ms
[004000000] ECUB OS    EVENT_SET Task_LightCtl mask=0x1
[004000000] ECUB SIM   RESTBUS TX id=0x301 dlc=1 data=14
[004000000] ECUB OS    SHUTDOWN err=0
[004000000] ECUB SIM   SCENARIO END
