[000000000] ECUB BSW   ECUM STATE STARTUP
[000000000] ECUB BSW   ECUM INIT_ZERO
[000000000] ECUB BSW   MCU clock=80000000
[000000000] ECUB BSW   ECUM INIT_ONE
[000000000] ECUB OS    STARTOS mode=0
[000000018] ECUB OS    TASK_START Task_Init prio=10
[000000038] ECUB BSW   ECUM STARTUP_TWO
[000000052] ECUB BSW   SCHM START
[000000064] ECUB BSW   SCHM INIT
[000000068] ECUB BSW   SCHM TIMING
[000000088] ECUB BSW   BSWM RULE R_Startup TRUE
[000000100] ECUB BSW   BSWM ACTION EcuM_AL_DriverInitTwo rc=0
[000000108] ECUB BSW   BSWM ACTION Can_Init rc=0
[000000126] ECUB BSW   BSWM ACTION CanIf_Init rc=0
[000000145] ECUB BSW   BSWM ACTION PduR_Init rc=0
[000000200] ECUB BSW   BSWM ACTION Com_Init rc=0
[000000212] ECUB RTE   START
[000000228] ECUB BSW   BSWM ACTION Rte_Start rc=0
[000000246] ECUB BSW   BSWM ACTION EcuM_RequestRUN rc=0
[000000262] ECUB BSW   BSWM RULE R_Run FALSE
[000000280] ECUB BSW   ECUM STATE RUN
[000000297] ECUB BSW   BSWM RULE R_Startup FALSE
[000000312] ECUB BSW   BSWM RULE R_Run TRUE
[000000331] ECUB CANIF MODE ctrl=0 mode=1
[000000346] ECUB BSW   BSWM ACTION CanIf_Start rc=0
[000000369] ECUB COM   GROUP_START 0
[000000384] ECUB BSW   BSWM ACTION Com_IpduGroupStart rc=0
[000000404] ECUB RTE   MODE EcuMode=RUN
[000000418] ECUB BSW   BSWM ACTION Rte_SwitchRun rc=0
[000000452] ECUB OS    TASK_END Task_Init
[000000471] ECUB OS    TASK_START Task_LightCtl prio=3
[000000492] ECUB OS    TASK_WAIT Task_LightCtl mask=0x7
[000002900] ECUB OS    ISR_ENTER Isr_CanRx
[000002917] ECUB CAN   RX id=0x3f0 dlc=1 data=00
[000002937] ECUB CANIF RX pdu=2
[000002949] ECUB PDUR  RX canif=2 com=2
[000002965] ECUB COM   RX ipdu=2 len=1
[000002982] ECUB OS    ISR_EXIT Isr_CanRx
[000010000] ECUB OS    ALARM Alarm_BswMain
[000010013] ECUB OS    ISR_ENTER Isr_CanRx
[000010026] ECUB CAN   RX id=0x101 dlc=2 data=00 00
[000010046] ECUB CANIF RX pdu=0
[000010046] ECUB PDUR  RX canif=0 com=0
[000010066] ECUB COM   RX ipdu=0 len=2
[000010100] ECUB OS    ISR_EXIT Isr_CanRx
[000010102] ECUB OS    TASK_START Task_BswMain prio=4
[000010128] ECUB COM   NOTIFY sig=0
[000010154] ECUB RTE   TRIGGER DRE_LightCtl_VehicleSpeed -> Task_LightCtl
[000010180] ECUB OS    EVENT_SET Task_LightCtl mask=0x2
[000010206] ECUB COM   TX ipdu=3 len=6
[000010221] ECUB PDUR  TX com=3 canif=0
[000010240] ECUB CAN   TX id=0x201 dlc=6 data=00 00 00 00 00 00
[000010265] ECUB CANIF TX pdu=0
[000010280] ECUB BSW   BSWM RULE R_EcuModeRequest FALSE
[000010300] ECUB RTE   MODE EcuMode=RUN
[000010314] ECUB BSW   BSWM ACTION Rte_SwitchRun2 rc=0
[000010335] ECUB OS    TASK_END Task_BswMain
[000010357] ECUB RTE   CALL R_Odometer_UpdateSpeed
[000010377] ECUB OS    TASK_WAIT Task_LightCtl mask=0x7
[000020001] ECUB OS    ALARM Alarm_BswMain
[000020001] ECUB OS    ALARM Alarm_LightCtl20ms
[000020022] ECUB OS    EVENT_SET Task_LightCtl mask=0x1
[000020059] ECUB OS    TASK_START Task_BswMain prio=4
[000020088] ECUB OS    TASK_END Task_BswMain
[000020108] ECUB RTE   WRITE P_HeadlightCmd_HeadlightCmd=0
[000020130] ECUB RTE   TRIGGER DRE_Actuator_HeadlightCmd -> Task_LightAct
[000020159] ECUB OS    TASK_WAIT Task_LightCtl mask=0x7
[000020183] ECUB OS    TASK_START Task_LightAct prio=2
[000020204] ECUB RTE   CALL R_Odometer_GetDistance
[000020224] ECUB RTE   CALL R_LightHw_SetHeadlight
[000020243] ECUB BSW   IOHWAB LIGHT state=0
[000020259] ECUB SWC   Actuator state=0 dist=0
[000020277] ECUB RTE   WRITE P_HeadlightStatus_HeadlightStatus=0
[000020303] ECUB RTE   WRITE P_OdometerDistance_Distance=0
[000020332] ECUB OS    TASK_END Task_LightAct
[000030000] ECUB OS    ALARM Alarm_BswMain
[000030013] ECUB OS    ISR_ENTER Isr_CanRx
[000030027] ECUB CAN   RX id=0x101 dlc=2 data=00 00
[000030047] ECUB CANIF RX pdu=0
[000030066] ECUB PDUR  RX canif=0 com=0
[000030066] ECUB COM   RX ipdu=0 len=2
[000030100] ECUB OS    ISR_EXIT Isr_CanRx
[000030100] ECUB OS    TASK_START Task_BswMain prio=4
[000030141] ECUB COM   NOTIFY sig=0
[000030154] ECUB RTE   TRIGGER DRE_LightCtl_VehicleSpeed -> Task_LightCtl
[000030181] ECUB OS    EVENT_SET Task_LightCtl mask=0x2
[000030209] ECUB OS    TASK_END Task_BswMain
[000030230] ECUB RTE   CALL R_Odometer_UpdateSpeed
[000030251] ECUB OS    TASK_WAIT Task_LightCtl mask=0x7
[000040001] ECUB OS    ALARM Alarm_BswMain
[000040001] ECUB OS    ALARM Alarm_LightCtl20ms
[000040022] ECUB OS    EVENT_SET Task_LightCtl mask=0x1
[000040048] ECUB OS    TASK_START Task_BswMain prio=4
[000040087] ECUB OS    TASK_END Task_BswMain
[000040108] ECUB RTE   WRITE P_HeadlightCmd_HeadlightCmd=0
[000040130] ECUB RTE   TRIGGER DRE_Actuator_HeadlightCmd -> Task_LightAct
[000040158] ECUB OS    TASK_WAIT Task_LightCtl mask=0x7
[000040183] ECUB OS    TASK_START Task_LightAct prio=2
[000040203] ECUB RTE   CALL R_Odometer_GetDistance
[000040223] ECUB RTE   WRITE P_HeadlightStatus_HeadlightStatus=0
[000040250] ECUB RTE   WRITE P_OdometerDistance_Distance=0
[000040278] ECUB OS    TASK_END Task_LightAct
[000050000] ECUB OS    ALARM Alarm_BswMain
[000050000] ECUB OS    ISR_ENTER Isr_CanRx
[000050027] ECUB CAN   RX id=0x101 dlc=2 data=00 00
[000050047] ECUB CANIF RX pdu=0
[000050047] ECUB PDUR  RX canif=0 com=0
[000050067] ECUB COM   RX ipdu=0 len=2
[000050100] ECUB OS    ISR_EXIT Isr_CanRx
[000050100] ECUB OS    TASK_START Task_BswMain prio=4
[000050114] ECUB COM   NOTIFY sig=0
[000050154] ECUB RTE   TRIGGER DRE_LightCtl_VehicleSpeed -> Task_LightCtl
[000050181] ECUB OS    EVENT_SET Task_LightCtl mask=0x2
[000050209] ECUB OS    TASK_END Task_BswMain
[000050231] ECUB RTE   CALL R_Odometer_UpdateSpeed
[000050252] ECUB OS    TASK_WAIT Task_LightCtl mask=0x7
[000060001] ECUB OS    ALARM Alarm_BswMain
[000060001] ECUB OS    ALARM Alarm_LightCtl20ms
[000060023] ECUB OS    EVENT_SET Task_LightCtl mask=0x1
[000060059] ECUB OS    TASK_START Task_BswMain prio=4
[000060087] ECUB OS    TASK_END Task_BswMain
[000060108] ECUB RTE   WRITE P_HeadlightCmd_HeadlightCmd=0
[000060130] ECUB RTE   TRIGGER DRE_Actuator_HeadlightCmd -> Task_LightAct
[000060158] ECUB OS    TASK_WAIT Task_LightCtl mask=0x7
[000060183] ECUB OS    TASK_START Task_LightAct prio=2
[000060203] ECUB RTE   CALL R_Odometer_GetDistance
[000060224] ECUB RTE   WRITE P_HeadlightStatus_HeadlightStatus=0
[000060250] ECUB RTE   WRITE P_OdometerDistance_Distance=0
[000060278] ECUB OS    TASK_END Task_LightAct
[000070000] ECUB OS    ALARM Alarm_BswMain
[000070013] ECUB OS    ISR_ENTER Isr_CanRx
[000070027] ECUB CAN   RX id=0x101 dlc=2 data=00 00
[000070047] ECUB CANIF RX pdu=0
[000070067] ECUB PDUR  RX canif=0 com=0
[000070067] ECUB COM   RX ipdu=0 len=2
[000070100] ECUB OS    ISR_EXIT Isr_CanRx
[000070100] ECUB OS    TASK_START Task_BswMain prio=4
[000070130] ECUB COM   NOTIFY sig=0
[000070154] ECUB RTE   TRIGGER DRE_LightCtl_VehicleSpeed -> Task_LightCtl
[000070181] ECUB OS    EVENT_SET Task_LightCtl mask=0x2
[000070209] ECUB OS    TASK_END Task_BswMain
[000070231] ECUB RTE   CALL R_Odometer_UpdateSpeed
[000070252] ECUB OS    TASK_WAIT Task_LightCtl mask=0x7
[000080001] ECUB OS    ALARM Alarm_BswMain
[000080001] ECUB OS    ALARM Alarm_LightCtl20ms
[000080023] ECUB OS    EVENT_SET Task_LightCtl mask=0x1
[000080059] ECUB OS    TASK_START Task_BswMain prio=4
[000080088] ECUB OS    TASK_END Task_BswMain
[000080108] ECUB RTE   WRITE P_HeadlightCmd_HeadlightCmd=0
[000080130] ECUB RTE   TRIGGER DRE_Actuator_HeadlightCmd -> Task_LightAct
[000080159] ECUB OS    TASK_WAIT Task_LightCtl mask=0x7
[000080183] ECUB OS    TASK_START Task_LightAct prio=2
[000080204] ECUB RTE   CALL R_Odometer_GetDistance
[000080224] ECUB RTE   WRITE P_HeadlightStatus_HeadlightStatus=0
[000080250] ECUB RTE   WRITE P_OdometerDistance_Distance=0
[000080279] ECUB OS    TASK_END Task_LightAct
[000090001] ECUB OS    ALARM Alarm_BswMain
[000090014] ECUB OS    ISR_ENTER Isr_CanRx
[000090027] ECUB CAN   RX id=0x101 dlc=2 data=00 00
[000090047] ECUB CANIF RX pdu=0
[000090067] ECUB PDUR  RX canif=0 com=0
[000090067] ECUB COM   RX ipdu=0 len=2
[000090101] ECUB OS    ISR_EXIT Isr_CanRx
[000090101] ECUB OS    TASK_START Task_BswMain prio=4
[000090131] ECUB COM   NOTIFY sig=0
[000090155] ECUB RTE   TRIGGER DRE_LightCtl_VehicleSpeed -> Task_LightCtl
[000090181] ECUB OS    EVENT_SET Task_LightCtl mask=0x2
[000090210] ECUB OS    TASK_END Task_BswMain
[000090231] ECUB RTE   CALL R_Odometer_UpdateSpeed
[000090252] ECUB OS    TASK_WAIT Task_LightCtl mask=0x7
[000099901] ECUB OS    ISR_ENTER Isr_CanRx
[000099918] ECUB CAN   RX id=0x301 dlc=1 data=c8
[000099938] ECUB CANIF RX pdu=1
[000099938] ECUB PDUR  RX canif=1 com=1
[000099962] ECUB COM   RX ipdu=1 len=1
[000099982] ECUB OS    ISR_EXIT Isr_CanRx
[000100001] ECUB OS    ALARM Alarm_BswMain
[000100002] ECUB OS    ALARM Alarm_LightCtl20ms
[000100024] ECUB OS    EVENT_SET Task_LightCtl mask=0x1
[000100043] ECUB OS    TASK_START Task_BswMain prio=4
[000100069] ECUB OS    TASK_END Task_BswMain
[000100108] ECUB RTE   WRITE P_HeadlightCmd_HeadlightCmd=0
[000100130] ECUB RTE   TRIGGER DRE_Actuator_HeadlightCmd -> Task_LightAct
[000100158] ECUB OS    TASK_WAIT Task_LightCtl mask=0x7
[000100183] ECUB OS    TASK_START Task_LightAct prio=2
[000100204] ECUB RTE   CALL R_Odometer_GetDistance
[000100224] ECUB RTE   WRITE P_HeadlightStatus_HeadlightStatus=0
[000100250] ECUB RTE   WRITE P_OdometerDistance_Distance=0
[000100279] ECUB OS    TASK_END Task_LightAct
[000102901] ECUB OS    ISR_ENTER Isr_CanRx
[000102918] ECUB CAN   RX id=0x3f0 dlc=1 data=00
[000102939] ECUB CANIF RX pdu=2
[000102951] ECUB PDUR  RX canif=2 com=2
[000102967] ECUB COM   RX ipdu=2 len=1
[000102984] ECUB OS    ISR_EXIT Isr_CanRx
[000110001] ECUB OS    ALARM Alarm_BswMain
[000110015] ECUB OS    ISR_ENTER Isr_CanRx
[000110028] ECUB CAN   RX id=0x101 dlc=2 data=00 00
[000110049] ECUB CANIF RX pdu=0
[000110068] ECUB PDUR  RX canif=0 com=0
[000110068] ECUB COM   RX ipdu=0 len=2
[000110101] ECUB OS    ISR_EXIT Isr_CanRx
[000110101] ECUB OS    TASK_START Task_BswMain prio=4
[000110116] ECUB COM   NOTIFY sig=0
[000110156] ECUB RTE   TRIGGER DRE_LightCtl_VehicleSpeed -> Task_LightCtl
[000110183] ECUB OS    EVENT_SET Task_LightCtl mask=0x2
[000110208] ECUB COM   TX ipdu=3 len=6
[000110223] ECUB PDUR  TX com=3 canif=0
[000110242] ECUB CAN   TX id=0x201 dlc=6 data=00 00 00 00 00 00
[000110268] ECUB CANIF TX pdu=0
[000110284] ECUB OS    TASK_END Task_BswMain
[000110305] ECUB RTE   CALL R_Odometer_UpdateSpeed
[000110326] ECUB OS    TASK_WAIT Task_LightCtl mask=0x7
[000120001] ECUB OS    ALARM Alarm_BswMain
[000120002] ECUB OS    ALARM Alarm_LightCtl20ms
[000120024] ECUB OS    EVENT_SET Task_LightCtl mask=0x1
[000120060] ECUB OS    TASK_START Task_BswMain prio=4
[000120089] ECUB OS    TASK_END Task_BswMain
[000120110] ECUB RTE   WRITE P_HeadlightCmd_HeadlightCmd=0
[000120132] ECUB RTE   TRIGGER DRE_Actuator_HeadlightCmd -> Task_LightAct
[000120161] ECUB OS    TASK_WAIT Task_LightCtl mask=0x7
[000120185] ECUB OS    TASK_START Task_LightAct prio=2
[000120206] ECUB RTE   CALL R_Odometer_GetDistance
[000120226] ECUB RTE   WRITE P_HeadlightStatus_HeadlightStatus=0
[000120252] ECUB RTE   WRITE P_OdometerDistance_Distance=0
[000120281] ECUB OS    TASK_END Task_LightAct
[000130001] ECUB OS    ALARM Alarm_BswMain
[000130013] ECUB OS    ISR_ENTER Isr_CanRx
[000130027] ECUB CAN   RX id=0x101 dlc=2 data=00 00
[000130047] ECUB CANIF RX pdu=0
[000130067] ECUB PDUR  RX canif=0 com=0
[000130067] ECUB COM   RX ipdu=0 len=2
[000130101] ECUB OS    ISR_EXIT Isr_CanRx
[000130101] ECUB OS    TASK_START Task_BswMain prio=4
[000130143] ECUB COM   NOTIFY sig=0
[000130156] ECUB RTE   TRIGGER DRE_LightCtl_VehicleSpeed -> Task_LightCtl
[000130183] ECUB OS    EVENT_SET Task_LightCtl mask=0x2
[000130211] ECUB OS    TASK_END Task_BswMain
[000130233] ECUB RTE   CALL R_Odometer_UpdateSpeed
[000130254] ECUB OS    TASK_WAIT Task_LightCtl mask=0x7
[000140001] ECUB OS    ALARM Alarm_BswMain
[000140003] ECUB OS    ALARM Alarm_LightCtl20ms
[000140024] ECUB OS    EVENT_SET Task_LightCtl mask=0x1
[000140050] ECUB OS    TASK_START Task_BswMain prio=4
[000140089] ECUB OS    TASK_END Task_BswMain
[000140109] ECUB RTE   WRITE P_HeadlightCmd_HeadlightCmd=0
[000140132] ECUB RTE   TRIGGER DRE_Actuator_HeadlightCmd -> Task_LightAct
[000140160] ECUB OS    TASK_WAIT Task_LightCtl mask=0x7
[000140185] ECUB OS    TASK_START Task_LightAct prio=2
[000140205] ECUB RTE   CALL R_Odometer_GetDistance
[000140226] ECUB RTE   WRITE P_HeadlightStatus_HeadlightStatus=0
[000140252] ECUB RTE   WRITE P_OdometerDistance_Distance=0
[000140281] ECUB OS    TASK_END Task_LightAct
[000150001] ECUB OS    ALARM Alarm_BswMain
[000150015] ECUB OS    ISR_ENTER Isr_CanRx
[000150029] ECUB CAN   RX id=0x101 dlc=2 data=00 00
[000150049] ECUB CANIF RX pdu=0
[000150069] ECUB PDUR  RX canif=0 com=0
[000150069] ECUB COM   RX ipdu=0 len=2
[000150101] ECUB OS    ISR_EXIT Isr_CanRx
[000150101] ECUB OS    TASK_START Task_BswMain prio=4
[000150117] ECUB COM   NOTIFY sig=0
[000150156] ECUB RTE   TRIGGER DRE_LightCtl_VehicleSpeed -> Task_LightCtl
[000150183] ECUB OS    EVENT_SET Task_LightCtl mask=0x2
[000150212] ECUB OS    TASK_END Task_BswMain
[000150233] ECUB RTE   CALL R_Odometer_UpdateSpeed
[000150254] ECUB OS    TASK_WAIT Task_LightCtl mask=0x7
[000160001] ECUB OS    ALARM Alarm_BswMain
[000160003] ECUB OS    ALARM Alarm_LightCtl20ms
[000160025] ECUB OS    EVENT_SET Task_LightCtl mask=0x1
[000160051] ECUB OS    TASK_START Task_BswMain prio=4
[000160089] ECUB OS    TASK_END Task_BswMain
[000160110] ECUB RTE   WRITE P_HeadlightCmd_HeadlightCmd=0
[000160132] ECUB RTE   TRIGGER DRE_Actuator_HeadlightCmd -> Task_LightAct
[000160160] ECUB OS    TASK_WAIT Task_LightCtl mask=0x7
[000160185] ECUB OS    TASK_START Task_LightAct prio=2
[000160205] ECUB RTE   CALL R_Odometer_GetDistance
[000160226] ECUB RTE   WRITE P_HeadlightStatus_HeadlightStatus=0
[000160252] ECUB RTE   WRITE P_OdometerDistance_Distance=0
[000160281] ECUB OS    TASK_END Task_LightAct
[000170002] ECUB OS    ALARM Alarm_BswMain
[000170015] ECUB OS    ISR_ENTER Isr_CanRx
[000170029] ECUB CAN   RX id=0x101 dlc=2 data=00 00
[000170049] ECUB CANIF RX pdu=0
[000170049] ECUB PDUR  RX canif=0 com=0
[000170069] ECUB COM   RX ipdu=0 len=2
[000170102] ECUB OS    ISR_EXIT Isr_CanRx
[000170102] ECUB OS    TASK_START Task_BswMain prio=4
[000170143] ECUB COM   NOTIFY sig=0
[000170157] ECUB RTE   TRIGGER DRE_LightCtl_VehicleSpeed -> Task_LightCtl
[000170183] ECUB OS    EVENT_SET Task_LightCtl mask=0x2
[000170212] ECUB OS    TASK_END Task_BswMain
[000170233] ECUB RTE   CALL R_Odometer_UpdateSpeed
[000170254] ECUB OS    TASK_WAIT Task_LightCtl mask=0x7
[000180002] ECUB OS    ALARM Alarm_BswMain
[000180019] ECUB OS    ALARM Alarm_LightCtl20ms
[000180025] ECUB OS    EVENT_SET Task_LightCtl mask=0x1
[000180061] ECUB OS    TASK_START Task_BswMain prio=4
[000180089] ECUB OS    TASK_END Task_BswMain
[000180110] ECUB RTE   WRITE P_HeadlightCmd_HeadlightCmd=0
[000180132] ECUB RTE   TRIGGER DRE_Actuator_HeadlightCmd -> Task_LightAct
[000180161] ECUB OS    TASK_WAIT Task_LightCtl mask=0x7
[000180185] ECUB OS    TASK_START Task_LightAct prio=2
[000180206] ECUB RTE   CALL R_Odometer_GetDistance
[000180226] ECUB RTE   WRITE P_HeadlightStatus_HeadlightStatus=0
[000180252] ECUB RTE   WRITE P_OdometerDistance_Distance=0
[000180281] ECUB OS    TASK_END Task_LightAct
[000190002] ECUB OS    ALARM Alarm_BswMain
[000190002] ECUB OS    ISR_ENTER Isr_CanRx
[000190027] ECUB CAN   RX id=0x101 dlc=2 data=00 00
[000190047] ECUB CANIF RX pdu=0
[000190067] ECUB PDUR  RX canif=0 com=0
[000190067] ECUB COM   RX ipdu=0 len=2
[000190102] ECUB OS    ISR_EXIT Isr_CanRx
[000190102] ECUB OS    TASK_START Task_BswMain prio=4
[000190143] ECUB COM   NOTIFY sig=0
[000190157] ECUB RTE   TRIGGER DRE_LightCtl_VehicleSpeed -> Task_LightCtl
[000190184] ECUB OS    EVENT_SET Task_LightCtl mask=0x2
[000190212] ECUB OS    TASK_END Task_BswMain
[000190234] ECUB RTE   CALL R_Odometer_UpdateSpeed
[000190255] ECUB OS    TASK_WAIT Task_LightCtl mask=0x7
[000199802] ECUB OS    ISR_ENTER Isr_CanRx
[000199819] ECUB CAN   RX id=0x301 dlc=1 data=c8
[000199822] ECUB CANIF RX pdu=1
[000199852] ECUB PDUR  RX canif=1 com=1
[000199868] ECUB COM   RX ipdu=1 len=1
[000199885] ECUB OS    ISR_EXIT Isr_CanRx
[000200002] ECUB OS    ALARM Alarm_BswMain
[000200003] ECUB OS    ALARM Alarm_LightCtl20ms
[000200025] ECUB OS    EVENT_SET Task_LightCtl mask=0x1
[000200061] ECUB OS    TASK_START Task_BswMain prio=4
[000200090] ECUB OS    TASK_END Task_BswMain
[000200110] ECUB RTE   WRITE P_HeadlightCmd_HeadlightCmd=0
[000200132] ECUB RTE   TRIGGER DRE_Actuator_HeadlightCmd -> Task_LightAct
[000200161] ECUB OS    TASK_WAIT Task_LightCtl mask=0x7
[000200185] ECUB OS    TASK_START Task_LightAct prio=2
[000200206] ECUB RTE   CALL R_Odometer_GetDistance
[000200226] ECUB RTE   WRITE P_HeadlightStatus_HeadlightStatus=0
[000200253] ECUB RTE   WRITE P_OdometerDistance_Distance=0
[000200281] ECUB OS    TASK_END Task_LightAct
[000202802] ECUB OS    ISR_ENTER Isr_CanRx
[000202820] ECUB CAN   RX id=0x3f0 dlc=1 data=00
[000202822] ECUB CANIF RX pdu=2
[000202852] ECUB PDUR  RX canif=2 com=2
[000202869] ECUB COM   RX ipdu=2 len=1
[000202885] ECUB OS    ISR_EXIT Isr_CanRx
[000210002] ECUB OS    ALARM Alarm_BswMain
[000210002] ECUB OS    ISR_ENTER Isr_CanRx
[000210029] ECUB CAN   RX id=0x101 dlc=2 data=00 00
[000210050] ECUB CANIF RX pdu=0
[000210050] ECUB PDUR  RX canif=0 com=0
[000210069] ECUB COM   RX ipdu=0 len=2
[000210102] ECUB OS    ISR_EXIT Isr_CanRx
[000210102] ECUB OS    TASK_START Task_BswMain prio=4
[000210118] ECUB COM   NOTIFY sig=0
[000210157] ECUB RTE   TRIGGER DRE_LightCtl_VehicleSpeed -> Task_LightCtl
[000210184] ECUB OS    EVENT_SET Task_LightCtl mask=0x2
[000210209] ECUB COM   TX ipdu=3 len=6
[000210225] ECUB PDUR  TX com=3 canif=0
[000210243] ECUB CAN   TX id=0x201 dlc=6 data=00 00 00 00 00 00
[000210269] ECUB CANIF TX pdu=0
[000210285] ECUB OS    TASK_END Task_BswMain
[000210307] ECUB RTE   CALL R_Odometer_UpdateSpeed
[000210328] ECUB OS    TASK_WAIT Task_LightCtl mask=0x7
[000220002] ECUB OS    ALARM Alarm_BswMain
[000220004] ECUB OS    ALARM Alarm_LightCtl20ms
[000220025] ECUB OS    EVENT_SET Task_LightCtl mask=0x1
[000220052] ECUB OS    TASK_START Task_BswMain prio=4
[000220090] ECUB OS    TASK_END Task_BswMain
[000220111] ECUB RTE   WRITE P_HeadlightCmd_HeadlightCmd=0
[000220133] ECUB RTE   TRIGGER DRE_Actuator_HeadlightCmd -> Task_LightAct
[000220162] ECUB OS    TASK_WAIT Task_LightCtl mask=0x7
[000220186] ECUB OS    TASK_START Task_LightAct prio=2
[000220207] ECUB RTE   CALL R_Odometer_GetDistance
[000220227] ECUB RTE   WRITE P_HeadlightStatus_HeadlightStatus=0
[000220254] ECUB RTE   WRITE P_OdometerDistance_Distance=0
[000220282] ECUB OS    TASK_END Task_LightAct
[000230002] ECUB OS    ALARM Alarm_BswMain
[000230016] ECUB OS    ISR_ENTER Isr_CanRx
[000230030] ECUB CAN   RX id=0x101 dlc=2 data=1d 00
[000230050] ECUB CANIF RX pdu=0
[000230070] ECUB PDUR  RX canif=0 com=0
[000230070] ECUB COM   RX ipdu=0 len=2
[000230102] ECUB OS    ISR_EXIT Isr_CanRx
[000230102] ECUB OS    TASK_START Task_BswMain prio=4
[000230118] ECUB COM   NOTIFY sig=0
[000230157] ECUB RTE   TRIGGER DRE_LightCtl_VehicleSpeed -> Task_LightCtl
[000230184] ECUB OS    EVENT_SET Task_LightCtl mask=0x2
[000230213] ECUB OS    TASK_END Task_BswMain
[000230234] ECUB RTE   CALL R_Odometer_UpdateSpeed
[000230255] ECUB OS    TASK_WAIT Task_LightCtl mask=0x7
[000240002] ECUB OS    ALARM Alarm_BswMain
[000240004] ECUB OS    ALARM Alarm_LightCtl20ms
[000240026] ECUB OS    EVENT_SET Task_LightCtl mask=0x1
[000240052] ECUB OS    TASK_START Task_BswMain prio=4
[000240090] ECUB OS    TASK_END Task_BswMain
[000240111] ECUB RTE   WRITE P_HeadlightCmd_HeadlightCmd=0
[000240133] ECUB RTE   TRIGGER DRE_Actuator_HeadlightCmd -> Task_LightAct
[000240161] ECUB OS    TASK_WAIT Task_LightCtl mask=0x7
[000240186] ECUB OS    TASK_START Task_LightAct prio=2
[000240206] ECUB RTE   CALL R_Odometer_GetDistance
[000240227] ECUB RTE   WRITE P_HeadlightStatus_HeadlightStatus=0
[000240253] ECUB RTE   WRITE P_OdometerDistance_Distance=0
[000240282] ECUB OS    TASK_END Task_LightAct
[000250003] ECUB OS    ALARM Alarm_BswMain
[000250016] ECUB OS    ISR_ENTER Isr_CanRx
[000250030] ECUB CAN   RX id=0x101 dlc=2 data=3a 00
[000250050] ECUB CANIF RX pdu=0
[000250070] ECUB PDUR  RX canif=0 com=0
[000250070] ECUB COM   RX ipdu=0 len=2
[000250103] ECUB OS    ISR_EXIT Isr_CanRx
[000250103] ECUB OS    TASK_START Task_BswMain prio=4
[000250118] ECUB COM   NOTIFY sig=0
[000250158] ECUB RTE   TRIGGER DRE_LightCtl_VehicleSpeed -> Task_LightCtl
[000250185] ECUB OS    EVENT_SET Task_LightCtl mask=0x2
[000250213] ECUB OS    TASK_END Task_BswMain
[000250234] ECUB RTE   CALL R_Odometer_UpdateSpeed
[000250255] ECUB OS    TASK_WAIT Task_LightCtl mask=0x7
[000260003] ECUB OS    ALARM Alarm_BswMain
[000260020] ECUB OS    ALARM Alarm_LightCtl20ms
[000260037] ECUB OS    EVENT_SET Task_LightCtl mask=0x1
[000260062] ECUB OS    TASK_START Task_BswMain prio=4
[000260090] ECUB OS    TASK_END Task_BswMain
[000260111] ECUB RTE   WRITE P_HeadlightCmd_HeadlightCmd=0
[000260133] ECUB RTE   TRIGGER DRE_Actuator_HeadlightCmd -> Task_LightAct
[000260162] ECUB OS    TASK_WAIT Task_LightCtl mask=0x7
[000260186] ECUB OS    TASK_START Task_LightAct prio=2
[000260207] ECUB RTE   CALL R_Odometer_GetDistance
[000260227] ECUB RTE   WRITE P_HeadlightStatus_HeadlightStatus=0
[000260253] ECUB RTE   WRITE P_OdometerDistance_Distance=0
[000260282] ECUB OS    TASK_END Task_LightAct
[000270003] ECUB OS    ALARM Alarm_BswMain
[000270003] ECUB OS    ISR_ENTER Isr_CanRx
[000270030] ECUB CAN   RX id=0x101 dlc=2 data=57 00
[000270051] ECUB CANIF RX pdu=0
[000270070] ECUB PDUR  RX canif=0 com=0
[000270070] ECUB COM   RX ipdu=0 len=2
[000270103] ECUB OS    ISR_EXIT Isr_CanRx
[000270103] ECUB OS    TASK_START Task_BswMain prio=4
[000270119] ECUB COM   NOTIFY sig=0
[000270158] ECUB RTE   TRIGGER DRE_LightCtl_VehicleSpeed -> Task_LightCtl
[000270185] ECUB OS    EVENT_SET Task_LightCtl mask=0x2
[000270213] ECUB OS    TASK_END Task_BswMain
[000270235] ECUB RTE   CALL R_Odometer_UpdateSpeed
[000270256] ECUB OS    TASK_WAIT Task_LightCtl mask=0x7
[000280003] ECUB OS    ALARM Alarm_BswMain
[000280003] ECUB OS    ALARM Alarm_LightCtl20ms
[000280023] ECUB OS    EVENT_SET Task_LightCtl mask=0x1
[000280050] ECUB OS    TASK_START Task_BswMain prio=4
[000280090] ECUB OS    TASK_END Task_BswMain
[000280111] ECUB RTE   WRITE P_HeadlightCmd_HeadlightCmd=0
[000280133] ECUB RTE   TRIGGER DRE_Actuator_HeadlightCmd -> Task_LightAct
[000280162] ECUB OS    TASK_WAIT Task_LightCtl mask=0x7
[000280186] ECUB OS    TASK_START Task_LightAct prio=2
[000280207] ECUB RTE   CALL R_Odometer_GetDistance
[000280227] ECUB RTE   WRITE P_HeadlightStatus_HeadlightStatus=0
[000280254] ECUB RTE   WRITE P_OdometerDistance_Distance=0
[000280282] ECUB OS    TASK_END Task_LightAct
[000290003] ECUB OS    ALARM Alarm_BswMain
[000290017] ECUB OS    ISR_ENTER Isr_CanRx
[000290031] ECUB CAN   RX id=0x101 dlc=2 data=74 00
[000290051] ECUB CANIF RX pdu=0
[000290071] ECUB PDUR  RX canif=0 com=0
[000290071] ECUB COM   RX ipdu=0 len=2
[000290103] ECUB OS    ISR_EXIT Isr_CanRx
[000290103] ECUB OS    TASK_START Task_BswMain prio=4
[000290119] ECUB COM   NOTIFY sig=0
[000290158] ECUB RTE   TRIGGER DRE_LightCtl_VehicleSpeed -> Task_LightCtl
[000290185] ECUB OS    EVENT_SET Task_LightCtl mask=0x2
[000290213] ECUB OS    TASK_END Task_BswMain
[000290235] ECUB RTE   CALL R_Odometer_UpdateSpeed
[000290256] ECUB OS    TASK_WAIT Task_LightCtl mask=0x7
[000299803] ECUB OS    ISR_ENTER Isr_CanRx
[000299821] ECUB CAN   RX id=0x301 dlc=1 data=c8
[000299822] ECUB CANIF RX pdu=1
[000299853] ECUB PDUR  RX canif=1 com=1
[000299870] ECUB COM   RX ipdu=1 len=1
[000299886] ECUB OS    ISR_EXIT Isr_CanRx
[000300003] ECUB OS    ALARM Alarm_BswMain
[000300005] ECUB OS    ALARM Alarm_LightCtl20ms
[000300026] ECUB OS    EVENT_SET Task_LightCtl mask=0x1
[000300047] ECUB OS    TASK_START Task_BswMain prio=4
[000300073] ECUB OS    TASK_END Task_BswMain
[000300111] ECUB RTE   WRITE P_HeadlightCmd_HeadlightCmd=0
[000300133] ECUB RTE   TRIGGER DRE_Actuator_HeadlightCmd -> Task_LightAct
[000300162] ECUB OS    TASK_WAIT Task_LightCtl mask=0x7
[000300187] ECUB OS    TASK_START Task_LightAct prio=2
[000300207] ECUB RTE   CALL R_Odometer_GetDistance
[000300228] ECUB RTE   WRITE P_HeadlightStatus_HeadlightStatus=0
[000300254] ECUB RTE   WRITE P_OdometerDistance_Distance=0
[000300283] ECUB OS    TASK_END Task_LightAct
[000302803] ECUB OS    ISR_ENTER Isr_CanRx
[000302821] ECUB CAN   RX id=0x3f0 dlc=1 data=00
[000302822] ECUB CANIF RX pdu=2
[000302853] ECUB PDUR  RX canif=2 com=2
[000302870] ECUB COM   RX ipdu=2 len=1
[000302886] ECUB OS    ISR_EXIT Isr_CanRx
[000310003] ECUB OS    ALARM Alarm_BswMain
[000310003] ECUB OS    ISR_ENTER Isr_CanRx
[000310027] ECUB CAN   RX id=0x101 dlc=2 data=92 00
[000310047] ECUB CANIF RX pdu=0
[000310067] ECUB PDUR  RX canif=0 com=0
[000310067] ECUB COM   RX ipdu=0 len=2
[000310103] ECUB OS    ISR_EXIT Isr_CanRx
[000310116] ECUB OS    TASK_START Task_BswMain prio=4
[000310145] ECUB COM   NOTIFY sig=0
[000310158] ECUB RTE   TRIGGER DRE_LightCtl_VehicleSpeed -> Task_LightCtl
[000310185] ECUB OS    EVENT_SET Task_LightCtl mask=0x2
[000310211] ECUB COM   TX ipdu=3 len=6
[000310226] ECUB PDUR  TX com=3 canif=0
[000310245] ECUB CAN   TX id=0x201 dlc=6 data=00 00 00 00 00 00
[000310270] ECUB CANIF TX pdu=0
[000310286] ECUB OS    TASK_END Task_BswMain
[000310308] ECUB RTE   CALL R_Odometer_UpdateSpeed
[000310329] ECUB OS    TASK_WAIT Task_LightCtl mask=0x7
[000320005] ECUB OS    ALARM Alarm_BswMain
[000320005] ECUB OS    ALARM Alarm_LightCtl20ms
[000320027] ECUB OS    EVENT_SET Task_LightCtl mask=0x1
[000320053] ECUB OS    TASK_START Task_BswMain prio=4
[000320092] ECUB OS    TASK_END Task_BswMain
[000320112] ECUB RTE   WRITE P_HeadlightCmd_HeadlightCmd=0
[000320134] ECUB RTE   TRIGGER DRE_Actuator_HeadlightCmd -> Task_LightAct
[000320163] ECUB OS    TASK_WAIT Task_LightCtl mask=0x7
[000320187] ECUB OS    TASK_START Task_LightAct prio=2
[000320208] ECUB RTE   CALL R_Odometer_GetDistance
[000320229] ECUB RTE   WRITE P_HeadlightStatus_HeadlightStatus=0
[000320255] ECUB RTE   WRITE P_OdometerDistance_Distance=0
[000320284] ECUB OS    TASK_END Task_LightAct
[000330003] ECUB OS    ALARM Alarm_BswMain
[000330003] ECUB OS    ISR_ENTER Isr_CanRx
[000330027] ECUB CAN   RX id=0x101 dlc=2 data=af 00
[000330047] ECUB CANIF RX pdu=0
[000330067] ECUB PDUR  RX canif=0 com=0
[000330067] ECUB COM   RX ipdu=0 len=2
[000330103] ECUB OS    ISR_EXIT Isr_CanRx
[000330116] ECUB OS    TASK_START Task_BswMain prio=4
[000330145] ECUB COM   NOTIFY sig=0
[000330159] ECUB RTE   TRIGGER DRE_LightCtl_VehicleSpeed -> Task_LightCtl
[000330185] ECUB OS    EVENT_SET Task_LightCtl mask=0x2
[000330214] ECUB OS    TASK_END Task_BswMain
[000330235] ECUB RTE   CALL R_Odometer_UpdateSpeed
[000330256] ECUB OS    TASK_WAIT Task_LightCtl mask=0x7
[000340004] ECUB OS    ALARM Alarm_BswMain
[000340005] ECUB OS    ALARM Alarm_LightCtl20ms
[000340027] ECUB OS    EVENT_SET Task_LightCtl mask=0x1
[000340054] ECUB OS    TASK_START Task_BswMain prio=4
[000340091] ECUB OS    TASK_END Task_BswMain
[000340112] ECUB RTE   WRITE P_HeadlightCmd_HeadlightCmd=0
[000340134] ECUB RTE   TRIGGER DRE_Actuator_HeadlightCmd -> Task_LightAct
[000340162] ECUB OS    TASK_WAIT Task_LightCtl mask=0x7
[000340187] ECUB OS    TASK_START Task_LightAct prio=2
[000340208] ECUB RTE   CALL R_Odometer_GetDistance
[000340228] ECUB RTE   WRITE P_HeadlightStatus_HeadlightStatus=0
[000340254] ECUB RTE   WRITE P_OdometerDistance_Distance=0
[000340283] ECUB OS    TASK_END Task_LightAct
[000350004] ECUB OS    ALARM Alarm_BswMain
[000350004] ECUB OS    ISR_ENTER Isr_CanRx
[000350031] ECUB CAN   RX id=0x101 dlc=2 data=cc 00
[000350051] ECUB CANIF RX pdu=0
[000350071] ECUB PDUR  RX canif=0 com=0
[000350071] ECUB COM   RX ipdu=0 len=2
[000350104] ECUB OS    ISR_EXIT Isr_CanRx
[000350104] ECUB OS    TASK_START Task_BswMain prio=4
[000350120] ECUB COM   NOTIFY sig=0
[000350159] ECUB RTE   TRIGGER DRE_LightCtl_VehicleSpeed -> Task_LightCtl
[000350186] ECUB OS    EVENT_SET Task_LightCtl mask=0x2
[000350214] ECUB OS    TASK_END Task_BswMain
[000350236] ECUB RTE   CALL R_Odometer_UpdateSpeed
[000350257] ECUB OS    TASK_WAIT Task_LightCtl mask=0x7
[000360004] ECUB OS    ALARM Alarm_BswMain
[000360005] ECUB OS    ALARM Alarm_LightCtl20ms
[000360027] ECUB OS    EVENT_SET Task_LightCtl mask=0x1
[000360054] ECUB OS    TASK_START Task_BswMain prio=4
[000360091] ECUB OS    TASK_END Task_BswMain
[000360112] ECUB RTE   WRITE P_HeadlightCmd_HeadlightCmd=0
[000360134] ECUB RTE   TRIGGER DRE_Actuator_HeadlightCmd -> Task_LightAct
[000360163] ECUB OS    TASK_WAIT Task_LightCtl mask=0x7
[000360187] ECUB OS    TASK_START Task_LightAct prio=2
[000360208] ECUB RTE   CALL R_Odometer_GetDistance
[000360228] ECUB RTE   WRITE P_HeadlightStatus_HeadlightStatus=0
[000360255] ECUB RTE   WRITE P_OdometerDistance_Distance=0
[000360283] ECUB OS    TASK_END Task_LightAct
[000370004] ECUB OS    ALARM Alarm_BswMain
[000370013] ECUB OS    ISR_ENTER Isr_CanRx
[000370027] ECUB CAN   RX id=0x101 dlc=2 data=e9 00
[000370047] ECUB CANIF RX pdu=0
[000370067] ECUB PDUR  RX canif=0 com=0
[000370067] ECUB COM   RX ipdu=0 len=2
[000370104] ECUB OS    ISR_EXIT Isr_CanRx
[000370116] ECUB OS    TASK_START Task_BswMain prio=4
[000370146] ECUB COM   NOTIFY sig=0
[000370159] ECUB RTE   TRIGGER DRE_LightCtl_VehicleSpeed -> Task_LightCtl
[000370186] ECUB OS    EVENT_SET Task_LightCtl mask=0x2
[000370214] ECUB OS    TASK_END Task_BswMain
[000370236] ECUB RTE   CALL R_Odometer_UpdateSpeed
[000370257] ECUB OS    TASK_WAIT Task_LightCtl mask=0x7
[000380004] ECUB OS    ALARM Alarm_BswMain
[000380006] ECUB OS    ALARM Alarm_LightCtl20ms
[000380027] ECUB OS    EVENT_SET Task_LightCtl mask=0x1
[000380054] ECUB OS    TASK_START Task_BswMain prio=4
[000380092] ECUB OS    TASK_END Task_BswMain
[000380112] ECUB RTE   WRITE P_HeadlightCmd_HeadlightCmd=0
[000380134] ECUB RTE   TRIGGER DRE_Actuator_HeadlightCmd -> Task_LightAct
[000380163] ECUB OS    TASK_WAIT Task_LightCtl mask=0x7
[000380188] ECUB OS    TASK_START Task_LightAct prio=2
[000380208] ECUB RTE   CALL R_Odometer_GetDistance
[000380229] ECUB RTE   WRITE P_HeadlightStatus_HeadlightStatus=0
[000380255] ECUB RTE   WRITE P_OdometerDistance_Distance=0
[000380284] ECUB OS    TASK_END Task_LightAct
[000390004] ECUB OS    ALARM Alarm_BswMain
[000390018] ECUB OS    ISR_ENTER Isr_CanRx
[000390032] ECUB CAN   RX id=0x101 dlc=2 data=07 01
[000390052] ECUB CANIF RX pdu=0
[000390072] ECUB PDUR  RX canif=0 com=0
[000390072] ECUB COM   RX ipdu=0 len=2
[000390104] ECUB OS    ISR_EXIT Isr_CanRx
[000390104] ECUB OS    TASK_START Task_BswMain prio=4
[000390120] ECUB COM   NOTIFY sig=0
[000390159] ECUB RTE   TRIGGER DRE_LightCtl_VehicleSpeed -> Task_LightCtl
[000390186] ECUB OS    EVENT_SET Task_LightCtl mask=0x2
[000390214] ECUB OS    TASK_END Task_BswMain
[000390236] ECUB RTE   CALL R_Odometer_UpdateSpeed
[000390257] ECUB OS    TASK_WAIT Task_LightCtl mask=0x7
[000399804] ECUB OS    ISR_ENTER Isr_CanRx
[000399822] ECUB CAN   RX id=0x301 dlc=1 data=c8
[000399822] ECUB CANIF RX pdu=1
[000399854] ECUB PDUR  RX canif=1 com=1
[000399871] ECUB COM   RX ipdu=1 len=1
[000399887] ECUB OS    ISR_EXIT Isr_CanRx
[000400006] ECUB OS    ALARM Alarm_BswMain
[000400006] ECUB OS    ALARM Alarm_LightCtl20ms
[000400027] ECUB OS    EVENT_SET Task_LightCtl mask=0x1
[000400048] ECUB OS    TASK_START Task_BswMain prio=4
[000400075] ECUB OS    TASK_END Task_BswMain
[000400113] ECUB RTE   WRITE P_HeadlightCmd_HeadlightCmd=0
[000400135] ECUB RTE   TRIGGER DRE_Actuator_HeadlightCmd -> Task_LightAct
[000400163] ECUB OS    TASK_WAIT Task_LightCtl mask=0x7
[000400188] ECUB OS    TASK_START Task_LightAct prio=2
[000400208] ECUB RTE   CALL R_Odometer_GetDistance
[000400229] ECUB RTE   WRITE P_HeadlightStatus_HeadlightStatus=0
[000400255] ECUB RTE   WRITE P_OdometerDistance_Distance=0
[000400284] ECUB OS    TASK_END Task_LightAct
[000402905] ECUB OS    ISR_ENTER Isr_CanRx
[000402922] ECUB CAN   RX id=0x3f0 dlc=1 data=00
[000402942] ECUB CANIF RX pdu=2
[000402954] ECUB PDUR  RX canif=2 com=2
[000402971] ECUB COM   RX ipdu=2 len=1
[000402987] ECUB OS    ISR_EXIT Isr_CanRx
[000410004] ECUB OS    ALARM Alarm_BswMain
[000410018] ECUB OS    ISR_ENTER Isr_CanRx
[000410032] ECUB CAN   RX id=0x101 dlc=2 data=24 01
[000410052] ECUB CANIF RX pdu=0
[000410072] ECUB PDUR  RX canif=0 com=0
[000410072] ECUB COM   RX ipdu=0 len=2
[000410104] ECUB OS    ISR_EXIT Isr_CanRx
[000410104] ECUB OS    TASK_START Task_BswMain prio=4
[000410121] ECUB COM   NOTIFY sig=0
[000410160] ECUB RTE   TRIGGER DRE_LightCtl_VehicleSpeed -> Task_LightCtl
[000410186] ECUB OS    EVENT_SET Task_LightCtl mask=0x2
[000410212] ECUB COM   TX ipdu=3 len=6
[000410227] ECUB PDUR  TX com=3 canif=0
[000410246] ECUB CAN   TX id=0x201 dlc=6 data=00 00 00 00 00 00
[000410271] ECUB CANIF TX pdu=0
[000410288] ECUB OS    TASK_END Task_BswMain
[000410309] ECUB RTE   CALL R_Odometer_UpdateSpeed
[000410330] ECUB OS    TASK_WAIT Task_LightCtl mask=0x7
[000420005] ECUB OS    ALARM Alarm_BswMain
[000420005] ECUB OS    ALARM Alarm_LightCtl20ms
[000420023] ECUB OS    EVENT_SET Task_LightCtl mask=0x1
[000420050] ECUB OS    TASK_START Task_BswMain prio=4
[000420093] ECUB OS    TASK_END Task_BswMain
[000420113] ECUB RTE   WRITE P_HeadlightCmd_HeadlightCmd=0
[000420136] ECUB RTE   TRIGGER DRE_Actuator_HeadlightCmd -> Task_LightAct
[000420164] ECUB OS    TASK_WAIT Task_LightCtl mask=0x7
[000420189] ECUB OS    TASK_START Task_LightAct prio=2
[000420209] ECUB RTE   CALL R_Odometer_GetDistance
[000420230] ECUB RTE   WRITE P_HeadlightStatus_HeadlightStatus=0
[000420256] ECUB RTE   WRITE P_OdometerDistance_Distance=0
[000420285] ECUB OS    TASK_END Task_LightAct
[000430005] ECUB OS    ALARM Alarm_BswMain
[000430005] ECUB OS    ISR_ENTER Isr_CanRx
[000430032] ECUB CAN   RX id=0x101 dlc=2 data=41 01
[000430052] ECUB CANIF RX pdu=0
[000430052] ECUB PDUR  RX canif=0 com=0
[000430072] ECUB COM   RX ipdu=0 len=2
[000430105] ECUB OS    ISR_EXIT Isr_CanRx
[000430105] ECUB OS    TASK_START Task_BswMain prio=4
[000430121] ECUB COM   NOTIFY sig=0
[000430160] ECUB RTE   TRIGGER DRE_LightCtl_VehicleSpeed -> Task_LightCtl
[000430187] ECUB OS    EVENT_SET Task_LightCtl mask=0x2
[000430215] ECUB OS    TASK_END Task_BswMain
[000430237] ECUB RTE   CALL R_Odometer_UpdateSpeed
[000430258] ECUB OS    TASK_WAIT Task_LightCtl mask=0x7
[000440005] ECUB OS    ALARM Alarm_BswMain
[000440006] ECUB OS    ALARM Alarm_LightCtl20ms
[000440028] ECUB OS    EVENT_SET Task_LightCtl mask=0x1
[000440055] ECUB OS    TASK_START Task_BswMain prio=4
[000440092] ECUB OS    TASK_END Task_BswMain
[000440113] ECUB RTE   WRITE P_HeadlightCmd_HeadlightCmd=0
[000440135] ECUB RTE   TRIGGER DRE_Actuator_HeadlightCmd -> Task_LightAct
[000440164] ECUB OS    TASK_WAIT Task_LightCtl mask=0x7
[000440188] ECUB OS    TASK_START Task_LightAct prio=2
[000440209] ECUB RTE   CALL R_Odometer_GetDistance
[000440229] ECUB RTE   WRITE P_HeadlightStatus_HeadlightStatus=0
[000440256] ECUB RTE   WRITE P_OdometerDistance_Distance=1
[000440284] ECUB OS    TASK_END Task_LightAct
[000450005] ECUB OS    ALARM Alarm_BswMain
[000450019] ECUB OS    ISR_ENTER Isr_CanRx
[000450032] ECUB CAN   RX id=0x101 dlc=2 data=5f 01
[000450053] ECUB CANIF RX pdu=0
[000450072] ECUB PDUR  RX canif=0 com=0
[000450072] ECUB COM   RX ipdu=0 len=2
[000450105] ECUB OS    ISR_EXIT Isr_CanRx
[000450105] ECUB OS    TASK_START Task_BswMain prio=4
[000450121] ECUB COM   NOTIFY sig=0
[000450160] ECUB RTE   TRIGGER DRE_LightCtl_VehicleSpeed -> Task_LightCtl
[000450187] ECUB OS    EVENT_SET Task_LightCtl mask=0x2
[000450215] ECUB OS    TASK_END Task_BswMain
[000450237] ECUB RTE   CALL R_Odometer_UpdateSpeed
[000450258] ECUB OS    TASK_WAIT Task_LightCtl mask=0x7
[000460005] ECUB OS    ALARM Alarm_BswMain
[000460007] ECUB OS    ALARM Alarm_LightCtl20ms
[000460028] ECUB OS    EVENT_SET Task_LightCtl mask=0x1
[000460064] ECUB OS    TASK_START Task_BswMain prio=4
[000460093] ECUB OS    TASK_END Task_BswMain
[000460113] ECUB RTE   WRITE P_HeadlightCmd_HeadlightCmd=0
[000460135] ECUB RTE   TRIGGER DRE_Actuator_HeadlightCmd -> Task_LightAct
[000460164] ECUB OS    TASK_WAIT Task_LightCtl mask=0x7
[000460188] ECUB OS    TASK_START Task_LightAct prio=2
[000460209] ECUB RTE   CALL R_Odometer_GetDistance
[000460229] ECUB RTE   WRITE P_HeadlightStatus_HeadlightStatus=0
[000460256] ECUB RTE   WRITE P_OdometerDistance_Distance=1
[000460285] ECUB OS    TASK_END Task_LightAct
[000470005] ECUB OS    ALARM Alarm_BswMain
[000470019] ECUB OS    ISR_ENTER Isr_CanRx
[000470033] ECUB CAN   RX id=0x101 dlc=2 data=7c 01
[000470053] ECUB CANIF RX pdu=0
[000470073] ECUB PDUR  RX canif=0 com=0
[000470073] ECUB COM   RX ipdu=0 len=2
[000470105] ECUB OS    ISR_EXIT Isr_CanRx
[000470105] ECUB OS    TASK_START Task_BswMain prio=4
[000470121] ECUB COM   NOTIFY sig=0
[000470160] ECUB RTE   TRIGGER DRE_LightCtl_VehicleSpeed -> Task_LightCtl
[000470187] ECUB OS    EVENT_SET Task_LightCtl mask=0x2
[000470216] ECUB OS    TASK_END Task_BswMain
[000470237] ECUB RTE   CALL R_Odometer_UpdateSpeed
[000470258] ECUB OS    TASK_WAIT Task_LightCtl mask=0x7
[000480005] ECUB OS    ALARM Alarm_BswMain
[000480007] ECUB OS    ALARM Alarm_LightCtl20ms
[000480028] ECUB OS    EVENT_SET Task_LightCtl mask=0x1
[000480064] ECUB OS    TASK_START Task_BswMain prio=4
[000480093] ECUB OS    TASK_END Task_BswMain
[000480114] ECUB RTE   WRITE P_HeadlightCmd_HeadlightCmd=0
[000480136] ECUB RTE   TRIGGER DRE_Actuator_HeadlightCmd -> Task_LightAct
[000480164] ECUB OS    TASK_WAIT Task_LightCtl mask=0x7
[000480189] ECUB OS    TASK_START Task_LightAct prio=2
[000480209] ECUB RTE   CALL R_Odometer_GetDistance
[000480230] ECUB RTE   WRITE P_HeadlightStatus_HeadlightStatus=0
[000480256] ECUB RTE   WRITE P_OdometerDistance_Distance=1
[000480285] ECUB OS    TASK_END Task_LightAct
[000490005] ECUB OS    ALARM Alarm_BswMain
[000490013] ECUB OS    ISR_ENTER Isr_CanRx
[000490027] ECUB CAN   RX id=0x101 dlc=2 data=99 01
[000490047] ECUB CANIF RX pdu=0
[000490067] ECUB PDUR  RX canif=0 com=0
[000490067] ECUB COM   RX ipdu=0 len=2
[000490105] ECUB OS    ISR_EXIT Isr_CanRx
[000490116] ECUB OS    TASK_START Task_BswMain prio=4
[000490147] ECUB COM   NOTIFY sig=0
[000490161] ECUB RTE   TRIGGER DRE_LightCtl_VehicleSpeed -> Task_LightCtl
[000490187] ECUB OS    EVENT_SET Task_LightCtl mask=0x2
[000490216] ECUB OS    TASK_END Task_BswMain
[000490237] ECUB RTE   CALL R_Odometer_UpdateSpeed
[000490258] ECUB OS    TASK_WAIT Task_LightCtl mask=0x7
[000499805] ECUB OS    ISR_ENTER Isr_CanRx
[000499822] ECUB CAN   RX id=0x301 dlc=1 data=3c
[000499822] ECUB CANIF RX pdu=1
[000499855] ECUB PDUR  RX canif=1 com=1
[000499872] ECUB COM   RX ipdu=1 len=1
[000499888] ECUB OS    ISR_EXIT Isr_CanRx
[000500006] ECUB OS    ALARM Alarm_BswMain
[000500007] ECUB OS    ALARM Alarm_LightCtl20ms
[000500029] ECUB OS    EVENT_SET Task_LightCtl mask=0x1
[000500049] ECUB OS    TASK_START Task_BswMain prio=4
[000500076] ECUB OS    TASK_END Task_BswMain
[000500114] ECUB SWC   LightCtl cmd=1 speed=409 ambient=60 postrun=0
[000500141] ECUB RTE   WRITE P_HeadlightCmd_HeadlightCmd=1
[000500163] ECUB RTE   TRIGGER DRE_Actuator_HeadlightCmd -> Task_LightAct
[000500192] ECUB OS    TASK_WAIT Task_LightCtl mask=0x7
[000500216] ECUB OS    TASK_START Task_LightAct prio=2
[000500237] ECUB RTE   CALL R_Odometer_GetDistance
[000500257] ECUB RTE   CALL R_LightHw_SetHeadlight
[000500276] ECUB BSW   IOHWAB LIGHT state=1
[000500292] ECUB SWC   Actuator state=1 dist=1
[000500310] ECUB RTE   WRITE P_HeadlightStatus_HeadlightStatus=1
[000500337] ECUB RTE   WRITE P_OdometerDistance_Distance=1
[000500365] ECUB OS    TASK_END Task_LightAct
[000502806] ECUB OS    ISR_ENTER Isr_CanRx
[000502806] ECUB CAN   RX id=0x3f0 dlc=1 data=00
[000502822] ECUB CANIF RX pdu=2
[000502822] ECUB PDUR  RX canif=2 com=2
[000502872] ECUB COM   RX ipdu=2 len=1
[000502889] ECUB OS    ISR_EXIT Isr_CanRx
[000510006] ECUB OS    ALARM Alarm_BswMain
[000510019] ECUB OS    ISR_ENTER Isr_CanRx
[000510033] ECUB CAN   RX id=0x101 dlc=2 data=b7 01
[000510053] ECUB CANIF RX pdu=0
[000510073] ECUB PDUR  RX canif=0 com=0
[000510091] ECUB COM   RX ipdu=0 len=2
[000510106] ECUB OS    ISR_EXIT Isr_CanRx
[000510111] ECUB OS    TASK_START Task_BswMain prio=4
[000510137] ECUB COM   NOTIFY sig=0
[000510161] ECUB RTE   TRIGGER DRE_LightCtl_VehicleSpeed -> Task_LightCtl
[000510188] ECUB OS    EVENT_SET Task_LightCtl mask=0x2
[000510213] ECUB COM   TX ipdu=3 len=6
[000510228] ECUB PDUR  TX com=3 canif=0
[000510247] ECUB CAN   TX id=0x201 dlc=6 data=01 00 01 00 00 00
[000510273] ECUB CANIF TX pdu=0
[000510289] ECUB OS    TASK_END Task_BswMain
[000510310] ECUB RTE   CALL R_Odometer_UpdateSpeed
[000510331] ECUB OS    TASK_WAIT Task_LightCtl mask=0x7
[000520006] ECUB OS    ALARM Alarm_BswMain
[000520007] ECUB OS    ALARM Alarm_LightCtl20ms
[000520029] ECUB OS    EVENT_SET Task_LightCtl mask=0x1
[000520056] ECUB OS    TASK_START Task_BswMain prio=4
[000520094] ECUB OS    TASK_END Task_BswMain
[000520115] ECUB RTE   WRITE P_HeadlightCmd_HeadlightCmd=1
[000520137] ECUB RTE   TRIGGER DRE_Actuator_HeadlightCmd -> Task_LightAct
[000520165] ECUB OS    TASK_WAIT Task_LightCtl mask=0x7
[000520190] ECUB OS    TASK_START Task_LightAct prio=2
[000520210] ECUB RTE   CALL R_Odometer_GetDistance
[000520231] ECUB RTE   WRITE P_HeadlightStatus_HeadlightStatus=1
[000520257] ECUB RTE   WRITE P_OdometerDistance_Distance=1
[000520286] ECUB OS    TASK_END Task_LightAct
[000530006] ECUB OS    ALARM Alarm_BswMain
[000530006] ECUB OS    ISR_ENTER Isr_CanRx
[000530033] ECUB CAN   RX id=0x101 dlc=2 data=d4 01
[000530054] ECUB CANIF RX pdu=0
[000530054] ECUB PDUR  RX canif=0 com=0
[000530073] ECUB COM   RX ipdu=0 len=2
[000530106] ECUB OS    ISR_EXIT Isr_CanRx
[000530106] ECUB OS    TASK_START Task_BswMain prio=4
[000530122] ECUB COM   NOTIFY sig=0
[000530161] ECUB RTE   TRIGGER DRE_LightCtl_VehicleSpeed -> Task_LightCtl
[000530188] ECUB OS    EVENT_SET Task_LightCtl mask=0x2
[000530216] ECUB OS    TASK_END Task_BswMain
[000530238] ECUB RTE   CALL R_Odometer_UpdateSpeed
[000530259] ECUB OS    TASK_WAIT Task_LightCtl mask=0x7
[000540006] ECUB OS    ALARM Alarm_BswMain
[000540007] ECUB OS    ALARM Alarm_LightCtl20ms
[000540040] ECUB OS    EVENT_SET Task_LightCtl mask=0x1
[000540065] ECUB OS    TASK_START Task_BswMain prio=4
[000540094] ECUB OS    TASK_END Task_BswMain
[000540114] ECUB RTE   WRITE P_HeadlightCmd_HeadlightCmd=1
[000540136] ECUB RTE   TRIGGER DRE_Actuator_HeadlightCmd -> Task_LightAct
[000540165] ECUB OS    TASK_WAIT Task_LightCtl mask=0x7
[000540189] ECUB OS    TASK_START Task_LightAct prio=2
[000540210] ECUB RTE   CALL R_Odometer_GetDistance
[000540230] ECUB RTE   WRITE P_HeadlightStatus_HeadlightStatus=1
[000540257] ECUB RTE   WRITE P_OdometerDistance_Distance=2
[000540285] ECUB OS    TASK_END Task_LightAct
[000550006] ECUB OS    ALARM Alarm_BswMain
[000550020] ECUB OS    ISR_ENTER Isr_CanRx
[000550034] ECUB CAN   RX id=0x101 dlc=2 data=f1 01
[000550054] ECUB CANIF RX pdu=0
[000550074] ECUB PDUR  RX canif=0 com=0
[000550074] ECUB COM   RX ipdu=0 len=2
[000550106] ECUB OS    ISR_EXIT Isr_CanRx
[000550106] ECUB OS    TASK_START Task_BswMain prio=4
[000550122] ECUB COM   NOTIFY sig=0
[000550161] ECUB RTE   TRIGGER DRE_LightCtl_VehicleSpeed -> Task_LightCtl
[000550188] ECUB OS    EVENT_SET Task_LightCtl mask=0x2
[000550216] ECUB OS    TASK_END Task_BswMain
[000550238] ECUB RTE   CALL R_Odometer_UpdateSpeed
[000550259] ECUB OS    TASK_WAIT Task_LightCtl mask=0x7
[000560006] ECUB OS    ALARM Alarm_BswMain
[000560008] ECUB OS    ALARM Alarm_LightCtl20ms
[000560029] ECUB OS    EVENT_SET Task_LightCtl mask=0x1
[000560056] ECUB OS    TASK_START Task_BswMain prio=4
[000560094] ECUB OS    TASK_END Task_BswMain
[000560114] ECUB RTE   WRITE P_HeadlightCmd_HeadlightCmd=1
[000560137] ECUB RTE   TRIGGER DRE_Actuator_HeadlightCmd -> Task_LightAct
[000560165] ECUB OS    TASK_WAIT Task_LightCtl mask=0x7
[000560190] ECUB OS    TASK_START Task_LightAct prio=2
[000560210] ECUB RTE   CALL R_Odometer_GetDistance
[000560231] ECUB RTE   WRITE P_HeadlightStatus_HeadlightStatus=1
[000560257] ECUB RTE   WRITE P_OdometerDistance_Distance=2
[000560286] ECUB OS    TASK_END Task_LightAct
[000570006] ECUB OS    ALARM Alarm_BswMain
[000570020] ECUB OS    ISR_ENTER Isr_CanRx
[000570034] ECUB CAN   RX id=0x101 dlc=2 data=0f 02
[000570054] ECUB CANIF RX pdu=0
[000570074] ECUB PDUR  RX canif=0 com=0
[000570074] ECUB COM   RX ipdu=0 len=2
[000570106] ECUB OS    ISR_EXIT Isr_CanRx
[000570106] ECUB OS    TASK_START Task_BswMain prio=4
[000570122] ECUB COM   NOTIFY sig=0
[000570161] ECUB RTE   TRIGGER DRE_LightCtl_VehicleSpeed -> Task_LightCtl
[000570188] ECUB OS    EVENT_SET Task_LightCtl mask=0x2
[000570217] ECUB OS    TASK_END Task_BswMain
[000570238] ECUB RTE   CALL R_Odometer_UpdateSpeed
[000570259] ECUB OS    TASK_WAIT Task_LightCtl mask=0x7
[000580006] ECUB OS    ALARM Alarm_BswMain
[000580008] ECUB OS    ALARM Alarm_LightCtl20ms
[000580030] ECUB OS    EVENT_SET Task_LightCtl mask=0x1
[000580057] ECUB OS    TASK_START Task_BswMain prio=4
[000580094] ECUB OS    TASK_END Task_BswMain
[000580115] ECUB RTE   WRITE P_HeadlightCmd_HeadlightCmd=1
[000580137] ECUB RTE   TRIGGER DRE_Actuator_HeadlightCmd -> Task_LightAct
[000580165] ECUB OS    TASK_WAIT Task_LightCtl mask=0x7
[000580190] ECUB OS    TASK_START Task_LightAct prio=2
[000580211] ECUB RTE   CALL R_Odometer_GetDistance
[000580231] ECUB RTE   WRITE P_HeadlightStatus_HeadlightStatus=1
[000580257] ECUB RTE   WRITE P_OdometerDistance_Distance=2
[000580286] ECUB OS    TASK_END Task_LightAct
[000590007] ECUB OS    ALARM Alarm_BswMain
[000590020] ECUB OS    ISR_ENTER Isr_CanRx
[000590034] ECUB CAN   RX id=0x101 dlc=2 data=2c 02
[000590054] ECUB CANIF RX pdu=0
[000590074] ECUB PDUR  RX canif=0 com=0
[000590074] ECUB COM   RX ipdu=0 len=2
[000590107] ECUB OS    ISR_EXIT Isr_CanRx
[000590107] ECUB OS    TASK_START Task_BswMain prio=4
[000590123] ECUB COM   NOTIFY sig=0
[000590162] ECUB RTE   TRIGGER DRE_LightCtl_VehicleSpeed -> Task_LightCtl
[000590189] ECUB OS    EVENT_SET Task_LightCtl mask=0x2
[000590217] ECUB OS    TASK_END Task_BswMain
[000590238] ECUB RTE   CALL R_Odometer_UpdateSpeed
[000590260] ECUB OS    TASK_WAIT Task_LightCtl mask=0x7
[000599807] ECUB OS    ISR_ENTER Isr_CanRx
[000599822] ECUB CAN   RX id=0x301 dlc=1 data=3c
[000599822] ECUB CANIF RX pdu=1
[000599857] ECUB PDUR  RX canif=1 com=1
[000599873] ECUB COM   RX ipdu=1 len=1
[000599890] ECUB OS    ISR_EXIT Isr_CanRx
[000600007] ECUB OS    ALARM Alarm_BswMain
[000600008] ECUB OS    ALARM Alarm_LightCtl20ms
[000600030] ECUB OS    EVENT_SET Task_LightCtl mask=0x1
[000600051] ECUB OS    TASK_START Task_BswMain prio=4
[000600077] ECUB OS    TASK_END Task_BswMain
[000600115] ECUB RTE   WRITE P_HeadlightCmd_HeadlightCmd=1
[000600137] ECUB RTE   TRIGGER DRE_Actuator_HeadlightCmd -> Task_LightAct
[000600166] ECUB OS    TASK_WAIT Task_LightCtl mask=0x7
[000600190] ECUB OS    TASK_START Task_LightAct prio=2
[000600211] ECUB RTE   CALL R_Odometer_GetDistance
[000600231] ECUB RTE   WRITE P_HeadlightStatus_HeadlightStatus=1
[000600258] ECUB RTE   WRITE P_OdometerDistance_Distance=3
[000600286] ECUB OS    TASK_END Task_LightAct
[000602807] ECUB OS    ISR_ENTER Isr_CanRx
[000602807] ECUB CAN   RX id=0x3f0 dlc=1 data=00
[000602822] ECUB CANIF RX pdu=2
[000602857] ECUB PDUR  RX canif=2 com=2
[000602873] ECUB COM   RX ipdu=2 len=1
[000602890] ECUB OS    ISR_EXIT Isr_CanRx
[000610007] ECUB OS    ALARM Alarm_BswMain
[000610013] ECUB OS    ISR_ENTER Isr_CanRx
[000610027] ECUB CAN   RX id=0x101 dlc=2 data=4a 02
[000610047] ECUB CANIF RX pdu=0
[000610067] ECUB PDUR  RX canif=0 com=0
[000610067] ECUB COM   RX ipdu=0 len=2
[000610107] ECUB OS    ISR_EXIT Isr_CanRx
[000610127] ECUB OS    TASK_START Task_BswMain prio=4
[000610149] ECUB COM   NOTIFY sig=0
[000610162] ECUB RTE   TRIGGER DRE_LightCtl_VehicleSpeed -> Task_LightCtl
[000610189] ECUB OS    EVENT_SET Task_LightCtl mask=0x2
[000610214] ECUB COM   TX ipdu=3 len=6
[000610230] ECUB PDUR  TX com=3 canif=0
[000610248] ECUB CAN   TX id=0x201 dlc=6 data=01 00 03 00 00 00
[000610274] ECUB CANIF TX pdu=0
[000610290] ECUB OS    TASK_END Task_BswMain
[000610312] ECUB RTE   CALL R_Odometer_UpdateSpeed
[000610333] ECUB OS    TASK_WAIT Task_LightCtl mask=0x7
[000620007] ECUB OS    ALARM Alarm_BswMain
[000620008] ECUB OS    ALARM Alarm_LightCtl20ms
[000620030] ECUB OS    EVENT_SET Task_LightCtl mask=0x1
[000620057] ECUB OS    TASK_START Task_BswMain prio=4
[000620095] ECUB OS    TASK_END Task_BswMain
[000620116] ECUB RTE   WRITE P_HeadlightCmd_HeadlightCmd=1
[000620138] ECUB RTE   TRIGGER DRE_Actuator_HeadlightCmd -> Task_LightAct
[000620167] ECUB OS    TASK_WAIT Task_LightCtl mask=0x7
[000620191] ECUB OS    TASK_START Task_LightAct prio=2
[000620212] ECUB RTE   CALL R_Odometer_GetDistance
[000620232] ECUB RTE   WRITE P_HeadlightStatus_HeadlightStatus=1
[000620258] ECUB RTE   WRITE P_OdometerDistance_Distance=3
[000620287] ECUB OS    TASK_END Task_LightAct
[000630007] ECUB OS    ALARM Alarm_BswMain
[000630007] ECUB OS    ISR_ENTER Isr_CanRx
[000630035] ECUB CAN   RX id=0x101 dlc=2 data=67 02
[000630055] ECUB CANIF RX pdu=0
[000630055] ECUB PDUR  RX canif=0 com=0
[000630075] ECUB COM   RX ipdu=0 len=2
[000630107] ECUB OS    ISR_EXIT Isr_CanRx
[000630107] ECUB OS    TASK_START Task_BswMain prio=4
[000630123] ECUB COM   NOTIFY sig=0
[000630162] ECUB RTE   TRIGGER DRE_LightCtl_VehicleSpeed -> Task_LightCtl
[000630189] ECUB OS    EVENT_SET Task_LightCtl mask=0x2
[000630217] ECUB OS    TASK_END Task_BswMain
[000630239] ECUB RTE   CALL R_Odometer_UpdateSpeed
[000630260] ECUB OS    TASK_WAIT Task_LightCtl mask=0x7
[000640007] ECUB OS    ALARM Alarm_BswMain
[000640007] ECUB OS    ALARM Alarm_LightCtl20ms
[000640023] ECUB OS    EVENT_SET Task_LightCtl mask=0x1
[000640050] ECUB OS    TASK_START Task_BswMain prio=4
[000640095] ECUB OS    TASK_END Task_BswMain
[000640115] ECUB RTE   WRITE P_HeadlightCmd_HeadlightCmd=1
[000640138] ECUB RTE   TRIGGER DRE_Actuator_HeadlightCmd -> Task_LightAct
[000640166] ECUB OS    TASK_WAIT Task_LightCtl mask=0x7
[000640191] ECUB OS    TASK_START Task_LightAct prio=2
[000640211] ECUB RTE   CALL R_Odometer_GetDistance
[000640232] ECUB RTE   WRITE P_HeadlightStatus_HeadlightStatus=1
[000640258] ECUB RTE   WRITE P_OdometerDistance_Distance=3
[000640287] ECUB OS    TASK_END Task_LightAct
[000650007] ECUB OS    ALARM Alarm_BswMain
[000650021] ECUB OS    ISR_ENTER Isr_CanRx
[000650035] ECUB CAN   RX id=0x101 dlc=2 data=84 02
[000650055] ECUB CANIF RX pdu=0
[000650075] ECUB PDUR  RX canif=0 com=0
[000650075] ECUB COM   RX ipdu=0 len=2
[000650107] ECUB OS    ISR_EXIT Isr_CanRx
[000650107] ECUB OS    TASK_START Task_BswMain prio=4
[000650123] ECUB COM   NOTIFY sig=0
[000650162] ECUB RTE   TRIGGER DRE_LightCtl_VehicleSpeed -> Task_LightCtl
[000650189] ECUB OS    EVENT_SET Task_LightCtl mask=0x2
[000650218] ECUB OS    TASK_END Task_BswMain
[000650239] ECUB RTE   CALL R_Odometer_UpdateSpeed
[000650260] ECUB OS    TASK_WAIT Task_LightCtl mask=0x7
[000660007] ECUB OS    ALARM Alarm_BswMain
[000660009] ECUB OS    ALARM Alarm_LightCtl20ms
[000660031] ECUB OS    EVENT_SET Task_LightCtl mask=0x1
[000660057] ECUB OS    TASK_START Task_BswMain prio=4
[000660095] ECUB OS    TASK_END Task_BswMain
[000660116] ECUB RTE   WRITE P_HeadlightCmd_HeadlightCmd=1
[000660138] ECUB RTE   TRIGGER DRE_Actuator_HeadlightCmd -> Task_LightAct
[000660166] ECUB OS    TASK_WAIT Task_LightCtl mask=0x7
[000660191] ECUB OS    TASK_START Task_LightAct prio=2
[000660211] ECUB RTE   CALL R_Odometer_GetDistance
[000660232] ECUB RTE   WRITE P_HeadlightStatus_HeadlightStatus=1
[000660258] ECUB RTE   WRITE P_OdometerDistance_Distance=4
[000660287] ECUB OS    TASK_END Task_LightAct
[000670008] ECUB OS    ALARM Alarm_BswMain
[000670021] ECUB OS    ISR_ENTER Isr_CanRx
[000670035] ECUB CAN   RX id=0x101 dlc=2 data=a1 02
[000670055] ECUB CANIF RX pdu=0
[000670055] ECUB PDUR  RX canif=0 com=0
[000670075] ECUB COM   RX ipdu=0 len=2
[000670108] ECUB OS    ISR_EXIT Isr_CanRx
[000670108] ECUB OS    TASK_START Task_BswMain prio=4
[000670124] ECUB COM   NOTIFY sig=0
[000670163] ECUB RTE   TRIGGER DRE_LightCtl_VehicleSpeed -> Task_LightCtl
[000670190] ECUB OS    EVENT_SET Task_LightCtl mask=0x2
[000670218] ECUB OS    TASK_END Task_BswMain
[000670239] ECUB RTE   CALL R_Odometer_UpdateSpeed
[000670260] ECUB OS    TASK_WAIT Task_LightCtl mask=0x7
[000680009] ECUB OS    ALARM Alarm_BswMain
[000680009] ECUB OS    ALARM Alarm_LightCtl20ms
[000680031] ECUB OS    EVENT_SET Task_LightCtl mask=0x1
[000680067] ECUB OS    TASK_START Task_BswMain prio=4
[000680095] ECUB OS    TASK_END Task_BswMain
[000680116] ECUB RTE   WRITE P_HeadlightCmd_HeadlightCmd=1
[000680138] ECUB RTE   TRIGGER DRE_Actuator_HeadlightCmd -> Task_LightAct
[000680167] ECUB OS    TASK_WAIT Task_LightCtl mask=0x7
[000680191] ECUB OS    TASK_START Task_LightAct prio=2
[000680212] ECUB RTE   CALL R_Odometer_GetDistance
[000680232] ECUB RTE   WRITE P_HeadlightStatus_HeadlightStatus=1
[000680258] ECUB RTE   WRITE P_OdometerDistance_Distance=4
[000680287] ECUB OS    TASK_END Task_LightAct
[000690008] ECUB OS    ALARM Alarm_BswMain
[000690013] ECUB OS    ISR_ENTER Isr_CanRx
[000690027] ECUB CAN   RX id=0x101 dlc=2 data=be 02
[000690047] ECUB CANIF RX pdu=0
[000690067] ECUB PDUR  RX canif=0 com=0
[000690089] ECUB COM   RX ipdu=0 len=2
[000690108] ECUB OS    ISR_EXIT Isr_CanRx
[000690116] ECUB OS    TASK_START Task_BswMain prio=4
[000690150] ECUB COM   NOTIFY sig=0
[000690163] ECUB RTE   TRIGGER DRE_LightCtl_VehicleSpeed -> Task_LightCtl
[000690190] ECUB OS    EVENT_SET Task_LightCtl mask=0x2
[000690218] ECUB OS    TASK_END Task_BswMain
[000690240] ECUB RTE   CALL R_Odometer_UpdateSpeed
[000690261] ECUB OS    TASK_WAIT Task_LightCtl mask=0x7
[000699808] ECUB OS    ISR_ENTER Isr_CanRx
[000699822] ECUB CAN   RX id=0x301 dlc=1 data=3c
[000699822] ECUB CANIF RX pdu=1
[000699858] ECUB PDUR  RX canif=1 com=1
[000699874] ECUB COM   RX ipdu=1 len=1
[000699891] ECUB OS    ISR_EXIT Isr_CanRx
[000700008] ECUB OS    ALARM Alarm_BswMain
[000700009] ECUB OS    ALARM Alarm_LightCtl20ms
[000700031] ECUB OS    EVENT_SET Task_LightCtl mask=0x1
[000700052] ECUB OS    TASK_START Task_BswMain prio=4
[000700079] ECUB OS    TASK_END Task_BswMain
[000700116] ECUB RTE   WRITE P_HeadlightCmd_HeadlightCmd=1
[000700138] ECUB RTE   TRIGGER DRE_Actuator_HeadlightCmd -> Task_LightAct
[000700167] ECUB OS    TASK_WAIT Task_LightCtl mask=0x7
[000700191] ECUB OS    TASK_START Task_LightAct prio=2
[000700212] ECUB RTE   CALL R_Odometer_GetDistance
[000700232] ECUB RTE   WRITE P_HeadlightStatus_HeadlightStatus=1
[000700259] ECUB RTE   WRITE P_OdometerDistance_Distance=4
[000700287] ECUB OS    TASK_END Task_LightAct
[000702808] ECUB OS    ISR_ENTER Isr_CanRx
[000702822] ECUB CAN   RX id=0x3f0 dlc=1 data=00
[000702846] ECUB CANIF RX pdu=2
[000702858] ECUB PDUR  RX canif=2 com=2
[000702875] ECUB COM   RX ipdu=2 len=1
[000702891] ECUB OS    ISR_EXIT Isr_CanRx
[000710008] ECUB OS    ALARM Alarm_BswMain
[000710008] ECUB OS    ISR_ENTER Isr_CanRx
[000710036] ECUB CAN   RX id=0x101 dlc=2 data=dc 02
[000710056] ECUB CANIF RX pdu=0
[000710056] ECUB PDUR  RX canif=0 com=0
[000710076] ECUB COM   RX ipdu=0 len=2
[000710108] ECUB OS    ISR_EXIT Isr_CanRx
[000710108] ECUB OS    TASK_START Task_BswMain prio=4
[000710150] ECUB COM   NOTIFY sig=0
[000710163] ECUB RTE   TRIGGER DRE_LightCtl_VehicleSpeed -> Task_LightCtl
[000710190] ECUB OS    EVENT_SET Task_LightCtl mask=0x2
[000710216] ECUB COM   TX ipdu=3 len=6
[000710231] ECUB PDUR  TX com=3 canif=0
[000710249] ECUB CAN   TX id=0x201 dlc=6 data=01 00 04 00 00 00
[000710275] ECUB CANIF TX pdu=0
[000710291] ECUB OS    TASK_END Task_BswMain
[000710313] ECUB RTE   CALL R_Odometer_UpdateSpeed
[000710334] ECUB OS    TASK_WAIT Task_LightCtl mask=0x7
[000720008] ECUB OS    ALARM Alarm_BswMain
[000720010] ECUB OS    ALARM Alarm_LightCtl20ms
[000720031] ECUB OS    EVENT_SET Task_LightCtl mask=0x1
[000720058] ECUB OS    TASK_START Task_BswMain prio=4
[000720096] ECUB OS    TASK_END Task_BswMain
[000720117] ECUB RTE   WRITE P_HeadlightCmd_HeadlightCmd=1
[000720139] ECUB RTE   TRIGGER DRE_Actuator_HeadlightCmd -> Task_LightAct
[000720168] ECUB OS    TASK_WAIT Task_LightCtl mask=0x7
[000720192] ECUB OS    TASK_START Task_LightAct prio=2
[000720213] ECUB RTE   CALL R_Odometer_GetDistance
[000720233] ECUB RTE   WRITE P_HeadlightStatus_HeadlightStatus=1
[000720260] ECUB RTE   WRITE P_OdometerDistance_Distance=5
[000720288] ECUB OS    TASK_END Task_LightAct
[000730008] ECUB OS    ALARM Alarm_BswMain
[000730022] ECUB OS    ISR_ENTER Isr_CanRx
[000730036] ECUB CAN   RX id=0x101 dlc=2 data=f9 02
[000730056] ECUB CANIF RX pdu=0
[000730076] ECUB PDUR  RX canif=0 com=0
[000730076] ECUB COM   RX ipdu=0 len=2
[000730108] ECUB OS    ISR_EXIT Isr_CanRx
[000730108] ECUB OS    TASK_START Task_BswMain prio=4
[000730124] ECUB COM   NOTIFY sig=0
[000730163] ECUB RTE   TRIGGER DRE_LightCtl_VehicleSpeed -> Task_LightCtl
[000730190] ECUB OS    EVENT_SET Task_LightCtl mask=0x2
[000730219] ECUB OS    TASK_END Task_BswMain
[000730240] ECUB RTE   CALL R_Odometer_UpdateSpeed
[000730261] ECUB OS    TASK_WAIT Task_LightCtl mask=0x7
[000740008] ECUB OS    ALARM Alarm_BswMain
[000740010] ECUB OS    ALARM Alarm_LightCtl20ms
[000740032] ECUB OS    EVENT_SET Task_LightCtl mask=0x1
[000740058] ECUB OS    TASK_START Task_BswMain prio=4
[000740096] ECUB OS    TASK_END Task_BswMain
[000740117] ECUB RTE   WRITE P_HeadlightCmd_HeadlightCmd=1
[000740139] ECUB RTE   TRIGGER DRE_Actuator_HeadlightCmd -> Task_LightAct
[000740167] ECUB OS    TASK_WAIT Task_LightCtl mask=0x7
[000740192] ECUB OS    TASK_START Task_LightAct prio=2
[000740212] ECUB RTE   CALL R_Odometer_GetDistance
[000740233] ECUB RTE   WRITE P_HeadlightStatus_HeadlightStatus=1
[000740259] ECUB RTE   WRITE P_OdometerDistance_Distance=5
[000740288] ECUB OS    TASK_END Task_LightAct
[000750009] ECUB OS    ALARM Alarm_BswMain
[000750022] ECUB OS    ISR_ENTER Isr_CanRx
[000750036] ECUB CAN   RX id=0x101 dlc=2 data=16 03
[000750056] ECUB CANIF RX pdu=0
[000750076] ECUB PDUR  RX canif=0 com=0
[000750076] ECUB COM   RX ipdu=0 len=2
[000750109] ECUB OS    ISR_EXIT Isr_CanRx
[000750109] ECUB OS    TASK_START Task_BswMain prio=4
[000750125] ECUB COM   NOTIFY sig=0
[000750164] ECUB RTE   TRIGGER DRE_LightCtl_VehicleSpeed -> Task_LightCtl
[000750191] ECUB OS    EVENT_SET Task_LightCtl mask=0x2
[000750219] ECUB OS    TASK_END Task_BswMain
[000750240] ECUB RTE   CALL R_Odometer_UpdateSpeed
[000750261] ECUB OS    TASK_WAIT Task_LightCtl mask=0x7
[000760009] ECUB OS    ALARM Alarm_BswMain
[000760009] ECUB OS    ALARM Alarm_LightCtl20ms
[000760023] ECUB OS    EVENT_SET Task_LightCtl mask=0x1
[000760050] ECUB OS    TASK_START Task_BswMain prio=4
[000760096] ECUB OS    TASK_END Task_BswMain
[000760117] ECUB RTE   WRITE P_HeadlightCmd_HeadlightCmd=1
[000760139] ECUB RTE   TRIGGER DRE_Actuator_HeadlightCmd -> Task_LightAct
[000760168] ECUB OS    TASK_WAIT Task_LightCtl mask=0x7
[000760192] ECUB OS    TASK_START Task_LightAct prio=2
[000760213] ECUB RTE   CALL R_Odometer_GetDistance
[000760233] ECUB RTE   WRITE P_HeadlightStatus_HeadlightStatus=1
[000760259] ECUB RTE   WRITE P_OdometerDistance_Distance=6
[000760288] ECUB OS    TASK_END Task_LightAct
[000770009] ECUB OS    ALARM Alarm_BswMain
[000770023] ECUB OS    ISR_ENTER Isr_CanRx
[000770036] ECUB CAN   RX id=0x101 dlc=2 data=34 03
[000770057] ECUB CANIF RX pdu=0
[000770057] ECUB PDUR  RX canif=0 com=0
[000770076] ECUB COM   RX ipdu=0 len=2
[000770109] ECUB OS    ISR_EXIT Isr_CanRx
[000770109] ECUB OS    TASK_START Task_BswMain prio=4
[000770125] ECUB COM   NOTIFY sig=0
[000770164] ECUB RTE   TRIGGER DRE_LightCtl_VehicleSpeed -> Task_LightCtl
[000770191] ECUB OS    EVENT_SET Task_LightCtl mask=0x2
[000770219] ECUB OS    TASK_END Task_BswMain
[000770241] ECUB RTE   CALL R_Odometer_UpdateSpeed
[000770262] ECUB OS    TASK_WAIT Task_LightCtl mask=0x7
[000780009] ECUB OS    ALARM Alarm_BswMain
[000780010] ECUB OS    ALARM Alarm_LightCtl20ms
[000780032] ECUB OS    EVENT_SET Task_LightCtl mask=0x1
[000780059] ECUB OS    TASK_START Task_BswMain prio=4
[000780096] ECUB OS    TASK_END Task_BswMain
[000780117] ECUB RTE   WRITE P_HeadlightCmd_HeadlightCmd=1
[000780139] ECUB RTE   TRIGGER DRE_Actuator_HeadlightCmd -> Task_LightAct
[000780168] ECUB OS    TASK_WAIT Task_LightCtl mask=0x7
[000780192] ECUB OS    TASK_START Task_LightAct prio=2
[000780213] ECUB RTE   CALL R_Odometer_GetDistance
[000780233] ECUB RTE   WRITE P_HeadlightStatus_HeadlightStatus=1
[000780260] ECUB RTE   WRITE P_OdometerDistance_Distance=6
[000780288] ECUB OS    TASK_END Task_LightAct
[000790009] ECUB OS    ALARM Alarm_BswMain
[000790009] ECUB OS    ISR_ENTER Isr_CanRx
[000790023] ECUB CAN   RX id=0x101 dlc=2 data=51 03
[000790037] ECUB CANIF RX pdu=0
[000790057] ECUB PDUR  RX canif=0 com=0
[000790077] ECUB COM   RX ipdu=0 len=2
[000790109] ECUB OS    ISR_EXIT Isr_CanRx
[000790109] ECUB OS    TASK_START Task_BswMain prio=4
[000790151] ECUB COM   NOTIFY sig=0
[000790164] ECUB RTE   TRIGGER DRE_LightCtl_VehicleSpeed -> Task_LightCtl
[000790191] ECUB OS    EVENT_SET Task_LightCtl mask=0x2
[000790219] ECUB OS    TASK_END Task_BswMain
[000790241] ECUB RTE   CALL R_Odometer_UpdateSpeed
[000790262] ECUB OS    TASK_WAIT Task_LightCtl mask=0x7
[000799809] ECUB OS    ISR_ENTER Isr_CanRx
[000799822] ECUB CAN   RX id=0x301 dlc=1 data=3c
[000799847] ECUB CANIF RX pdu=1
[000799859] ECUB PDUR  RX canif=1 com=1
[000799876] ECUB COM   RX ipdu=1 len=1
[000799892] ECUB OS    ISR_EXIT Isr_CanRx
[000800009] ECUB OS    ALARM Alarm_BswMain
[000800011] ECUB OS    ALARM Alarm_LightCtl20ms
[000800032] ECUB OS    EVENT_SET Task_LightCtl mask=0x1
[000800053] ECUB OS    TASK_START Task_BswMain prio=4
[000800080] ECUB OS    TASK_END Task_BswMain
[000800117] ECUB RTE   WRITE P_HeadlightCmd_HeadlightCmd=1
[000800139] ECUB RTE   TRIGGER DRE_Actuator_HeadlightCmd -> Task_LightAct
[000800168] ECUB OS    TASK_WAIT Task_LightCtl mask=0x7
[000800193] ECUB OS    TASK_START Task_LightAct prio=2
[000800213] ECUB RTE   CALL R_Odometer_GetDistance
[000800234] ECUB RTE   WRITE P_HeadlightStatus_HeadlightStatus=1
[000800260] ECUB RTE   WRITE P_OdometerDistance_Distance=7
[000800289] ECUB OS    TASK_END Task_LightAct
[000802809] ECUB OS    ISR_ENTER Isr_CanRx
[000802822] ECUB CAN   RX id=0x3f0 dlc=1 data=00
[000802822] ECUB CANIF RX pdu=2
[000802859] ECUB PDUR  RX canif=2 com=2
[000802876] ECUB COM   RX ipdu=2 len=1
[000802892] ECUB OS    ISR_EXIT Isr_CanRx
[000810009] ECUB OS    ALARM Alarm_BswMain
[000810013] ECUB OS    ISR_ENTER Isr_CanRx
[000810027] ECUB CAN   RX id=0x101 dlc=2 data=6e 03
[000810047] ECUB CANIF RX pdu=0
[000810067] ECUB PDUR  RX canif=0 com=0
[000810089] ECUB COM   RX ipdu=0 len=2
[000810109] ECUB OS    ISR_EXIT Isr_CanRx
[000810116] ECUB OS    TASK_START Task_BswMain prio=4
[000810151] ECUB COM   NOTIFY sig=0
[000810164] ECUB RTE   TRIGGER DRE_LightCtl_VehicleSpeed -> Task_LightCtl
[000810191] ECUB OS    EVENT_SET Task_LightCtl mask=0x2
[000810217] ECUB COM   TX ipdu=3 len=6
[000810232] ECUB PDUR  TX com=3 canif=0
[000810251] ECUB CAN   TX id=0x201 dlc=6 data=01 00 07 00 00 00
[000810276] ECUB CANIF TX pdu=0
[000810292] ECUB OS    TASK_END Task_BswMain
[000810314] ECUB RTE   CALL R_Odometer_UpdateSpeed
[000810335] ECUB OS    TASK_WAIT Task_LightCtl mask=0x7
[000820011] ECUB OS    ALARM Alarm_BswMain
[000820011] ECUB OS    ALARM Alarm_LightCtl20ms
[000820033] ECUB OS    EVENT_SET Task_LightCtl mask=0x1
[000820059] ECUB OS    TASK_START Task_BswMain prio=4
[000820098] ECUB OS    TASK_END Task_BswMain
[000820118] ECUB RTE   WRITE P_HeadlightCmd_HeadlightCmd=1
[000820140] ECUB RTE   TRIGGER DRE_Actuator_HeadlightCmd -> Task_LightAct
[000820169] ECUB OS    TASK_WAIT Task_LightCtl mask=0x7
[000820193] ECUB OS    TASK_START Task_LightAct prio=2
[000820214] ECUB RTE   CALL R_Odometer_GetDistance
[000820235] ECUB RTE   WRITE P_HeadlightStatus_HeadlightStatus=1
[000820261] ECUB RTE   WRITE P_OdometerDistance_Distance=7
[000820290] ECUB OS    TASK_END Task_LightAct
[000830009] ECUB OS    ALARM Alarm_BswMain
[000830013] ECUB OS    ISR_ENTER Isr_CanRx
[000830027] ECUB CAN   RX id=0x101 dlc=2 data=8b 03
[000830047] ECUB CANIF RX pdu=0
[000830067] ECUB PDUR  RX canif=0 com=0
[000830089] ECUB COM   RX ipdu=0 len=2
[000830109] ECUB OS    ISR_EXIT Isr_CanRx
[000830116] ECUB OS    TASK_START Task_BswMain prio=4
[000830151] ECUB COM   NOTIFY sig=0
[000830165] ECUB RTE   TRIGGER DRE_LightCtl_VehicleSpeed -> Task_LightCtl
[000830191] ECUB OS    EVENT_SET Task_LightCtl mask=0x2
[000830220] ECUB OS    TASK_END Task_BswMain
[000830241] ECUB RTE   CALL R_Odometer_UpdateSpeed
[000830262] ECUB OS    TASK_WAIT Task_LightCtl mask=0x7
[000840011] ECUB OS    ALARM Alarm_BswMain
[000840027] ECUB OS    ALARM Alarm_LightCtl20ms
[000840044] ECUB OS    EVENT_SET Task_LightCtl mask=0x1
[000840069] ECUB OS    TASK_START Task_BswMain prio=4
[000840097] ECUB OS    TASK_END Task_BswMain
[000840118] ECUB RTE   WRITE P_HeadlightCmd_HeadlightCmd=1
[000840140] ECUB RTE   TRIGGER DRE_Actuator_HeadlightCmd -> Task_LightAct
[000840168] ECUB OS    TASK_WAIT Task_LightCtl mask=0x7
[000840193] ECUB OS    TASK_START Task_LightAct prio=2
[000840214] ECUB RTE   CALL R_Odometer_GetDistance
[000840234] ECUB RTE   WRITE P_HeadlightStatus_HeadlightStatus=1
[000840260] ECUB RTE   WRITE P_OdometerDistance_Distance=8
[000840289] ECUB OS    TASK_END Task_LightAct
[000850010] ECUB OS    ALARM Alarm_BswMain
[000850024] ECUB OS    ISR_ENTER Isr_CanRx
[000850037] ECUB CAN   RX id=0x101 dlc=2 data=a9 03
[000850057] ECUB CANIF RX pdu=0
[000850057] ECUB PDUR  RX canif=0 com=0
[000850077] ECUB COM   RX ipdu=0 len=2
[000850110] ECUB OS    ISR_EXIT Isr_CanRx
[000850110] ECUB OS    TASK_START Task_BswMain prio=4
[000850126] ECUB COM   NOTIFY sig=0
[000850165] ECUB RTE   TRIGGER DRE_LightCtl_VehicleSpeed -> Task_LightCtl
[000850192] ECUB OS    EVENT_SET Task_LightCtl mask=0x2
[000850220] ECUB OS    TASK_END Task_BswMain
[000850242] ECUB RTE   CALL R_Odometer_UpdateSpeed
[000850263] ECUB OS    TASK_WAIT Task_LightCtl mask=0x7
[000860010] ECUB OS    ALARM Alarm_BswMain
[000860011] ECUB OS    ALARM Alarm_LightCtl20ms
[000860033] ECUB OS    EVENT_SET Task_LightCtl mask=0x1
[000860060] ECUB OS    TASK_START Task_BswMain prio=4
[000860097] ECUB OS    TASK_END Task_BswMain
[000860118] ECUB RTE   WRITE P_HeadlightCmd_HeadlightCmd=1
[000860140] ECUB RTE   TRIGGER DRE_Actuator_HeadlightCmd -> Task_LightAct
[000860169] ECUB OS    TASK_WAIT Task_LightCtl mask=0x7
[000860193] ECUB OS    TASK_START Task_LightAct prio=2
[000860214] ECUB RTE   CALL R_Odometer_GetDistance
[000860234] ECUB RTE   WRITE P_HeadlightStatus_HeadlightStatus=1
[000860261] ECUB RTE   WRITE P_OdometerDistance_Distance=8
[000860289] ECUB OS    TASK_END Task_LightAct
[000870010] ECUB OS    ALARM Alarm_BswMain
[000870024] ECUB OS    ISR_ENTER Isr_CanRx
[000870038] ECUB CAN   RX id=0x101 dlc=2 data=c6 03
[000870058] ECUB CANIF RX pdu=0
[000870058] ECUB PDUR  RX canif=0 com=0
[000870078] ECUB COM   RX ipdu=0 len=2
[000870110] ECUB OS    ISR_EXIT Isr_CanRx
[000870110] ECUB OS    TASK_START Task_BswMain prio=4
[000870126] ECUB COM   NOTIFY sig=0
[000870165] ECUB RTE   TRIGGER DRE_LightCtl_VehicleSpeed -> Task_LightCtl
[000870192] ECUB OS    EVENT_SET Task_LightCtl mask=0x2
[000870220] ECUB OS    TASK_END Task_BswMain
[000870242] ECUB RTE   CALL R_Odometer_UpdateSpeed
[000870263] ECUB OS    TASK_WAIT Task_LightCtl mask=0x7
[000880010] ECUB OS    ALARM Alarm_BswMain
[000880012] ECUB OS    ALARM Alarm_LightCtl20ms
[000880033] ECUB OS    EVENT_SET Task_LightCtl mask=0x1
[000880060] ECUB OS    TASK_START Task_BswMain prio=4
[000880098] ECUB OS    TASK_END Task_BswMain
[000880118] ECUB RTE   WRITE P_HeadlightCmd_HeadlightCmd=1
[000880140] ECUB RTE   TRIGGER DRE_Actuator_HeadlightCmd -> Task_LightAct
[000880169] ECUB OS    TASK_WAIT Task_LightCtl mask=0x7
[000880194] ECUB OS    TASK_START Task_LightAct prio=2
[000880214] ECUB RTE   CALL R_Odometer_GetDistance
[000880235] ECUB RTE   WRITE P_HeadlightStatus_HeadlightStatus=1
[000880261] ECUB RTE   WRITE P_OdometerDistance_Distance=9
[000880290] ECUB OS    TASK_END Task_LightAct
[000890010] ECUB OS    ALARM Alarm_BswMain
[000890013] ECUB OS    ISR_ENTER Isr_CanRx
[000890027] ECUB CAN   RX id=0x101 dlc=2 data=e3 03
[000890047] ECUB CANIF RX pdu=0
[000890067] ECUB PDUR  RX canif=0 com=0
[000890089] ECUB COM   RX ipdu=0 len=2
[000890110] ECUB OS    ISR_EXIT Isr_CanRx
[000890116] ECUB OS    TASK_START Task_BswMain prio=4
[000890152] ECUB COM   NOTIFY sig=0
[000890165] ECUB RTE   TRIGGER DRE_LightCtl_VehicleSpeed -> Task_LightCtl
[000890192] ECUB OS    EVENT_SET Task_LightCtl mask=0x2
[000890221] ECUB OS    TASK_END Task_BswMain
[000890242] ECUB RTE   CALL R_Odometer_UpdateSpeed
[000890263] ECUB OS    TASK_WAIT Task_LightCtl mask=0x7
[000899810] ECUB OS    ISR_ENTER Isr_CanRx
[000899822] ECUB CAN   RX id=0x301 dlc=1 data=3c
[000899848] ECUB CANIF RX pdu=1
[000899860] ECUB PDUR  RX canif=1 com=1
[000899877] ECUB COM   RX ipdu=1 len=1
[000899893] ECUB OS    ISR_EXIT Isr_CanRx
[000900010] ECUB OS    ALARM Alarm_BswMain
[000900012] ECUB OS    ALARM Alarm_LightCtl20ms
[000900033] ECUB OS    EVENT_SET Task_LightCtl mask=0x1
[000900055] ECUB OS    TASK_START Task_BswMain prio=4
[000900098] ECUB OS    TASK_END Task_BswMain
[000900119] ECUB RTE   WRITE P_HeadlightCmd_HeadlightCmd=1
[000900141] ECUB RTE   TRIGGER DRE_Actuator_HeadlightCmd -> Task_LightAct
[000900169] ECUB OS    TASK_WAIT Task_LightCtl mask=0x7
[000900194] ECUB OS    TASK_START Task_LightAct prio=2
[000900214] ECUB RTE   CALL R_Odometer_GetDistance
[000900235] ECUB RTE   WRITE P_HeadlightStatus_HeadlightStatus=1
[000900261] ECUB RTE   WRITE P_OdometerDistance_Distance=9
[000900290] ECUB OS    TASK_END Task_LightAct
[000902810] ECUB OS    ISR_ENTER Isr_CanRx
[000902810] ECUB CAN   RX id=0x3f0 dlc=1 data=00
[000902822] ECUB CANIF RX pdu=2
[000902860] ECUB PDUR  RX canif=2 com=2
[000902877] ECUB COM   RX ipdu=2 len=1
[000902893] ECUB OS    ISR_EXIT Isr_CanRx
[000910010] ECUB OS    ALARM Alarm_BswMain
[000910010] ECUB OS    ISR_ENTER Isr_CanRx
[000910038] ECUB CAN   RX id=0x101 dlc=2 data=01 04
[000910058] ECUB CANIF RX pdu=0
[000910058] ECUB PDUR  RX canif=0 com=0
[000910078] ECUB COM   RX ipdu=0 len=2
[000910110] ECUB OS    ISR_EXIT Isr_CanRx
[000910110] ECUB OS    TASK_START Task_BswMain prio=4
[000910127] ECUB COM   NOTIFY sig=0
[000910165] ECUB RTE   TRIGGER DRE_LightCtl_VehicleSpeed -> Task_LightCtl
[000910192] ECUB OS    EVENT_SET Task_LightCtl mask=0x2
[000910218] ECUB COM   TX ipdu=3 len=6
[000910233] ECUB PDUR  TX com=3 canif=0
[000910252] ECUB CAN   TX id=0x201 dlc=6 data=01 00 09 00 00 00
[000910277] ECUB CANIF TX pdu=0
[000910293] ECUB OS    TASK_END Task_BswMain
[000910315] ECUB RTE   CALL R_Odometer_UpdateSpeed
[000910336] ECUB OS    TASK_WAIT Task_LightCtl mask=0x7
[000920011] ECUB OS    ALARM Alarm_BswMain
[000920012] ECUB OS    ALARM Alarm_LightCtl20ms
[000920034] ECUB OS    EVENT_SET Task_LightCtl mask=0x1
[000920061] ECUB OS    TASK_START Task_BswMain prio=4
[000920099] ECUB OS    TASK_END Task_BswMain
[000920119] ECUB RTE   WRITE P_HeadlightCmd_HeadlightCmd=1
[000920142] ECUB RTE   TRIGGER DRE_Actuator_HeadlightCmd -> Task_LightAct
[000920170] ECUB OS    TASK_WAIT Task_LightCtl mask=0x7
[000920195] ECUB OS    TASK_START Task_LightAct prio=2
[000920215] ECUB RTE   CALL R_Odometer_GetDistance
[000920236] ECUB RTE   WRITE P_HeadlightStatus_HeadlightStatus=1
[000920262] ECUB RTE   WRITE P_OdometerDistance_Distance=10
[000920291] ECUB OS    TASK_END Task_LightAct
[000930011] ECUB OS    ALARM Alarm_BswMain
[000930024] ECUB OS    ISR_ENTER Isr_CanRx
[000930038] ECUB CAN   RX id=0x101 dlc=2 data=1e 04
[000930058] ECUB CANIF RX pdu=0
[000930078] ECUB PDUR  RX canif=0 com=0
[000930078] ECUB COM   RX ipdu=0 len=2
[000930111] ECUB OS    ISR_EXIT Isr_CanRx
[000930111] ECUB OS    TASK_START Task_BswMain prio=4
[000930127] ECUB COM   NOTIFY sig=0
[000930166] ECUB RTE   TRIGGER DRE_LightCtl_VehicleSpeed -> Task_LightCtl
[000930193] ECUB OS    EVENT_SET Task_LightCtl mask=0x2
[000930221] ECUB OS    TASK_END Task_BswMain
[000930243] ECUB RTE   CALL R_Odometer_UpdateSpeed
[000930264] ECUB OS    TASK_WAIT Task_LightCtl mask=0x7
[000940011] ECUB OS    ALARM Alarm_BswMain
[000940012] ECUB OS    ALARM Alarm_LightCtl20ms
[000940034] ECUB OS    EVENT_SET Task_LightCtl mask=0x1
[000940061] ECUB OS    TASK_START Task_BswMain prio=4
[000940098] ECUB OS    TASK_END Task_BswMain
[000940119] ECUB RTE   WRITE P_HeadlightCmd_HeadlightCmd=1
[000940141] ECUB RTE   TRIGGER DRE_Actuator_HeadlightCmd -> Task_LightAct
[000940170] ECUB OS    TASK_WAIT Task_LightCtl mask=0x7
[000940194] ECUB OS    TASK_START Task_LightAct prio=2
[000940215] ECUB RTE   CALL R_Odometer_GetDistance
[000940235] ECUB RTE   WRITE P_HeadlightStatus_HeadlightStatus=1
[000940262] ECUB RTE   WRITE P_OdometerDistance_Distance=10
[000940291] ECUB OS    TASK_END Task_LightAct
[000950011] ECUB OS    ALARM Alarm_BswMain
[000950027] ECUB OS    ISR_ENTER Isr_CanRx
[000950046] ECUB CAN   RX id=0x101 dlc=2 data=3c 04
[000950067] ECUB CANIF RX pdu=0
[000950067] ECUB PDUR  RX canif=0 com=0
[000950089] ECUB COM   RX ipdu=0 len=2
[000950111] ECUB OS    ISR_EXIT Isr_CanRx
[000950116] ECUB OS    TASK_START Task_BswMain prio=4
[000950153] ECUB COM   NOTIFY sig=0
[000950166] ECUB RTE   TRIGGER DRE_LightCtl_VehicleSpeed -> Task_LightCtl
[000950193] ECUB OS    EVENT_SET Task_LightCtl mask=0x2
[000950221] ECUB OS    TASK_END Task_BswMain
[000950243] ECUB RTE   CALL R_Odometer_UpdateSpeed
[000950264] ECUB OS    TASK_WAIT Task_LightCtl mask=0x7
[000960011] ECUB OS    ALARM Alarm_BswMain
[000960013] ECUB OS    ALARM Alarm_LightCtl20ms
[000960034] ECUB OS    EVENT_SET Task_LightCtl mask=0x1
[000960061] ECUB OS    TASK_START Task_BswMain prio=4
[000960099] ECUB OS    TASK_END Task_BswMain
[000960119] ECUB RTE   WRITE P_HeadlightCmd_HeadlightCmd=1
[000960141] ECUB RTE   TRIGGER DRE_Actuator_HeadlightCmd -> Task_LightAct
[000960170] ECUB OS    TASK_WAIT Task_LightCtl mask=0x7
[000960194] ECUB OS    TASK_START Task_LightAct prio=2
[000960215] ECUB RTE   CALL R_Odometer_GetDistance
[000960235] ECUB RTE   WRITE P_HeadlightStatus_HeadlightStatus=1
[000960262] ECUB RTE   WRITE P_OdometerDistance_Distance=11
[000960291] ECUB OS    TASK_END Task_LightAct
[000970011] ECUB OS    ALARM Alarm_BswMain
[000970025] ECUB OS    ISR_ENTER Isr_CanRx
[000970039] ECUB CAN   RX id=0x101 dlc=2 data=59 04
[000970059] ECUB CANIF RX pdu=0
[000970059] ECUB PDUR  RX canif=0 com=0
[000970079] ECUB COM   RX ipdu=0 len=2
[000970111] ECUB OS    ISR_EXIT Isr_CanRx
[000970111] ECUB OS    TASK_START Task_BswMain prio=4
[000970128] ECUB COM   NOTIFY sig=0
[000970166] ECUB RTE   TRIGGER DRE_LightCtl_VehicleSpeed -> Task_LightCtl
[000970193] ECUB OS    EVENT_SET Task_LightCtl mask=0x2
[000970222] ECUB OS    TASK_END Task_BswMain
[000970243] ECUB RTE   CALL R_Odometer_UpdateSpeed
[000970264] ECUB OS    TASK_WAIT Task_LightCtl mask=0x7
[000980013] ECUB OS    ALARM Alarm_BswMain
[000980013] ECUB OS    ALARM Alarm_LightCtl20ms
[000980034] ECUB OS    EVENT_SET Task_LightCtl mask=0x1
[000980062] ECUB OS    TASK_START Task_BswMain prio=4
[000980099] ECUB OS    TASK_END Task_BswMain
[000980120] ECUB RTE   WRITE P_HeadlightCmd_HeadlightCmd=1
[000980142] ECUB RTE   TRIGGER DRE_Actuator_HeadlightCmd -> Task_LightAct
[000980170] ECUB OS    TASK_WAIT Task_LightCtl mask=0x7
[000980195] ECUB OS    TASK_START Task_LightAct prio=2
[000980215] ECUB RTE   CALL R_Odometer_GetDistance
[000980236] ECUB RTE   WRITE P_HeadlightStatus_HeadlightStatus=1
[000980262] ECUB RTE   WRITE P_OdometerDistance_Distance=12
[000980291] ECUB OS    TASK_END Task_LightAct
[000990011] ECUB OS    ALARM Alarm_BswMain
[000990027] ECUB OS    ISR_ENTER Isr_CanRx
[000990046] ECUB CAN   RX id=0x101 dlc=2 data=76 04
[000990067] ECUB CANIF RX pdu=0
[000990067] ECUB PDUR  RX canif=0 com=0
[000990089] ECUB COM   RX ipdu=0 len=2
[000990111] ECUB OS    ISR_EXIT Isr_CanRx
[000990131] ECUB OS    TASK_START Task_BswMain prio=4
[000990153] ECUB COM   NOTIFY sig=0
[000990167] ECUB RTE   TRIGGER DRE_LightCtl_VehicleSpeed -> Task_LightCtl
[000990193] ECUB OS    EVENT_SET Task_LightCtl mask=0x2
[000990222] ECUB OS    TASK_END Task_BswMain
[000990243] ECUB RTE   CALL R_Odometer_UpdateSpeed
[000990264] ECUB SWC   Odometer dist_m=12
[000990280] ECUB OS    TASK_WAIT Task_LightCtl mask=0x7
[000999811] ECUB OS    ISR_ENTER Isr_CanRx
[000999822] ECUB CAN   RX id=0x301 dlc=1 data=3c
[000999849] ECUB CANIF RX pdu=1
[000999861] ECUB PDUR  RX canif=1 com=1
[000999878] ECUB COM   RX ipdu=1 len=1
[000999894] ECUB OS    ISR_EXIT Isr_CanRx
[001000012] ECUB OS    ALARM Alarm_BswMain
[001000014] ECUB OS    ALARM Alarm_LightCtl20ms
[001000035] ECUB OS    EVENT_SET Task_LightCtl mask=0x1
[001000057] ECUB OS    TASK_START Task_BswMain prio=4
[001000100] ECUB OS    TASK_END Task_BswMain
[001000120] ECUB RTE   WRITE P_HeadlightCmd_HeadlightCmd=1
[001000143] ECUB RTE   TRIGGER DRE_Actuator_HeadlightCmd -> Task_LightAct
[001000171] ECUB OS    TASK_WAIT Task_LightCtl mask=0x7
[001000196] ECUB OS    TASK_START Task_LightAct prio=2
[001000217] ECUB RTE   CALL R_Odometer_GetDistance
[001000237] ECUB RTE   WRITE P_HeadlightStatus_HeadlightStatus=1
[001000264] ECUB RTE   WRITE P_OdometerDistance_Distance=12
[001000293] ECUB OS    TASK_END Task_LightAct
[001002812] ECUB OS    ISR_ENTER Isr_CanRx
[001002822] ECUB CAN   RX id=0x3f0 dlc=1 data=00
[001002822] ECUB CANIF RX pdu=2
[001002862] ECUB PDUR  RX canif=2 com=2
[001002879] ECUB COM   RX ipdu=2 len=1
[001002895] ECUB OS    ISR_EXIT Isr_CanRx
[001010012] ECUB OS    ALARM Alarm_BswMain
[001010028] ECUB OS    ISR_ENTER Isr_CanRx
[001010047] ECUB CAN   RX id=0x101 dlc=2 data=94 04
[001010068] ECUB CANIF RX pdu=0
[001010068] ECUB PDUR  RX canif=0 com=0
[001010090] ECUB COM   RX ipdu=0 len=2
[001010112] ECUB OS    ISR_EXIT Isr_CanRx
[001010132] ECUB OS    TASK_START Task_BswMain prio=4
[001010154] ECUB COM   NOTIFY sig=0
[001010168] ECUB RTE   TRIGGER DRE_LightCtl_VehicleSpeed -> Task_LightCtl
[001010195] ECUB OS    EVENT_SET Task_LightCtl mask=0x2
[001010220] ECUB COM   TX ipdu=3 len=6
[001010236] ECUB PDUR  TX com=3 canif=0
[001010254] ECUB CAN   TX id=0x201 dlc=6 data=01 00 0c 00 00 00
[001010280] ECUB CANIF TX pdu=0
[001010296] ECUB OS    TASK_END Task_BswMain
[001010318] ECUB RTE   CALL R_Odometer_UpdateSpeed
[001010339] ECUB OS    TASK_WAIT Task_LightCtl mask=0x7
[001020012] ECUB OS    ALARM Alarm_BswMain
[001020014] ECUB OS    ALARM Alarm_LightCtl20ms
[001020036] ECUB OS    EVENT_SET Task_LightCtl mask=0x1
[001020063] ECUB OS    TASK_START Task_BswMain prio=4
[001020100] ECUB OS    TASK_END Task_BswMain
[001020121] ECUB RTE   WRITE P_HeadlightCmd_HeadlightCmd=1
[001020143] ECUB RTE   TRIGGER DRE_Actuator_HeadlightCmd -> Task_LightAct
[001020172] ECUB OS    TASK_WAIT Task_LightCtl mask=0x7
[001020197] ECUB OS    TASK_START Task_LightAct prio=2
[001020217] ECUB RTE   CALL R_Odometer_GetDistance
[001020238] ECUB RTE   WRITE P_HeadlightStatus_HeadlightStatus=1
[001020264] ECUB RTE   WRITE P_OdometerDistance_Distance=13
[001020294] ECUB OS    TASK_END Task_LightAct
[001030012] ECUB OS    ALARM Alarm_BswMain
[001030026] ECUB OS    ISR_ENTER Isr_CanRx
[001030040] ECUB CAN   RX id=0x101 dlc=2 data=b0 04
[001030061] ECUB CANIF RX pdu=0
[001030080] ECUB PDUR  RX canif=0 com=0
[001030080] ECUB COM   RX ipdu=0 len=2
[001030112] ECUB OS    ISR_EXIT Isr_CanRx
[001030112] ECUB OS    TASK_START Task_BswMain prio=4
[001030130] ECUB COM   NOTIFY sig=0
[001030168] ECUB RTE   TRIGGER DRE_LightCtl_VehicleSpeed -> Task_LightCtl
[001030195] ECUB OS    EVENT_SET Task_LightCtl mask=0x2
[001030223] ECUB OS    TASK_END Task_BswMain
[001030245] ECUB RTE   CALL R_Odometer_UpdateSpeed
[001030266] ECUB OS    TASK_WAIT Task_LightCtl mask=0x7
[001040012] ECUB OS    ALARM Alarm_BswMain
[001040014] ECUB OS    ALARM Alarm_LightCtl20ms
[001040036] ECUB OS    EVENT_SET Task_LightCtl mask=0x1
[001040063] ECUB OS    TASK_START Task_BswMain prio=4
[001040100] ECUB OS    TASK_END Task_BswMain
[001040121] ECUB RTE   WRITE P_HeadlightCmd_HeadlightCmd=1
[001040143] ECUB RTE   TRIGGER DRE_Actuator_HeadlightCmd -> Task_LightAct
[001040172] ECUB OS    TASK_WAIT Task_LightCtl mask=0x7
[001040196] ECUB OS    TASK_START Task_LightAct prio=2
[001040217] ECUB RTE   CALL R_Odometer_GetDistance
[001040238] ECUB RTE   WRITE P_HeadlightStatus_HeadlightStatus=1
[001040264] ECUB RTE   WRITE P_OdometerDistance_Distance=13
[001040293] ECUB OS    TASK_END Task_LightAct
[001050012] ECUB OS    ALARM Alarm_BswMain
[001050027] ECUB OS    ISR_ENTER Isr_CanRx
[001050040] ECUB CAN   RX id=0x101 dlc=2 data=ce 04
[001050061] ECUB CANIF RX pdu=0
[001050061] ECUB PDUR  RX canif=0 com=0
[001050081] ECUB COM   RX ipdu=0 len=2
[001050112] ECUB OS    ISR_EXIT Isr_CanRx
[001050112] ECUB OS    TASK_START Task_BswMain prio=4
[001050130] ECUB COM   NOTIFY sig=0
[001050168] ECUB RTE   TRIGGER DRE_LightCtl_VehicleSpeed -> Task_LightCtl
[001050195] ECUB OS    EVENT_SET Task_LightCtl mask=0x2
[001050224] ECUB OS    TASK_END Task_BswMain
[001050245] ECUB RTE   CALL R_Odometer_UpdateSpeed
[001050266] ECUB OS    TASK_WAIT Task_LightCtl mask=0x7
[001060012] ECUB OS    ALARM Alarm_BswMain
[001060014] ECUB OS    ALARM Alarm_LightCtl20ms
[001060036] ECUB OS    EVENT_SET Task_LightCtl mask=0x1
[001060063] ECUB OS    TASK_START Task_BswMain prio=4
[001060100] ECUB OS    TASK_END Task_BswMain
[001060121] ECUB RTE   WRITE P_HeadlightCmd_HeadlightCmd=1
[001060143] ECUB RTE   TRIGGER DRE_Actuator_HeadlightCmd -> Task_LightAct
[001060172] ECUB OS    TASK_WAIT Task_LightCtl mask=0x7
[001060197] ECUB OS    TASK_START Task_LightAct prio=2
[001060217] ECUB RTE   CALL R_Odometer_GetDistance
[001060238] ECUB RTE   WRITE P_HeadlightStatus_HeadlightStatus=1
[001060264] ECUB RTE   WRITE P_OdometerDistance_Distance=14
[001060293] ECUB OS    TASK_END Task_LightAct
[001070012] ECUB OS    ALARM Alarm_BswMain
[001070027] ECUB OS    ISR_ENTER Isr_CanRx
[001070041] ECUB CAN   RX id=0x101 dlc=2 data=ec 04
[001070061] ECUB CANIF RX pdu=0
[001070061] ECUB PDUR  RX canif=0 com=0
[001070081] ECUB COM   RX ipdu=0 len=2
[001070112] ECUB OS    ISR_EXIT Isr_CanRx
[001070112] ECUB OS    TASK_START Task_BswMain prio=4
[001070130] ECUB COM   NOTIFY sig=0
[001070169] ECUB RTE   TRIGGER DRE_LightCtl_VehicleSpeed -> Task_LightCtl
[001070195] ECUB OS    EVENT_SET Task_LightCtl mask=0x2
[001070224] ECUB OS    TASK_END Task_BswMain
[001070246] ECUB RTE   CALL R_Odometer_UpdateSpeed
[001070267] ECUB OS    TASK_WAIT Task_LightCtl mask=0x7
[001080012] ECUB OS    ALARM Alarm_BswMain
[001080014] ECUB OS    ALARM Alarm_LightCtl20ms
[001080036] ECUB OS    EVENT_SET Task_LightCtl mask=0x1
[001080064] ECUB OS    TASK_START Task_BswMain prio=4
[001080101] ECUB OS    TASK_END Task_BswMain
[001080121] ECUB RTE   WRITE P_HeadlightCmd_HeadlightCmd=1
[001080143] ECUB RTE   TRIGGER DRE_Actuator_HeadlightCmd -> Task_LightAct
[001080172] ECUB OS    TASK_WAIT Task_LightCtl mask=0x7
[001080197] ECUB OS    TASK_START Task_LightAct prio=2
[001080218] ECUB RTE   CALL R_Odometer_GetDistance
[001080238] ECUB RTE   WRITE P_HeadlightStatus_HeadlightStatus=1
[001080264] ECUB RTE   WRITE P_OdometerDistance_Distance=15
[001080294] ECUB OS    TASK_END Task_LightAct
[001090013] ECUB OS    ALARM Alarm_BswMain
[001090031] ECUB OS    ISR_ENTER Isr_CanRx
[001090048] ECUB CAN   RX id=0x101 dlc=2 data=08 05
[001090069] ECUB CANIF RX pdu=0
[001090081] ECUB PDUR  RX canif=0 com=0
[001090098] ECUB COM   RX ipdu=0 len=2
[001090113] ECUB OS    ISR_EXIT Isr_CanRx
[001090113] ECUB OS    TASK_START Task_BswMain prio=4
[001090130] ECUB COM   NOTIFY sig=0
[001090169] ECUB RTE   TRIGGER DRE_LightCtl_VehicleSpeed -> Task_LightCtl
[001090196] ECUB OS    EVENT_SET Task_LightCtl mask=0x2
[001090224] ECUB OS    TASK_END Task_BswMain
[001090246] ECUB RTE   CALL R_Odometer_UpdateSpeed
[001090267] ECUB OS    TASK_WAIT Task_LightCtl mask=0x7
[001099813] ECUB OS    ISR_ENTER Isr_CanRx
[001099822] ECUB CAN   RX id=0x301 dlc=1 data=3c
[001099822] ECUB CANIF RX pdu=1
[001099863] ECUB PDUR  RX canif=1 com=1
[001099880] ECUB COM   RX ipdu=1 len=1
[001099896] ECUB OS    ISR_EXIT Isr_CanRx
[001100013] ECUB OS    ALARM Alarm_BswMain
[001100015] ECUB OS    ALARM Alarm_LightCtl20ms
[001100036] ECUB OS    EVENT_SET Task_LightCtl mask=0x1
[001100058] ECUB OS    TASK_START Task_BswMain prio=4
[001100085] ECUB OS    TASK_END Task_BswMain
[001100122] ECUB RTE   WRITE P_HeadlightCmd_HeadlightCmd=1
[001100144] ECUB RTE   TRIGGER DRE_Actuator_HeadlightCmd -> Task_LightAct
[001100172] ECUB OS    TASK_WAIT Task_LightCtl mask=0x7
[001100197] ECUB OS    TASK_START Task_LightAct prio=2
[001100218] ECUB RTE   CALL R_Odometer_GetDistance
[001100238] ECUB RTE   WRITE P_HeadlightStatus_HeadlightStatus=1
[001100265] ECUB RTE   WRITE P_OdometerDistance_Distance=16
[001100294] ECUB OS    TASK_END Task_LightAct
[001102813] ECUB OS    ISR_ENTER Isr_CanRx
[001102822] ECUB CAN   RX id=0x3f0 dlc=1 data=00
[001102822] ECUB CANIF RX pdu=2
[001102863] ECUB PDUR  RX canif=2 com=2
[001102880] ECUB COM   RX ipdu=2 len=1
[001102896] ECUB OS    ISR_EXIT Isr_CanRx
[001110013] ECUB OS    ALARM Alarm_BswMain
[001110013] ECUB OS    ISR_ENTER Isr_CanRx
[001110041] ECUB CAN   RX id=0x101 dlc=2 data=26 05
[001110061] ECUB CANIF RX pdu=0
[001110061] ECUB PDUR  RX canif=0 com=0
[001110081] ECUB COM   RX ipdu=0 len=2
[001110113] ECUB OS    ISR_EXIT Isr_CanRx
[001110113] ECUB OS    TASK_START Task_BswMain prio=4
[001110131] ECUB COM   NOTIFY sig=0
[001110169] ECUB RTE   TRIGGER DRE_LightCtl_VehicleSpeed -> Task_LightCtl
[001110196] ECUB OS    EVENT_SET Task_LightCtl mask=0x2
[001110222] ECUB COM   TX ipdu=3 len=6
[001110237] ECUB PDUR  TX com=3 canif=0
[001110256] ECUB CAN   TX id=0x201 dlc=6 data=01 00 10 00 00 00
[001110281] ECUB CANIF TX pdu=0
[001110298] ECUB OS    TASK_END Task_BswMain
[001110319] ECUB RTE   CALL R_Odometer_UpdateSpeed
[001110341] ECUB OS    TASK_WAIT Task_LightCtl mask=0x7
[001120013] ECUB OS    ALARM Alarm_BswMain
[001120015] ECUB OS    ALARM Alarm_LightCtl20ms
[001120037] ECUB OS    EVENT_SET Task_LightCtl mask=0x1
[001120064] ECUB OS    TASK_START Task_BswMain prio=4
[001120102] ECUB OS    TASK_END Task_BswMain
[001120122] ECUB RTE   WRITE P_HeadlightCmd_HeadlightCmd=1
[001120145] ECUB RTE   TRIGGER DRE_Actuator_HeadlightCmd -> Task_LightAct
[001120173] ECUB OS    TASK_WAIT Task_LightCtl mask=0x7
[001120198] ECUB OS    TASK_START Task_LightAct prio=2
[001120219] ECUB RTE   CALL R_Odometer_GetDistance
[001120239] ECUB RTE   WRITE P_HeadlightStatus_HeadlightStatus=1
[001120266] ECUB RTE   WRITE P_OdometerDistance_Distance=16
[001120295] ECUB OS    TASK_END Task_LightAct
[001130013] ECUB OS    ALARM Alarm_BswMain
[001130028] ECUB OS    ISR_ENTER Isr_CanRx
[001130048] ECUB CAN   RX id=0x101 dlc=2 data=43 05
[001130068] ECUB CANIF RX pdu=0
[001130068] ECUB PDUR  RX canif=0 com=0
[001130090] ECUB COM   RX ipdu=0 len=2
[001130114] ECUB OS    ISR_EXIT Isr_CanRx
[001130134] ECUB OS    TASK_START Task_BswMain prio=4
[001130156] ECUB COM   NOTIFY sig=0
[001130169] ECUB RTE   TRIGGER DRE_LightCtl_VehicleSpeed -> Task_LightCtl
[001130196] ECUB OS    EVENT_SET Task_LightCtl mask=0x2
[001130225] ECUB OS    TASK_END Task_BswMain
[001130246] ECUB RTE   CALL R_Odometer_UpdateSpeed
[001130267] ECUB OS    TASK_WAIT Task_LightCtl mask=0x7
[001140013] ECUB OS    ALARM Alarm_BswMain
[001140015] ECUB OS    ALARM Alarm_LightCtl20ms
[001140037] ECUB OS    EVENT_SET Task_LightCtl mask=0x1
[001140064] ECUB OS    TASK_START Task_BswMain prio=4
[001140101] ECUB OS    TASK_END Task_BswMain
[001140122] ECUB RTE   WRITE P_HeadlightCmd_HeadlightCmd=1
[001140144] ECUB RTE   TRIGGER DRE_Actuator_HeadlightCmd -> Task_LightAct
[001140173] ECUB OS    TASK_WAIT Task_LightCtl mask=0x7
[001140198] ECUB OS    TASK_START Task_LightAct prio=2
[001140218] ECUB RTE   CALL R_Odometer_GetDistance
[001140239] ECUB RTE   WRITE P_HeadlightStatus_HeadlightStatus=1
[001140265] ECUB RTE   WRITE P_OdometerDistance_Distance=17
[001140294] ECUB OS    TASK_END Task_LightAct
[001150013] ECUB OS    ALARM Alarm_BswMain
[001150028] ECUB OS    ISR_ENTER Isr_CanRx
[001150048] ECUB CAN   RX id=0x101 dlc=2 data=60 05
[001150068] ECUB CANIF RX pdu=0
[001150068] ECUB PDUR  RX canif=0 com=0
[001150090] ECUB COM   RX ipdu=0 len=2
[001150115] ECUB OS    ISR_EXIT Isr_CanRx
[001150134] ECUB OS    TASK_START Task_BswMain prio=4
[001150156] ECUB COM   NOTIFY sig=0
[001150169] ECUB RTE   TRIGGER DRE_LightCtl_VehicleSpeed -> Task_LightCtl
[001150196] ECUB OS    EVENT_SET Task_LightCtl mask=0x2
[001150225] ECUB OS    TASK_END Task_BswMain
[001150246] ECUB RTE   CALL R_Odometer_UpdateSpeed
[001150268] ECUB OS    TASK_WAIT Task_LightCtl mask=0x7
[001160013] ECUB OS    ALARM Alarm_BswMain
[001160015] ECUB OS    ALARM Alarm_LightCtl20ms
[001160037] ECUB OS    EVENT_SET Task_LightCtl mask=0x1
[001160065] ECUB OS    TASK_START Task_BswMain prio=4
[001160101] ECUB OS    TASK_END Task_BswMain
[001160122] ECUB RTE   WRITE P_HeadlightCmd_HeadlightCmd=1
[001160144] ECUB RTE   TRIGGER DRE_Actuator_HeadlightCmd -> Task_LightAct
[001160173] ECUB OS    TASK_WAIT Task_LightCtl mask=0x7
[001160198] ECUB OS    TASK_START Task_LightAct prio=2
[001160218] ECUB RTE   CALL R_Odometer_GetDistance
[001160239] ECUB RTE   WRITE P_HeadlightStatus_HeadlightStatus=1
[001160265] ECUB RTE   WRITE P_OdometerDistance_Distance=18
[001160295] ECUB OS    TASK_END Task_LightAct
[001170014] ECUB OS    ALARM Alarm_BswMain
[001170028] ECUB OS    ISR_ENTER Isr_CanRx
[001170048] ECUB CAN   RX id=0x101 dlc=2 data=7e 05
[001170068] ECUB CANIF RX pdu=0
[001170068] ECUB PDUR  RX canif=0 com=0
[001170090] ECUB COM   RX ipdu=0 len=2
[001170115] ECUB OS    ISR_EXIT Isr_CanRx
[001170134] ECUB OS    TASK_START Task_BswMain prio=4
[001170156] ECUB COM   NOTIFY sig=0
[001170170] ECUB RTE   TRIGGER DRE_LightCtl_VehicleSpeed -> Task_LightCtl
[001170197] ECUB OS    EVENT_SET Task_LightCtl mask=0x2
[001170225] ECUB OS    TASK_END Task_BswMain
[001170247] ECUB RTE   CALL R_Odometer_UpdateSpeed
[001170268] ECUB OS    TASK_WAIT Task_LightCtl mask=0x7
[001180014] ECUB OS    ALARM Alarm_BswMain
[001180016] ECUB OS    ALARM Alarm_LightCtl20ms
[001180037] ECUB OS    EVENT_SET Task_LightCtl mask=0x1
[001180065] ECUB OS    TASK_START Task_BswMain prio=4
[001180102] ECUB OS    TASK_END Task_BswMain
[001180122] ECUB RTE   WRITE P_HeadlightCmd_HeadlightCmd=1
[001180145] ECUB RTE   TRIGGER DRE_Actuator_HeadlightCmd -> Task_LightAct
[001180173] ECUB OS    TASK_WAIT Task_LightCtl mask=0x7
[001180198] ECUB OS    TASK_START Task_LightAct prio=2
[001180219] ECUB RTE   CALL R_Odometer_GetDistance
[001180239] ECUB RTE   WRITE P_HeadlightStatus_HeadlightStatus=1
[001180266] ECUB RTE   WRITE P_OdometerDistance_Distance=19
[001180295] ECUB OS    TASK_END Task_LightAct
[001190014] ECUB OS    ALARM Alarm_BswMain
[001190028] ECUB OS    ISR_ENTER Isr_CanRx
[001190042] ECUB CAN   RX id=0x101 dlc=2 data=9b 05
[001190062] ECUB CANIF RX pdu=0
[001190082] ECUB PDUR  RX canif=0 com=0
[001190082] ECUB COM   RX ipdu=0 len=2
[001190114] ECUB OS    ISR_EXIT Isr_CanRx
[001190114] ECUB OS    TASK_START Task_BswMain prio=4
[001190156] ECUB COM   NOTIFY sig=0
[001190170] ECUB RTE   TRIGGER DRE_LightCtl_VehicleSpeed -> Task_LightCtl
[001190197] ECUB OS    EVENT_SET Task_LightCtl mask=0x2
[001190225] ECUB OS    TASK_END Task_BswMain
[001190247] ECUB RTE   CALL R_Odometer_UpdateSpeed
[001190268] ECUB OS    TASK_WAIT Task_LightCtl mask=0x7
[001199814] ECUB OS    ISR_ENTER Isr_CanRx
[001199822] ECUB CAN   RX id=0x301 dlc=1 data=3c
[001199852] ECUB CANIF RX pdu=1
[001199864] ECUB PDUR  RX canif=1 com=1
[001199881] ECUB COM   RX ipdu=1 len=1
[001199897] ECUB OS    ISR_EXIT Isr_CanRx
[001200014] ECUB OS    ALARM Alarm_BswMain
[001200016] ECUB OS    ALARM Alarm_LightCtl20ms
[001200038] ECUB OS    EVENT_SET Task_LightCtl mask=0x1
[001200059] ECUB OS    TASK_START Task_BswMain prio=4
[001200102] ECUB OS    TASK_END Task_BswMain
[001200123] ECUB RTE   WRITE P_HeadlightCmd_HeadlightCmd=1
[001200145] ECUB RTE   TRIGGER DRE_Actuator_HeadlightCmd -> Task_LightAct
[001200174] ECUB OS    TASK_WAIT Task_LightCtl mask=0x7
[001200198] ECUB OS    TASK_START Task_LightAct prio=2
[001200219] ECUB RTE   CALL R_Odometer_GetDistance
[001200239] ECUB RTE   WRITE P_HeadlightStatus_HeadlightStatus=1
[001200266] ECUB RTE   WRITE P_OdometerDistance_Distance=19
[001200295] ECUB OS    TASK_END Task_LightAct
[001202814] ECUB OS    ISR_ENTER Isr_CanRx
[001202822] ECUB CAN   RX id=0x3f0 dlc=1 data=00
[001202822] ECUB CANIF RX pdu=2
[001202864] ECUB PDUR  RX canif=2 com=2
[001202881] ECUB COM   RX ipdu=2 len=1
[001202898] ECUB OS    ISR_EXIT Isr_CanRx
[001210014] ECUB OS    ALARM Alarm_BswMain
[001210028] ECUB OS    ISR_ENTER Isr_CanRx
[001210048] ECUB CAN   RX id=0x101 dlc=2 data=b8 05
[001210068] ECUB CANIF RX pdu=0
[001210068] ECUB PDUR  RX canif=0 com=0
[001210090] ECUB COM   RX ipdu=0 len=2
[001210115] ECUB OS    ISR_EXIT Isr_CanRx
[001210135] ECUB OS    TASK_START Task_BswMain prio=4
[001210157] ECUB COM   NOTIFY sig=0
[001210170] ECUB RTE   TRIGGER DRE_LightCtl_VehicleSpeed -> Task_LightCtl
[001210197] ECUB OS    EVENT_SET Task_LightCtl mask=0x2
[001210223] ECUB COM   TX ipdu=3 len=6
[001210238] ECUB PDUR  TX com=3 canif=0
[001210257] ECUB CAN   TX id=0x201 dlc=6 data=01 00 13 00 00 00
[001210283] ECUB CANIF TX pdu=0
[001210299] ECUB OS    TASK_END Task_BswMain
[001210321] ECUB RTE   CALL R_Odometer_UpdateSpeed
[001210342] ECUB OS    TASK_WAIT Task_LightCtl mask=0x7
[001220014] ECUB OS    ALARM Alarm_BswMain
[001220016] ECUB OS    ALARM Alarm_LightCtl20ms
[001220038] ECUB OS    EVENT_SET Task_LightCtl mask=0x1
[001220065] ECUB OS    TASK_START Task_BswMain prio=4
[001220103] ECUB OS    TASK_END Task_BswMain
[001220124] ECUB RTE   WRITE P_HeadlightCmd_HeadlightCmd=1
[001220146] ECUB RTE   TRIGGER DRE_Actuator_HeadlightCmd -> Task_LightAct
[001220175] ECUB OS    TASK_WAIT Task_LightCtl mask=0x7
[001220199] ECUB OS    TASK_START Task_LightAct prio=2
[001220220] ECUB RTE   CALL R_Odometer_GetDistance
[001220240] ECUB RTE   WRITE P_HeadlightStatus_HeadlightStatus=1
[001220267] ECUB RTE   WRITE P_OdometerDistance_Distance=20
[001220296] ECUB OS    TASK_END Task_LightAct
[001230014] ECUB OS    ALARM Alarm_BswMain
[001230028] ECUB OS    ISR_ENTER Isr_CanRx
[001230048] ECUB CAN   RX id=0x101 dlc=2 data=b8 05
[001230068] ECUB CANIF RX pdu=0
[001230068] ECUB PDUR  RX canif=0 com=0
[001230090] ECUB COM   RX ipdu=0 len=2
[001230116] ECUB OS    ISR_EXIT Isr_CanRx
[001230135] ECUB OS    TASK_START Task_BswMain prio=4
[001230157] ECUB COM   NOTIFY sig=0
[001230170] ECUB RTE   TRIGGER DRE_LightCtl_VehicleSpeed -> Task_LightCtl
[001230197] ECUB OS    EVENT_SET Task_LightCtl mask=0x2
[001230226] ECUB OS    TASK_END Task_BswMain
[001230247] ECUB RTE   CALL R_Odometer_UpdateSpeed
[001230269] ECUB OS    TASK_WAIT Task_LightCtl mask=0x7
[001240014] ECUB OS    ALARM Alarm_BswMain
[001240016] ECUB OS    ALARM Alarm_LightCtl20ms
[001240038] ECUB OS    EVENT_SET Task_LightCtl mask=0x1
[001240066] ECUB OS    TASK_START Task_BswMain prio=4
[001240102] ECUB OS    TASK_END Task_BswMain
[001240123] ECUB RTE   WRITE P_HeadlightCmd_HeadlightCmd=1
[001240145] ECUB RTE   TRIGGER DRE_Actuator_HeadlightCmd -> Task_LightAct
[001240174] ECUB OS    TASK_WAIT Task_LightCtl mask=0x7
[001240199] ECUB OS    TASK_START Task_LightAct prio=2
[001240219] ECUB RTE   CALL R_Odometer_GetDistance
[001240240] ECUB RTE   WRITE P_HeadlightStatus_HeadlightStatus=1
[001240266] ECUB RTE   WRITE P_OdometerDistance_Distance=21
[001240296] ECUB OS    TASK_END Task_LightAct
[001250015] ECUB OS    ALARM Alarm_BswMain
[001250029] ECUB OS    ISR_ENTER Isr_CanRx
[001250043] ECUB CAN   RX id=0x101 dlc=2 data=b8 05
[001250063] ECUB CANIF RX pdu=0
[001250083] ECUB PDUR  RX canif=0 com=0
[001250083] ECUB COM   RX ipdu=0 len=2
[001250115] ECUB OS    ISR_EXIT Isr_CanRx
[001250115] ECUB OS    TASK_START Task_BswMain prio=4
[001250132] ECUB COM   NOTIFY sig=0
[001250171] ECUB RTE   TRIGGER DRE_LightCtl_VehicleSpeed -> Task_LightCtl
[001250198] ECUB OS    EVENT_SET Task_LightCtl mask=0x2
[001250226] ECUB OS    TASK_END Task_BswMain
[001250248] ECUB RTE   CALL R_Odometer_UpdateSpeed
[001250269] ECUB OS    TASK_WAIT Task_LightCtl mask=0x7
[001260015] ECUB OS    ALARM Alarm_BswMain
[001260023] ECUB OS    ALARM Alarm_LightCtl20ms
[001260023] ECUB OS    EVENT_SET Task_LightCtl mask=0x1
[001260074] ECUB OS    TASK_START Task_BswMain prio=4
[001260103] ECUB OS    TASK_END Task_BswMain
[001260123] ECUB RTE   WRITE P_HeadlightCmd_HeadlightCmd=1
[001260146] ECUB RTE   TRIGGER DRE_Actuator_HeadlightCmd -> Task_LightAct
[001260174] ECUB OS    TASK_WAIT Task_LightCtl mask=0x7
[001260199] ECUB OS    TASK_START Task_LightAct prio=2
[001260220] ECUB RTE   CALL R_Odometer_GetDistance
[001260240] ECUB RTE   WRITE P_HeadlightStatus_HeadlightStatus=1
[001260267] ECUB RTE   WRITE P_OdometerDistance_Distance=22
[001260296] ECUB OS    TASK_END Task_LightAct
[001270015] ECUB OS    ALARM Alarm_BswMain
[001270029] ECUB OS    ISR_ENTER Isr_CanRx
[001270043] ECUB CAN   RX id=0x101 dlc=2 data=b8 05
[001270063] ECUB CANIF RX pdu=0
[001270063] ECUB PDUR  RX canif=0 com=0
[001270083] ECUB COM   RX ipdu=0 len=2
[001270115] ECUB OS    ISR_EXIT Isr_CanRx
[001270115] ECUB OS    TASK_START Task_BswMain prio=4
[001270132] ECUB COM   NOTIFY sig=0
[001270171] ECUB RTE   TRIGGER DRE_LightCtl_VehicleSpeed -> Task_LightCtl
[001270198] ECUB OS    EVENT_SET Task_LightCtl mask=0x2
[001270226] ECUB OS    TASK_END Task_BswMain
[001270248] ECUB RTE   CALL R_Odometer_UpdateSpeed
[001270269] ECUB OS    TASK_WAIT Task_LightCtl mask=0x7
[001280015] ECUB OS    ALARM Alarm_BswMain
[001280017] ECUB OS    ALARM Alarm_LightCtl20ms
[001280039] ECUB OS    EVENT_SET Task_LightCtl mask=0x1
[001280066] ECUB OS    TASK_START Task_BswMain prio=4
[001280103] ECUB OS    TASK_END Task_BswMain
[001280124] ECUB RTE   WRITE P_HeadlightCmd_HeadlightCmd=1
[001280146] ECUB RTE   TRIGGER DRE_Actuator_HeadlightCmd -> Task_LightAct
[001280175] ECUB OS    TASK_WAIT Task_LightCtl mask=0x7
[001280199] ECUB OS    TASK_START Task_LightAct prio=2
[001280220] ECUB RTE   CALL R_Odometer_GetDistance
[001280240] ECUB RTE   WRITE P_HeadlightStatus_HeadlightStatus=1
[001280267] ECUB RTE   WRITE P_OdometerDistance_Distance=23
[001280296] ECUB OS    TASK_END Task_LightAct
[001290015] ECUB OS    ALARM Alarm_BswMain
[001290028] ECUB OS    ISR_ENTER Isr_CanRx
[001290048] ECUB CAN   RX id=0x101 dlc=2 data=b8 05
[001290068] ECUB CANIF RX pdu=0
[001290068] ECUB PDUR  RX canif=0 com=0
[001290090] ECUB COM   RX ipdu=0 len=2
[001290116] ECUB OS    ISR_EXIT Isr_CanRx
[001290136] ECUB OS    TASK_START Task_BswMain prio=4
[001290158] ECUB COM   NOTIFY sig=0
[001290171] ECUB RTE   TRIGGER DRE_LightCtl_VehicleSpeed -> Task_LightCtl
[001290198] ECUB OS    EVENT_SET Task_LightCtl mask=0x2
[001290227] ECUB OS    TASK_END Task_BswMain
[001290248] ECUB RTE   CALL R_Odometer_UpdateSpeed
[001290269] ECUB OS    TASK_WAIT Task_LightCtl mask=0x7
[001299815] ECUB OS    ISR_ENTER Isr_CanRx
[001299822] ECUB CAN   RX id=0x301 dlc=1 data=3c
[001299853] ECUB CANIF RX pdu=1
[001299865] ECUB PDUR  RX canif=1 com=1
[001299882] ECUB COM   RX ipdu=1 len=1
[001299899] ECUB OS    ISR_EXIT Isr_CanRx
[001300015] ECUB OS    ALARM Alarm_BswMain
[001300017] ECUB OS    ALARM Alarm_LightCtl20ms
[001300039] ECUB OS    EVENT_SET Task_LightCtl mask=0x1
[001300060] ECUB OS    TASK_START Task_BswMain prio=4
[001300088] ECUB OS    TASK_END Task_BswMain
[001300124] ECUB RTE   WRITE P_HeadlightCmd_HeadlightCmd=1
[001300146] ECUB RTE   TRIGGER DRE_Actuator_HeadlightCmd -> Task_LightAct
[001300175] ECUB OS    TASK_WAIT Task_LightCtl mask=0x7
[001300199] ECUB OS    TASK_START Task_LightAct prio=2
[001300220] ECUB RTE   CALL R_Odometer_GetDistance
[001300241] ECUB RTE   WRITE P_HeadlightStatus_HeadlightStatus=1
[001300267] ECUB RTE   WRITE P_OdometerDistance_Distance=23
[001300296] ECUB OS    TASK_END Task_LightAct
[001302815] ECUB OS    ISR_ENTER Isr_CanRx
[001302822] ECUB CAN   RX id=0x3f0 dlc=1 data=00
[001302853] ECUB CANIF RX pdu=2
[001302866] ECUB PDUR  RX canif=2 com=2
[001302882] ECUB COM   RX ipdu=2 len=1
[001302899] ECUB OS    ISR_EXIT Isr_CanRx
[001310015] ECUB OS    ALARM Alarm_BswMain
[001310030] ECUB OS    ISR_ENTER Isr_CanRx
[001310044] ECUB CAN   RX id=0x101 dlc=2 data=b8 05
[001310064] ECUB CANIF RX pdu=0
[001310084] ECUB PDUR  RX canif=0 com=0
[001310084] ECUB COM   RX ipdu=0 len=2
[001310115] ECUB OS    ISR_EXIT Isr_CanRx
[001310115] ECUB OS    TASK_START Task_BswMain prio=4
[001310133] ECUB COM   NOTIFY sig=0
[001310171] ECUB RTE   TRIGGER DRE_LightCtl_VehicleSpeed -> Task_LightCtl
[001310198] ECUB OS    EVENT_SET Task_LightCtl mask=0x2
[001310224] ECUB COM   TX ipdu=3 len=6
[001310239] ECUB PDUR  TX com=3 canif=0
[001310258] ECUB CAN   TX id=0x201 dlc=6 data=01 00 17 00 00 00
[001310284] ECUB CANIF TX pdu=0
[001310300] ECUB OS    TASK_END Task_BswMain
[001310322] ECUB RTE   CALL R_Odometer_UpdateSpeed
[001310343] ECUB OS    TASK_WAIT Task_LightCtl mask=0x7
[001320015] ECUB OS    ALARM Alarm_BswMain
[001320017] ECUB OS    ALARM Alarm_LightCtl20ms
[001320039] ECUB OS    EVENT_SET Task_LightCtl mask=0x1
[001320067] ECUB OS    TASK_START Task_BswMain prio=4
[001320104] ECUB OS    TASK_END Task_BswMain
[001320125] ECUB RTE   WRITE P_HeadlightCmd_HeadlightCmd=1
[001320147] ECUB RTE   TRIGGER DRE_Actuator_HeadlightCmd -> Task_LightAct
[001320176] ECUB OS    TASK_WAIT Task_LightCtl mask=0x7
[001320200] ECUB OS    TASK_START Task_LightAct prio=2
[001320221] ECUB RTE   CALL R_Odometer_GetDistance
[001320242] ECUB RTE   WRITE P_HeadlightStatus_HeadlightStatus=1
[001320268] ECUB RTE   WRITE P_OdometerDistance_Distance=24
[001320297] ECUB OS    TASK_END Task_LightAct
[001330015] ECUB OS    ALARM Alarm_BswMain
[001330030] ECUB OS    ISR_ENTER Isr_CanRx
[001330044] ECUB CAN   RX id=0x101 dlc=2 data=b8 05
[001330064] ECUB CANIF RX pdu=0
[001330084] ECUB PDUR  RX canif=0 com=0
[001330084] ECUB COM   RX ipdu=0 len=2
[001330115] ECUB OS    ISR_EXIT Isr_CanRx
[001330115] ECUB OS    TASK_START Task_BswMain prio=4
[001330133] ECUB COM   NOTIFY sig=0
[001330172] ECUB RTE   TRIGGER DRE_LightCtl_VehicleSpeed -> Task_LightCtl
[001330199] ECUB OS    EVENT_SET Task_LightCtl mask=0x2
[001330227] ECUB OS    TASK_END Task_BswMain
[001330249] ECUB RTE   CALL R_Odometer_UpdateSpeed
[001330270] ECUB OS    TASK_WAIT Task_LightCtl mask=0x7
[001340016] ECUB OS    ALARM Alarm_BswMain
[001340018] ECUB OS    ALARM Alarm_LightCtl20ms
[001340039] ECUB OS    EVENT_SET Task_LightCtl mask=0x1
[001340067] ECUB OS    TASK_START Task_BswMain prio=4
[001340104] ECUB OS    TASK_END Task_BswMain
[001340124] ECUB RTE   WRITE P_HeadlightCmd_HeadlightCmd=1
[001340147] ECUB RTE   TRIGGER DRE_Actuator_HeadlightCmd -> Task_LightAct
[001340175] ECUB OS    TASK_WAIT Task_LightCtl mask=0x7
[001340200] ECUB OS    TASK_START Task_LightAct prio=2
[001340221] ECUB RTE   CALL R_Odometer_GetDistance
[001340241] ECUB RTE   WRITE P_HeadlightStatus_HeadlightStatus=1
[001340268] ECUB RTE   WRITE P_OdometerDistance_Distance=25
[001340297] ECUB OS    TASK_END Task_LightAct
[001350016] ECUB OS    ALARM Alarm_BswMain
[001350030] ECUB OS    ISR_ENTER Isr_CanRx
[001350044] ECUB CAN   RX id=0x101 dlc=2 data=b8 05
[001350064] ECUB CANIF RX pdu=0
[001350084] ECUB PDUR  RX canif=0 com=0
[001350084] ECUB COM   RX ipdu=0 len=2
[001350116] ECUB OS    ISR_EXIT Isr_CanRx
[001350116] ECUB OS    TASK_START Task_BswMain prio=4
[001350158] ECUB COM   NOTIFY sig=0
[001350172] ECUB RTE   TRIGGER DRE_LightCtl_VehicleSpeed -> Task_LightCtl
[001350199] ECUB OS    EVENT_SET Task_LightCtl mask=0x2
[001350227] ECUB OS    TASK_END Task_BswMain
[001350249] ECUB RTE   CALL R_Odometer_UpdateSpeed
[001350270] ECUB OS    TASK_WAIT Task_LightCtl mask=0x7
[001360016] ECUB OS    ALARM Alarm_BswMain
[001360018] ECUB OS    ALARM Alarm_LightCtl20ms
[001360040] ECUB OS    EVENT_SET Task_LightCtl mask=0x1
[001360067] ECUB OS    TASK_START Task_BswMain prio=4
[001360104] ECUB OS    TASK_END Task_BswMain
[001360125] ECUB RTE   WRITE P_HeadlightCmd_HeadlightCmd=1
[001360147] ECUB RTE   TRIGGER DRE_Actuator_HeadlightCmd -> Task_LightAct
[001360175] ECUB OS    TASK_WAIT Task_LightCtl mask=0x7
[001360200] ECUB OS    TASK_START Task_LightAct prio=2
[001360221] ECUB RTE   CALL R_Odometer_GetDistance
[001360241] ECUB RTE   WRITE P_HeadlightStatus_HeadlightStatus=1
[001360268] ECUB RTE   WRITE P_OdometerDistance_Distance=26
[001360297] ECUB OS    TASK_END Task_LightAct
[001370016] ECUB OS    ALARM Alarm_BswMain
[001370030] ECUB OS    ISR_ENTER Isr_CanRx
[001370044] ECUB CAN   RX id=0x101 dlc=2 data=b8 05
[001370065] ECUB CANIF RX pdu=0
[001370085] ECUB PDUR  RX canif=0 com=0
[001370085] ECUB COM   RX ipdu=0 len=2
[001370116] ECUB OS    ISR_EXIT Isr_CanRx
[001370116] ECUB OS    TASK_START Task_BswMain prio=4
[001370134] ECUB COM   NOTIFY sig=0
[001370134] ECUB RTE   TRIGGER DRE_LightCtl_VehicleSpeed -> Task_LightCtl
[001370199] ECUB OS    EVENT_SET Task_LightCtl mask=0x2
[001370228] ECUB OS    TASK_END Task_BswMain
[001370249] ECUB RTE   CALL R_Odometer_UpdateSpeed
[001370270] ECUB OS    TASK_WAIT Task_LightCtl mask=0x7
[001380016] ECUB OS    ALARM Alarm_BswMain
[001380023] ECUB OS    ALARM Alarm_LightCtl20ms
[001380051] ECUB OS    EVENT_SET Task_LightCtl mask=0x1
[001380076] ECUB OS    TASK_START Task_BswMain prio=4
[001380104] ECUB OS    TASK_END Task_BswMain
[001380125] ECUB RTE   WRITE P_HeadlightCmd_HeadlightCmd=1
[001380147] ECUB RTE   TRIGGER DRE_Actuator_HeadlightCmd -> Task_LightAct
[001380176] ECUB OS    TASK_WAIT Task_LightCtl mask=0x7
[001380200] ECUB OS    TASK_START Task_LightAct prio=2
[001380221] ECUB RTE   CALL R_Odometer_GetDistance
[001380242] ECUB RTE   WRITE P_HeadlightStatus_HeadlightStatus=1
[001380268] ECUB RTE   WRITE P_OdometerDistance_Distance=27
[001380297] ECUB OS    TASK_END Task_LightAct
[001390016] ECUB OS    ALARM Alarm_BswMain
[001390016] ECUB OS    ISR_ENTER Isr_CanRx
[001390045] ECUB CAN   RX id=0x101 dlc=2 data=b8 05
[001390065] ECUB CANIF RX pdu=0
[001390065] ECUB PDUR  RX canif=0 com=0
[001390085] ECUB COM   RX ipdu=0 len=2
[001390116] ECUB OS    ISR_EXIT Isr_CanRx
[001390116] ECUB OS    TASK_START Task_BswMain prio=4
[001390134] ECUB COM   NOTIFY sig=0
[001390172] ECUB RTE   TRIGGER DRE_LightCtl_VehicleSpeed -> Task_LightCtl
[001390199] ECUB OS    EVENT_SET Task_LightCtl mask=0x2
[001390228] ECUB OS    TASK_END Task_BswMain
[001390249] ECUB RTE   CALL R_Odometer_UpdateSpeed
[001390271] ECUB OS    TASK_WAIT Task_LightCtl mask=0x7
[001399816] ECUB OS    ISR_ENTER Isr_CanRx
[001399822] ECUB CAN   RX id=0x301 dlc=1 data=3c
[001399854] ECUB CANIF RX pdu=1
[001399867] ECUB PDUR  RX canif=1 com=1
[001399883] ECUB COM   RX ipdu=1 len=1
[001399900] ECUB OS    ISR_EXIT Isr_CanRx
[001400016] ECUB OS    ALARM Alarm_BswMain
[001400018] ECUB OS    ALARM Alarm_LightCtl20ms
[001400040] ECUB OS    EVENT_SET Task_LightCtl mask=0x1
[001400061] ECUB OS    TASK_START Task_BswMain prio=4
[001400089] ECUB OS    TASK_END Task_BswMain
[001400125] ECUB RTE   WRITE P_HeadlightCmd_HeadlightCmd=1
[001400147] ECUB RTE   TRIGGER DRE_Actuator_HeadlightCmd -> Task_LightAct
[001400176] ECUB OS    TASK_WAIT Task_LightCtl mask=0x7
[001400201] ECUB OS    TASK_START Task_LightAct prio=2
[001400221] ECUB RTE   CALL R_Odometer_GetDistance
[001400242] ECUB RTE   WRITE P_HeadlightStatus_HeadlightStatus=1
[001400268] ECUB RTE   WRITE P_OdometerDistance_Distance=28
[001400298] ECUB OS    TASK_END Task_LightAct
[001402816] ECUB OS    ISR_ENTER Isr_CanRx
[001402822] ECUB CAN   RX id=0x3f0 dlc=1 data=00
[001402855] ECUB CANIF RX pdu=2
[001402867] ECUB PDUR  RX canif=2 com=2
[001402883] ECUB COM   RX ipdu=2 len=1
[001402900] ECUB OS    ISR_EXIT Isr_CanRx
[001410016] ECUB OS    ALARM Alarm_BswMain
[001410031] ECUB OS    ISR_ENTER Isr_CanRx
[001410045] ECUB CAN   RX id=0x101 dlc=2 data=b8 05
[001410065] ECUB CANIF RX pdu=0
[001410085] ECUB PDUR  RX canif=0 com=0
[001410085] ECUB COM   RX ipdu=0 len=2
[001410116] ECUB OS    ISR_EXIT Isr_CanRx
[001410116] ECUB OS    TASK_START Task_BswMain prio=4
[001410134] ECUB COM   NOTIFY sig=0
[001410173] ECUB RTE   TRIGGER DRE_LightCtl_VehicleSpeed -> Task_LightCtl
[001410200] ECUB OS    EVENT_SET Task_LightCtl mask=0x2
[001410225] ECUB COM   TX ipdu=3 len=6
[001410241] ECUB PDUR  TX com=3 canif=0
[001410259] ECUB CAN   TX id=0x201 dlc=6 data=01 00 1c 00 00 00
[001410285] ECUB CANIF TX pdu=0
[001410301] ECUB OS    TASK_END Task_BswMain
[001410323] ECUB RTE   CALL R_Odometer_UpdateSpeed
[001410344] ECUB OS    TASK_WAIT Task_LightCtl mask=0x7
[001420017] ECUB OS    ALARM Alarm_BswMain
[001420019] ECUB OS    ALARM Alarm_LightCtl20ms
[001420040] ECUB OS    EVENT_SET Task_LightCtl mask=0x1
[001420068] ECUB OS    TASK_START Task_BswMain prio=4
[001420105] ECUB OS    TASK_END Task_BswMain
[001420126] ECUB RTE   WRITE P_HeadlightCmd_HeadlightCmd=1
[001420148] ECUB RTE   TRIGGER DRE_Actuator_HeadlightCmd -> Task_LightAct
[001420177] ECUB OS    TASK_WAIT Task_LightCtl mask=0x7
[001420202] ECUB OS    TASK_START Task_LightAct prio=2
[001420222] ECUB RTE   CALL R_Odometer_GetDistance
[001420243] ECUB RTE   WRITE P_HeadlightStatus_HeadlightStatus=1
[001420269] ECUB RTE   WRITE P_OdometerDistance_Distance=28
[001420298] ECUB OS    TASK_END Task_LightAct
[001430017] ECUB OS    ALARM Alarm_BswMain
[001430017] ECUB OS    ISR_ENTER Isr_CanRx
[001430045] ECUB CAN   RX id=0x101 dlc=2 data=b8 05
[001430065] ECUB CANIF RX pdu=0
[001430065] ECUB PDUR  RX canif=0 com=0
[001430085] ECUB COM   RX ipdu=0 len=2
[001430117] ECUB OS    ISR_EXIT Isr_CanRx
[001430117] ECUB OS    TASK_START Task_BswMain prio=4
[001430151] ECUB COM   NOTIFY sig=0
[001430173] ECUB RTE   TRIGGER DRE_LightCtl_VehicleSpeed -> Task_LightCtl
[001430200] ECUB OS    EVENT_SET Task_LightCtl mask=0x2
[001430228] ECUB OS    TASK_END Task_BswMain
[001430250] ECUB RTE   CALL R_Odometer_UpdateSpeed
[001430271] ECUB OS    TASK_WAIT Task_LightCtl mask=0x7
[001440017] ECUB OS    ALARM Alarm_BswMain
[001440019] ECUB OS    ALARM Alarm_LightCtl20ms
[001440041] ECUB OS    EVENT_SET Task_LightCtl mask=0x1
[001440068] ECUB OS    TASK_START Task_BswMain prio=4
[001440105] ECUB OS    TASK_END Task_BswMain
[001440126] ECUB RTE   WRITE P_HeadlightCmd_HeadlightCmd=1
[001440148] ECUB RTE   TRIGGER DRE_Actuator_HeadlightCmd -> Task_LightAct
[001440176] ECUB OS    TASK_WAIT Task_LightCtl mask=0x7
[001440201] ECUB OS    TASK_START Task_LightAct prio=2
[001440222] ECUB RTE   CALL R_Odometer_GetDistance
[001440242] ECUB RTE   WRITE P_HeadlightStatus_HeadlightStatus=1
[001440269] ECUB RTE   WRITE P_OdometerDistance_Distance=29
[001440298] ECUB OS    TASK_END Task_LightAct
[001450017] ECUB OS    ALARM Alarm_BswMain
[001450017] ECUB OS    ISR_ENTER Isr_CanRx
[001450045] ECUB CAN   RX id=0x101 dlc=2 data=b8 05
[001450066] ECUB CANIF RX pdu=0
[001450066] ECUB PDUR  RX canif=0 com=0
[001450085] ECUB COM   RX ipdu=0 len=2
[001450117] ECUB OS    ISR_EXIT Isr_CanRx
[001450117] ECUB OS    TASK_START Task_BswMain prio=4
[001450135] ECUB COM   NOTIFY sig=0
[001450173] ECUB RTE   TRIGGER DRE_LightCtl_VehicleSpeed -> Task_LightCtl
[001450200] ECUB OS    EVENT_SET Task_LightCtl mask=0x2
[001450228] ECUB OS    TASK_END Task_BswMain
[001450250] ECUB RTE   CALL R_Odometer_UpdateSpeed
[001450271] ECUB OS    TASK_WAIT Task_LightCtl mask=0x7
[001460017] ECUB OS    ALARM Alarm_BswMain
[001460019] ECUB OS    ALARM Alarm_LightCtl20ms
[001460041] ECUB OS    EVENT_SET Task_LightCtl mask=0x1
[001460068] ECUB OS    TASK_START Task_BswMain prio=4
[001460105] ECUB OS    TASK_END Task_BswMain
[001460126] ECUB RTE   WRITE P_HeadlightCmd_HeadlightCmd=1
[001460148] ECUB RTE   TRIGGER DRE_Actuator_HeadlightCmd -> Task_LightAct
[001460177] ECUB OS    TASK_WAIT Task_LightCtl mask=0x7
[001460201] ECUB OS    TASK_START Task_LightAct prio=2
[001460222] ECUB RTE   CALL R_Odometer_GetDistance
[001460243] ECUB RTE   WRITE P_HeadlightStatus_HeadlightStatus=1
[001460269] ECUB RTE   WRITE P_OdometerDistance_Distance=30
[001460298] ECUB OS    TASK_END Task_LightAct
[001470017] ECUB OS    ALARM Alarm_BswMain
[001470017] ECUB OS    ISR_ENTER Isr_CanRx
[001470045] ECUB CAN   RX id=0x101 dlc=2 data=b8 05
[001470066] ECUB CANIF RX pdu=0
[001470086] ECUB PDUR  RX canif=0 com=0
[001470086] ECUB COM   RX ipdu=0 len=2
[001470117] ECUB OS    ISR_EXIT Isr_CanRx
[001470117] ECUB OS    TASK_START Task_BswMain prio=4
[001470135] ECUB COM   NOTIFY sig=0
[001470173] ECUB RTE   TRIGGER DRE_LightCtl_VehicleSpeed -> Task_LightCtl
[001470200] ECUB OS    EVENT_SET Task_LightCtl mask=0x2
[001470229] ECUB OS    TASK_END Task_BswMain
[001470250] ECUB RTE   CALL R_Odometer_UpdateSpeed
[001470272] ECUB OS    TASK_WAIT Task_LightCtl mask=0x7
[001480017] ECUB OS    ALARM Alarm_BswMain
[001480019] ECUB OS    ALARM Alarm_LightCtl20ms
[001480041] ECUB OS    EVENT_SET Task_LightCtl mask=0x1
[001480068] ECUB OS    TASK_START Task_BswMain prio=4
[001480105] ECUB OS    TASK_END Task_BswMain
[001480126] ECUB RTE   WRITE P_HeadlightCmd_HeadlightCmd=1
[001480148] ECUB RTE   TRIGGER DRE_Actuator_HeadlightCmd -> Task_LightAct
[001480177] ECUB OS    TASK_WAIT Task_LightCtl mask=0x7
[001480202] ECUB OS    TASK_START Task_LightAct prio=2
[001480222] ECUB RTE   CALL R_Odometer_GetDistance
[001480243] ECUB RTE   WRITE P_HeadlightStatus_HeadlightStatus=1
[001480269] ECUB RTE   WRITE P_OdometerDistance_Distance=31
[001480298] ECUB OS    TASK_END Task_LightAct
[001490017] ECUB OS    ALARM Alarm_BswMain
[001490032] ECUB OS    ISR_ENTER Isr_CanRx
[001490046] ECUB CAN   RX id=0x101 dlc=2 data=b8 05
[001490066] ECUB CANIF RX pdu=0
[001490086] ECUB PDUR  RX canif=0 com=0
[001490086] ECUB COM   RX ipdu=0 len=2
[001490117] ECUB OS    ISR_EXIT Isr_CanRx
[001490117] ECUB OS    TASK_START Task_BswMain prio=4
[001490135] ECUB COM   NOTIFY sig=0
[001490174] ECUB RTE   TRIGGER DRE_LightCtl_VehicleSpeed -> Task_LightCtl
[001490201] ECUB OS    EVENT_SET Task_LightCtl mask=0x2
[001490229] ECUB OS    TASK_END Task_BswMain
[001490251] ECUB RTE   CALL R_Odometer_UpdateSpeed
[001490272] ECUB OS    TASK_WAIT Task_LightCtl mask=0x7
[001499817] ECUB OS    ISR_ENTER Isr_CanRx
[001499822] ECUB CAN   RX id=0x301 dlc=1 data=14
[001499856] ECUB CANIF RX pdu=1
[001499868] ECUB PDUR  RX canif=1 com=1
[001499884] ECUB COM   RX ipdu=1 len=1
[001499901] ECUB OS    ISR_EXIT Isr_CanRx
[001500018] ECUB OS    ALARM Alarm_BswMain
[001500020] ECUB OS    ALARM Alarm_LightCtl20ms
[001500041] ECUB OS    EVENT_SET Task_LightCtl mask=0x1
[001500063] ECUB OS    TASK_START Task_BswMain prio=4
[001500090] ECUB OS    TASK_END Task_BswMain
[001500126] ECUB SWC   LightCtl cmd=2 speed=1464 ambient=20 postrun=0
[001500154] ECUB RTE   WRITE P_HeadlightCmd_HeadlightCmd=2
[001500176] ECUB RTE   TRIGGER DRE_Actuator_HeadlightCmd -> Task_LightAct
[001500205] ECUB OS    TASK_WAIT Task_LightCtl mask=0x7
[001500230] ECUB OS    TASK_START Task_LightAct prio=2
[001500250] ECUB RTE   CALL R_Odometer_GetDistance
[001500271] ECUB RTE   CALL R_LightHw_SetHeadlight
[001500290] ECUB BSW   IOHWAB LIGHT state=2
[001500306] ECUB SWC   Actuator state=2 dist=32
[001500325] ECUB RTE   WRITE P_HeadlightStatus_HeadlightStatus=2
[001500351] ECUB RTE   WRITE P_OdometerDistance_Distance=32
[001500380] ECUB OS    TASK_END Task_LightAct
[001502818] ECUB OS    ISR_ENTER Isr_CanRx
[001502822] ECUB CAN   RX id=0x3f0 dlc=1 data=00
[001502856] ECUB CANIF RX pdu=2
[001502868] ECUB PDUR  RX canif=2 com=2
[001502885] ECUB COM   RX ipdu=2 len=1
[001502901] ECUB OS    ISR_EXIT Isr_CanRx
[001510018] ECUB OS    ALARM Alarm_BswMain
[001510032] ECUB OS    ISR_ENTER Isr_CanRx
[001510046] ECUB CAN   RX id=0x101 dlc=2 data=b8 05
[001510066] ECUB CANIF RX pdu=0
[001510086] ECUB PDUR  RX canif=0 com=0
[001510086] ECUB COM   RX ipdu=0 len=2
[001510118] ECUB OS    ISR_EXIT Isr_CanRx
[001510124] ECUB OS    TASK_START Task_BswMain prio=4
[001510152] ECUB COM   NOTIFY sig=0
[001510174] ECUB RTE   TRIGGER DRE_LightCtl_VehicleSpeed -> Task_LightCtl
[001510201] ECUB OS    EVENT_SET Task_LightCtl mask=0x2
[001510226] ECUB COM   TX ipdu=3 len=6
[001510242] ECUB PDUR  TX com=3 canif=0
[001510260] ECUB CAN   TX id=0x201 dlc=6 data=02 00 20 00 00 00
[001510286] ECUB CANIF TX pdu=0
[001510303] ECUB OS    TASK_END Task_BswMain
[001510324] ECUB RTE   CALL R_Odometer_UpdateSpeed
[001510345] ECUB OS    TASK_WAIT Task_LightCtl mask=0x7
[001520018] ECUB OS    ALARM Alarm_BswMain
[001520020] ECUB OS    ALARM Alarm_LightCtl20ms
[001520042] ECUB OS    EVENT_SET Task_LightCtl mask=0x1
[001520069] ECUB OS    TASK_START Task_BswMain prio=4
[001520106] ECUB OS    TASK_END Task_BswMain
[001520127] ECUB RTE   WRITE P_HeadlightCmd_HeadlightCmd=2
[001520149] ECUB RTE   TRIGGER DRE_Actuator_HeadlightCmd -> Task_LightAct
[001520178] ECUB OS    TASK_WAIT Task_LightCtl mask=0x7
[001520203] ECUB OS    TASK_START Task_LightAct prio=2
[001520223] ECUB RTE   CALL R_Odometer_GetDistance
[001520244] ECUB RTE   WRITE P_HeadlightStatus_HeadlightStatus=2
[001520270] ECUB RTE   WRITE P_OdometerDistance_Distance=32
[001520300] ECUB OS    TASK_END Task_LightAct
[001530018] ECUB OS    ALARM Alarm_BswMain
[001530032] ECUB OS    ISR_ENTER Isr_CanRx
[001530046] ECUB CAN   RX id=0x101 dlc=2 data=b8 05
[001530067] ECUB CANIF RX pdu=0
[001530086] ECUB PDUR  RX canif=0 com=0
[001530086] ECUB COM   RX ipdu=0 len=2
[001530118] ECUB OS    ISR_EXIT Isr_CanRx
[001530118] ECUB OS    TASK_START Task_BswMain prio=4
[001530136] ECUB COM   NOTIFY sig=0
[001530174] ECUB RTE   TRIGGER DRE_LightCtl_VehicleSpeed -> Task_LightCtl
[001530201] ECUB OS    EVENT_SET Task_LightCtl mask=0x2
[001530229] ECUB OS    TASK_END Task_BswMain
[001530251] ECUB RTE   CALL R_Odometer_UpdateSpeed
[001530272] ECUB OS    TASK_WAIT Task_LightCtl mask=0x7
[001540018] ECUB OS    ALARM Alarm_BswMain
[001540020] ECUB OS    ALARM Alarm_LightCtl20ms
[001540042] ECUB OS    EVENT_SET Task_LightCtl mask=0x1
[001540069] ECUB OS    TASK_START Task_BswMain prio=4
[001540106] ECUB OS    TASK_END Task_BswMain
[001540127] ECUB RTE   WRITE P_HeadlightCmd_HeadlightCmd=2
[001540149] ECUB RTE   TRIGGER DRE_Actuator_HeadlightCmd -> Task_LightAct
[001540178] ECUB OS    TASK_WAIT Task_LightCtl mask=0x7
[001540202] ECUB OS    TASK_START Task_LightAct prio=2
[001540223] ECUB RTE   CALL R_Odometer_GetDistance
[001540244] ECUB RTE   WRITE P_HeadlightStatus_HeadlightStatus=2
[001540270] ECUB RTE   WRITE P_OdometerDistance_Distance=33
[001540299] ECUB OS    TASK_END Task_LightAct
[001550018] ECUB OS    ALARM Alarm_BswMain
[001550028] ECUB OS    ISR_ENTER Isr_CanRx
[001550048] ECUB CAN   RX id=0x101 dlc=2 data=b8 05
[001550068] ECUB CANIF RX pdu=0
[001550068] ECUB PDUR  RX canif=0 com=0
[001550090] ECUB COM   RX ipdu=0 len=2
[001550118] ECUB OS    ISR_EXIT Isr_CanRx
[001550139] ECUB OS    TASK_START Task_BswMain prio=4
[001550161] ECUB COM   NOTIFY sig=0
[001550174] ECUB RTE   TRIGGER DRE_LightCtl_VehicleSpeed -> Task_LightCtl
[001550201] ECUB OS    EVENT_SET Task_LightCtl mask=0x2
[001550230] ECUB OS    TASK_END Task_BswMain
[001550251] ECUB RTE   CALL R_Odometer_UpdateSpeed
[001550272] ECUB OS    TASK_WAIT Task_LightCtl mask=0x7
[001560018] ECUB OS    ALARM Alarm_BswMain
[001560020] ECUB OS    ALARM Alarm_LightCtl20ms
[001560042] ECUB OS    EVENT_SET Task_LightCtl mask=0x1
[001560069] ECUB OS    TASK_START Task_BswMain prio=4
[001560106] ECUB OS    TASK_END Task_BswMain
[001560127] ECUB RTE   WRITE P_HeadlightCmd_HeadlightCmd=2
[001560149] ECUB RTE   TRIGGER DRE_Actuator_HeadlightCmd -> Task_LightAct
[001560178] ECUB OS    TASK_WAIT Task_LightCtl mask=0x7
[001560203] ECUB OS    TASK_START Task_LightAct prio=2
[001560223] ECUB RTE   CALL R_Odometer_GetDistance
[001560244] ECUB RTE   WRITE P_HeadlightStatus_HeadlightStatus=2
[001560270] ECUB RTE   WRITE P_OdometerDistance_Distance=34
[001560299] ECUB OS    TASK_END Task_LightAct
[001570018] ECUB OS    ALARM Alarm_BswMain
[001570033] ECUB OS    ISR_ENTER Isr_CanRx
[001570047] ECUB CAN   RX id=0x101 dlc=2 data=b8 05
[001570067] ECUB CANIF RX pdu=0
[001570087] ECUB PDUR  RX canif=0 com=0
[001570087] ECUB COM   RX ipdu=0 len=2
[001570118] ECUB OS    ISR_EXIT Isr_CanRx
[001570118] ECUB OS    TASK_START Task_BswMain prio=4
[001570136] ECUB COM   NOTIFY sig=0
[001570175] ECUB RTE   TRIGGER DRE_LightCtl_VehicleSpeed -> Task_LightCtl
[001570201] ECUB OS    EVENT_SET Task_LightCtl mask=0x2
[001570230] ECUB OS    TASK_END Task_BswMain
[001570252] ECUB RTE   CALL R_Odometer_UpdateSpeed
[001570273] ECUB OS    TASK_WAIT Task_LightCtl mask=0x7
[001580018] ECUB OS    ALARM Alarm_BswMain
[001580020] ECUB OS    ALARM Alarm_LightCtl20ms
[001580042] ECUB OS    EVENT_SET Task_LightCtl mask=0x1
[001580070] ECUB OS    TASK_START Task_BswMain prio=4
[001580107] ECUB OS    TASK_END Task_BswMain
[001580127] ECUB RTE   WRITE P_HeadlightCmd_HeadlightCmd=2
[001580149] ECUB RTE   TRIGGER DRE_Actuator_HeadlightCmd -> Task_LightAct
[001580178] ECUB OS    TASK_WAIT Task_LightCtl mask=0x7
[001580203] ECUB OS    TASK_START Task_LightAct prio=2
[001580224] ECUB RTE   CALL R_Odometer_GetDistance
[001580244] ECUB RTE   WRITE P_HeadlightStatus_HeadlightStatus=2
[001580270] ECUB RTE   WRITE P_OdometerDistance_Distance=35
[001580300] ECUB OS    TASK_END Task_LightAct
[001590019] ECUB OS    ALARM Alarm_BswMain
[001590028] ECUB OS    ISR_ENTER Isr_CanRx
[001590048] ECUB CAN   RX id=0x101 dlc=2 data=b8 05
[001590068] ECUB CANIF RX pdu=0
[001590068] ECUB PDUR  RX canif=0 com=0
[001590090] ECUB COM   RX ipdu=0 len=2
[001590119] ECUB OS    ISR_EXIT Isr_CanRx
[001590139] ECUB OS    TASK_START Task_BswMain prio=4
[001590161] ECUB COM   NOTIFY sig=0
[001590175] ECUB RTE   TRIGGER DRE_LightCtl_VehicleSpeed -> Task_LightCtl
[001590202] ECUB OS    EVENT_SET Task_LightCtl mask=0x2
[001590230] ECUB OS    TASK_END Task_BswMain
[001590252] ECUB RTE   CALL R_Odometer_UpdateSpeed
[001590273] ECUB OS    TASK_WAIT Task_LightCtl mask=0x7
[001599819] ECUB OS    ISR_ENTER Isr_CanRx
[001599836] ECUB CAN   RX id=0x301 dlc=1 data=14
[001599857] ECUB CANIF RX pdu=1
[001599869] ECUB PDUR  RX canif=1 com=1
[001599886] ECUB COM   RX ipdu=1 len=1
[001599902] ECUB OS    ISR_EXIT Isr_CanRx
[001600019] ECUB OS    ALARM Alarm_BswMain
[001600037] ECUB OS    ALARM Alarm_LightCtl20ms
[001600042] ECUB OS    EVENT_SET Task_LightCtl mask=0x1
[001600064] ECUB OS    TASK_START Task_BswMain prio=4
[001600107] ECUB OS    TASK_END Task_BswMain
[001600128] ECUB RTE   WRITE P_HeadlightCmd_HeadlightCmd=2
[001600150] ECUB RTE   TRIGGER DRE_Actuator_HeadlightCmd -> Task_LightAct
[001600178] ECUB OS    TASK_WAIT Task_LightCtl mask=0x7
[001600203] ECUB OS    TASK_START Task_LightAct prio=2
[001600224] ECUB RTE   CALL R_Odometer_GetDistance
[001600244] ECUB RTE   WRITE P_HeadlightStatus_HeadlightStatus=2
[001600271] ECUB RTE   WRITE P_OdometerDistance_Distance=36
[001600300] ECUB OS    TASK_END Task_LightAct
[001602819] ECUB OS    ISR_ENTER Isr_CanRx
[001602822] ECUB CAN   RX id=0x3f0 dlc=1 data=00
[001602857] ECUB CANIF RX pdu=2
[001602869] ECUB PDUR  RX canif=2 com=2
[001602886] ECUB COM   RX ipdu=2 len=1
[001602902] ECUB OS    ISR_EXIT Isr_CanRx
[001610019] ECUB OS    ALARM Alarm_BswMain
[001610033] ECUB OS    ISR_ENTER Isr_CanRx
[001610047] ECUB CAN   RX id=0x101 dlc=2 data=b8 05
[001610067] ECUB CANIF RX pdu=0
[001610087] ECUB PDUR  RX canif=0 com=0
[001610087] ECUB COM   RX ipdu=0 len=2
[001610119] ECUB OS    ISR_EXIT Isr_CanRx
[001610119] ECUB OS    TASK_START Task_BswMain prio=4
[001610137] ECUB COM   NOTIFY sig=0
[001610175] ECUB RTE   TRIGGER DRE_LightCtl_VehicleSpeed -> Task_LightCtl
[001610202] ECUB OS    EVENT_SET Task_LightCtl mask=0x2
[001610228] ECUB COM   TX ipdu=3 len=6
[001610243] ECUB PDUR  TX com=3 canif=0
[001610262] ECUB CAN   TX id=0x201 dlc=6 data=02 00 24 00 00 00
[001610287] ECUB CANIF TX pdu=0
[001610304] ECUB OS    TASK_END Task_BswMain
[001610325] ECUB RTE   CALL R_Odometer_UpdateSpeed
[001610347] ECUB OS    TASK_WAIT Task_LightCtl mask=0x7
[001620019] ECUB OS    ALARM Alarm_BswMain
[001620021] ECUB OS    ALARM Alarm_LightCtl20ms
[001620043] ECUB OS    EVENT_SET Task_LightCtl mask=0x1
[001620043] ECUB OS    TASK_START Task_BswMain prio=4
[001620108] ECUB OS    TASK_END Task_BswMain
[001620128] ECUB RTE   WRITE P_HeadlightCmd_HeadlightCmd=2
[001620151] ECUB RTE   TRIGGER DRE_Actuator_HeadlightCmd -> Task_LightAct
[001620179] ECUB OS    TASK_WAIT Task_LightCtl mask=0x7
[001620204] ECUB OS    TASK_START Task_LightAct prio=2
[001620225] ECUB RTE   CALL R_Odometer_GetDistance
[001620245] ECUB RTE   WRITE P_HeadlightStatus_HeadlightStatus=2
[001620272] ECUB RTE   WRITE P_OdometerDistance_Distance=36
[001620301] ECUB OS    TASK_END Task_LightAct
[001630019] ECUB OS    ALARM Alarm_BswMain
[001630028] ECUB OS    ISR_ENTER Isr_CanRx
[001630048] ECUB CAN   RX id=0x101 dlc=2 data=b8 05
[001630068] ECUB CANIF RX pdu=0
[001630068] ECUB PDUR  RX canif=0 com=0
[001630090] ECUB COM   RX ipdu=0 len=2
[001630119] ECUB OS    ISR_EXIT Isr_CanRx
[001630140] ECUB OS    TASK_START Task_BswMain prio=4
[001630162] ECUB COM   NOTIFY sig=0
[001630175] ECUB RTE   TRIGGER DRE_LightCtl_VehicleSpeed -> Task_LightCtl
[001630202] ECUB OS    EVENT_SET Task_LightCtl mask=0x2
[001630231] ECUB OS    TASK_END Task_BswMain
[001630252] ECUB RTE   CALL R_Odometer_UpdateSpeed
[001630273] ECUB OS    TASK_WAIT Task_LightCtl mask=0x7
[001640019] ECUB OS    ALARM Alarm_BswMain
[001640021] ECUB OS    ALARM Alarm_LightCtl20ms
[001640043] ECUB OS    EVENT_SET Task_LightCtl mask=0x1
[001640070] ECUB OS    TASK_START Task_BswMain prio=4
[001640107] ECUB OS    TASK_END Task_BswMain
[001640128] ECUB RTE   WRITE P_HeadlightCmd_HeadlightCmd=2
[001640150] ECUB RTE   TRIGGER DRE_Actuator_HeadlightCmd -> Task_LightAct
[001640179] ECUB OS    TASK_WAIT Task_LightCtl mask=0x7
[001640204] ECUB OS    TASK_START Task_LightAct prio=2
[001640224] ECUB RTE   CALL R_Odometer_GetDistance
[001640245] ECUB RTE   WRITE P_HeadlightStatus_HeadlightStatus=2
[001640271] ECUB RTE   WRITE P_OdometerDistance_Distance=37
[001640300] ECUB OS    TASK_END Task_LightAct
[001650019] ECUB OS    ALARM Alarm_BswMain
[001650034] ECUB OS    ISR_ENTER Isr_CanRx
[001650048] ECUB CAN   RX id=0x101 dlc=2 data=b8 05
[001650076] ECUB CANIF RX pdu=0
[001650088] ECUB PDUR  RX canif=0 com=0
[001650105] ECUB COM   RX ipdu=0 len=2
[001650119] ECUB OS    ISR_EXIT Isr_CanRx
[001650137] ECUB OS    TASK_START Task_BswMain prio=4
[001650162] ECUB COM   NOTIFY sig=0
[001650175] ECUB RTE   TRIGGER DRE_LightCtl_VehicleSpeed -> Task_LightCtl
[001650202] ECUB OS    EVENT_SET Task_LightCtl mask=0x2
[001650231] ECUB OS    TASK_END Task_BswMain
[001650252] ECUB RTE   CALL R_Odometer_UpdateSpeed
[001650274] ECUB OS    TASK_WAIT Task_LightCtl mask=0x7
[001660019] ECUB OS    ALARM Alarm_BswMain
[001660021] ECUB OS    ALARM Alarm_LightCtl20ms
[001660043] ECUB OS    EVENT_SET Task_LightCtl mask=0x1
[001660079] ECUB OS    TASK_START Task_BswMain prio=4
[001660107] ECUB OS    TASK_END Task_BswMain
[001660128] ECUB RTE   WRITE P_HeadlightCmd_HeadlightCmd=2
[001660150] ECUB RTE   TRIGGER DRE_Actuator_HeadlightCmd -> Task_LightAct
[001660179] ECUB OS    TASK_WAIT Task_LightCtl mask=0x7
[001660204] ECUB OS    TASK_START Task_LightAct prio=2
[001660224] ECUB RTE   CALL R_Odometer_GetDistance
[001660245] ECUB RTE   WRITE P_HeadlightStatus_HeadlightStatus=2
[001660271] ECUB RTE   WRITE P_OdometerDistance_Distance=38
[001660301] ECUB OS    TASK_END Task_LightAct
[001670020] ECUB OS    ALARM Alarm_BswMain
[001670034] ECUB OS    ISR_ENTER Isr_CanRx
[001670048] ECUB CAN   RX id=0x101 dlc=2 data=b8 05
[001670076] ECUB CANIF RX pdu=0
[001670088] ECUB PDUR  RX canif=0 com=0
[001670105] ECUB COM   RX ipdu=0 len=2
[001670120] ECUB OS    ISR_EXIT Isr_CanRx
[001670120] ECUB OS    TASK_START Task_BswMain prio=4
[001670162] ECUB COM   NOTIFY sig=0
[001670176] ECUB RTE   TRIGGER DRE_LightCtl_VehicleSpeed -> Task_LightCtl
[001670203] ECUB OS    EVENT_SET Task_LightCtl mask=0x2
[001670231] ECUB OS    TASK_END Task_BswMain
[001670253] ECUB RTE   CALL R_Odometer_UpdateSpeed
[001670274] ECUB OS    TASK_WAIT Task_LightCtl mask=0x7
[001680020] ECUB OS    ALARM Alarm_BswMain
[001680038] ECUB OS    ALARM Alarm_LightCtl20ms
[001680054] ECUB OS    EVENT_SET Task_LightCtl mask=0x1
[001680079] ECUB OS    TASK_START Task_BswMain prio=4
[001680108] ECUB OS    TASK_END Task_BswMain
[001680128] ECUB RTE   WRITE P_HeadlightCmd_HeadlightCmd=2
[001680151] ECUB RTE   TRIGGER DRE_Actuator_HeadlightCmd -> Task_LightAct
[001680179] ECUB OS    TASK_WAIT Task_LightCtl mask=0x7
[001680204] ECUB OS    TASK_START Task_LightAct prio=2
[001680225] ECUB RTE   CALL R_Odometer_GetDistance
[001680245] ECUB RTE   WRITE P_HeadlightStatus_HeadlightStatus=2
[001680272] ECUB RTE   WRITE P_OdometerDistance_Distance=39
[001680301] ECUB OS    TASK_END Task_LightAct
[001690020] ECUB OS    ALARM Alarm_BswMain
[001690034] ECUB OS    ISR_ENTER Isr_CanRx
[001690048] ECUB CAN   RX id=0x101 dlc=2 data=b8 05
[001690068] ECUB CANIF RX pdu=0
[001690068] ECUB PDUR  RX canif=0 com=0
[001690088] ECUB COM   RX ipdu=0 len=2
[001690120] ECUB OS    ISR_EXIT Isr_CanRx
[001690120] ECUB OS    TASK_START Task_BswMain prio=4
[001690153] ECUB COM   NOTIFY sig=0
[001690176] ECUB RTE   TRIGGER DRE_LightCtl_VehicleSpeed -> Task_LightCtl
[001690203] ECUB OS    EVENT_SET Task_LightCtl mask=0x2
[001690231] ECUB OS    TASK_END Task_BswMain
[001690253] ECUB RTE   CALL R_Odometer_UpdateSpeed
[001690274] ECUB OS    TASK_WAIT Task_LightCtl mask=0x7
[001699820] ECUB OS    ISR_ENTER Isr_CanRx
[001699822] ECUB CAN   RX id=0x301 dlc=1 data=14
[001699858] ECUB CANIF RX pdu=1
[001699870] ECUB PDUR  RX canif=1 com=1
[001699887] ECUB COM   RX ipdu=1 len=1
[001699903] ECUB OS    ISR_EXIT Isr_CanRx
[001700020] ECUB OS    ALARM Alarm_BswMain
[001700022] ECUB OS    ALARM Alarm_LightCtl20ms
[001700044] ECUB OS    EVENT_SET Task_LightCtl mask=0x1
[001700065] ECUB OS    TASK_START Task_BswMain prio=4
[001700092] ECUB OS    TASK_END Task_BswMain
[001700129] ECUB RTE   WRITE P_HeadlightCmd_HeadlightCmd=2
[001700151] ECUB RTE   TRIGGER DRE_Actuator_HeadlightCmd -> Task_LightAct
[001700180] ECUB OS    TASK_WAIT Task_LightCtl mask=0x7
[001700204] ECUB OS    TASK_START Task_LightAct prio=2
[001700225] ECUB RTE   CALL R_Odometer_GetDistance
[001700245] ECUB RTE   WRITE P_HeadlightStatus_HeadlightStatus=2
[001700272] ECUB RTE   WRITE P_OdometerDistance_Distance=40
[001700301] ECUB OS    TASK_END Task_LightAct
[001702821] ECUB OS    ISR_ENTER Isr_CanRx
[001702838] ECUB CAN   RX id=0x3f0 dlc=1 data=00
[001702858] ECUB CANIF RX pdu=2
[001702870] ECUB PDUR  RX canif=2 com=2
[001702887] ECUB COM   RX ipdu=2 len=1
[001702904] ECUB OS    ISR_EXIT Isr_CanRx
[001710020] ECUB OS    ALARM Alarm_BswMain
[001710035] ECUB OS    ISR_ENTER Isr_CanRx
[001710048] ECUB CAN   RX id=0x101 dlc=2 data=b8 05
[001710069] ECUB CANIF RX pdu=0
[001710069] ECUB PDUR  RX canif=0 com=0
[001710089] ECUB COM   RX ipdu=0 len=2
[001710120] ECUB OS    ISR_EXIT Isr_CanRx
[001710120] ECUB OS    TASK_START Task_BswMain prio=4
[001710138] ECUB COM   NOTIFY sig=0
[001710176] ECUB RTE   TRIGGER DRE_LightCtl_VehicleSpeed -> Task_LightCtl
[001710203] ECUB OS    EVENT_SET Task_LightCtl mask=0x2
[001710229] ECUB COM   TX ipdu=3 len=6
[001710244] ECUB PDUR  TX com=3 canif=0
[001710263] ECUB CAN   TX id=0x201 dlc=6 data=02 00 28 00 00 00
[001710289] ECUB CANIF TX pdu=0
[001710305] ECUB OS    TASK_END Task_BswMain
[001710327] ECUB RTE   CALL R_Odometer_UpdateSpeed
[001710348] ECUB OS    TASK_WAIT Task_LightCtl mask=0x7
[001720020] ECUB OS    ALARM Alarm_BswMain
[001720022] ECUB OS    ALARM Alarm_LightCtl20ms
[001720044] ECUB OS    EVENT_SET Task_LightCtl mask=0x1
[001720071] ECUB OS    TASK_START Task_BswMain prio=4
[001720109] ECUB OS    TASK_END Task_BswMain
[001720130] ECUB RTE   WRITE P_HeadlightCmd_HeadlightCmd=2
[001720152] ECUB RTE   TRIGGER DRE_Actuator_HeadlightCmd -> Task_LightAct
[001720181] ECUB OS    TASK_WAIT Task_LightCtl mask=0x7
[001720205] ECUB OS    TASK_START Task_LightAct prio=2
[001720226] ECUB RTE   CALL R_Odometer_GetDistance
[001720246] ECUB RTE   WRITE P_HeadlightStatus_HeadlightStatus=2
[001720273] ECUB RTE   WRITE P_OdometerDistance_Distance=41
[001720302] ECUB OS    TASK_END Task_LightAct
[001730020] ECUB OS    ALARM Alarm_BswMain
[001730035] ECUB OS    ISR_ENTER Isr_CanRx
[001730049] ECUB CAN   RX id=0x101 dlc=2 data=b8 05
[001730069] ECUB CANIF RX pdu=0
[001730089] ECUB PDUR  RX canif=0 com=0
[001730089] ECUB COM   RX ipdu=0 len=2
[001730120] ECUB OS    ISR_EXIT Isr_CanRx
[001730120] ECUB OS    TASK_START Task_BswMain prio=4
[001730138] ECUB COM   NOTIFY sig=0
[001730176] ECUB RTE   TRIGGER DRE_LightCtl_VehicleSpeed -> Task_LightCtl
[001730203] ECUB OS    EVENT_SET Task_LightCtl mask=0x2
[001730232] ECUB OS    TASK_END Task_BswMain
[001730253] ECUB RTE   CALL R_Odometer_UpdateSpeed
[001730275] ECUB OS    TASK_WAIT Task_LightCtl mask=0x7
[001740020] ECUB OS    ALARM Alarm_BswMain
[001740023] ECUB OS    ALARM Alarm_LightCtl20ms
[001740051] ECUB OS    EVENT_SET Task_LightCtl mask=0x1
[001740080] ECUB OS    TASK_START Task_BswMain prio=4
[001740108] ECUB OS    TASK_END Task_BswMain
[001740129] ECUB RTE   WRITE P_HeadlightCmd_HeadlightCmd=2
[001740151] ECUB RTE   TRIGGER DRE_Actuator_HeadlightCmd -> Task_LightAct
[001740180] ECUB OS    TASK_WAIT Task_LightCtl mask=0x7
[001740205] ECUB OS    TASK_START Task_LightAct prio=2
[001740225] ECUB RTE   CALL R_Odometer_GetDistance
[001740246] ECUB RTE   WRITE P_HeadlightStatus_HeadlightStatus=2
[001740272] ECUB RTE   WRITE P_OdometerDistance_Distance=41
[001740302] ECUB OS    TASK_END Task_LightAct
[001750021] ECUB OS    ALARM Alarm_BswMain
[001750035] ECUB OS    ISR_ENTER Isr_CanRx
[001750049] ECUB CAN   RX id=0x101 dlc=2 data=b8 05
[001750069] ECUB CANIF RX pdu=0
[001750089] ECUB PDUR  RX canif=0 com=0
[001750089] ECUB COM   RX ipdu=0 len=2
[001750121] ECUB OS    ISR_EXIT Isr_CanRx
[001750121] ECUB OS    TASK_START Task_BswMain prio=4
[001750163] ECUB COM   NOTIFY sig=0
[001750177] ECUB RTE   TRIGGER DRE_LightCtl_VehicleSpeed -> Task_LightCtl
[001750204] ECUB OS    EVENT_SET Task_LightCtl mask=0x2
[001750232] ECUB OS    TASK_END Task_BswMain
[001750254] ECUB RTE   CALL R_Odometer_UpdateSpeed
[001750275] ECUB OS    TASK_WAIT Task_LightCtl mask=0x7
[001760021] ECUB OS    ALARM Alarm_BswMain
[001760023] ECUB OS    ALARM Alarm_LightCtl20ms
[001760055] ECUB OS    EVENT_SET Task_LightCtl mask=0x1
[001760080] ECUB OS    TASK_START Task_BswMain prio=4
[001760109] ECUB OS    TASK_END Task_BswMain
[001760129] ECUB RTE   WRITE P_HeadlightCmd_HeadlightCmd=2
[001760152] ECUB RTE   TRIGGER DRE_Actuator_HeadlightCmd -> Task_LightAct
[001760180] ECUB OS    TASK_WAIT Task_LightCtl mask=0x7
[001760205] ECUB OS    TASK_START Task_LightAct prio=2
[001760226] ECUB RTE   CALL R_Odometer_GetDistance
[001760246] ECUB RTE   WRITE P_HeadlightStatus_HeadlightStatus=2
[001760273] ECUB RTE   WRITE P_OdometerDistance_Distance=42
[001760302] ECUB OS    TASK_END Task_LightAct
[001770021] ECUB OS    ALARM Alarm_BswMain
[001770035] ECUB OS    ISR_ENTER Isr_CanRx
[001770049] ECUB CAN   RX id=0x101 dlc=2 data=b8 05
[001770069] ECUB CANIF RX pdu=0
[001770089] ECUB PDUR  RX canif=0 com=0
[001770106] ECUB COM   RX ipdu=0 len=2
[001770121] ECUB OS    ISR_EXIT Isr_CanRx
[001770138] ECUB OS    TASK_START Task_BswMain prio=4
[001770163] ECUB COM   NOTIFY sig=0
[001770177] ECUB RTE   TRIGGER DRE_LightCtl_VehicleSpeed -> Task_LightCtl
[001770204] ECUB OS    EVENT_SET Task_LightCtl mask=0x2
[001770232] ECUB OS    TASK_END Task_BswMain
[001770254] ECUB RTE   CALL R_Odometer_UpdateSpeed
[001770275] ECUB OS    TASK_WAIT Task_LightCtl mask=0x7
[001780021] ECUB OS    ALARM Alarm_BswMain
[001780023] ECUB OS    ALARM Alarm_LightCtl20ms
[001780045] ECUB OS    EVENT_SET Task_LightCtl mask=0x1
[001780072] ECUB OS    TASK_START Task_BswMain prio=4
[001780109] ECUB OS    TASK_END Task_BswMain
[001780130] ECUB RTE   WRITE P_HeadlightCmd_HeadlightCmd=2
[001780152] ECUB RTE   TRIGGER DRE_Actuator_HeadlightCmd -> Task_LightAct
[001780181] ECUB OS    TASK_WAIT Task_LightCtl mask=0x7
[001780205] ECUB OS    TASK_START Task_LightAct prio=2
[001780226] ECUB RTE   CALL R_Odometer_GetDistance
[001780246] ECUB RTE   WRITE P_HeadlightStatus_HeadlightStatus=2
[001780273] ECUB RTE   WRITE P_OdometerDistance_Distance=43
[001780302] ECUB OS    TASK_END Task_LightAct
[001790021] ECUB OS    ALARM Alarm_BswMain
[001790021] ECUB OS    ISR_ENTER Isr_CanRx
[001790049] ECUB CAN   RX id=0x101 dlc=2 data=b8 05
[001790070] ECUB CANIF RX pdu=0
[001790070] ECUB PDUR  RX canif=0 com=0
[001790090] ECUB COM   RX ipdu=0 len=2
[001790121] ECUB OS    ISR_EXIT Isr_CanRx
[001790121] ECUB OS    TASK_START Task_BswMain prio=4
[001790155] ECUB COM   NOTIFY sig=0
[001790177] ECUB RTE   TRIGGER DRE_LightCtl_VehicleSpeed -> Task_LightCtl
[001790204] ECUB OS    EVENT_SET Task_LightCtl mask=0x2
[001790233] ECUB OS    TASK_END Task_BswMain
[001790254] ECUB RTE   CALL R_Odometer_UpdateSpeed
[001790275] ECUB OS    TASK_WAIT Task_LightCtl mask=0x7
[001799821] ECUB OS    ISR_ENTER Isr_CanRx
[001799822] ECUB CAN   RX id=0x301 dlc=1 data=14
[001799859] ECUB CANIF RX pdu=1
[001799871] ECUB PDUR  RX canif=1 com=1
[001799888] ECUB COM   RX ipdu=1 len=1
[001799905] ECUB OS    ISR_EXIT Isr_CanRx
[001800021] ECUB OS    ALARM Alarm_BswMain
[001800023] ECUB OS    ALARM Alarm_LightCtl20ms
[001800045] ECUB OS    EVENT_SET Task_LightCtl mask=0x1
[001800066] ECUB OS    TASK_START Task_BswMain prio=4
[001800094] ECUB OS    TASK_END Task_BswMain
[001800130] ECUB RTE   WRITE P_HeadlightCmd_HeadlightCmd=2
[001800152] ECUB RTE   TRIGGER DRE_Actuator_HeadlightCmd -> Task_LightAct
[001800181] ECUB OS    TASK_WAIT Task_LightCtl mask=0x7
[001800205] ECUB OS    TASK_START Task_LightAct prio=2
[001800226] ECUB RTE   CALL R_Odometer_GetDistance
[001800247] ECUB RTE   WRITE P_HeadlightStatus_HeadlightStatus=2
[001800273] ECUB RTE   WRITE P_OdometerDistance_Distance=44
[001800302] ECUB OS    TASK_END Task_LightAct
[001802821] ECUB OS    ISR_ENTER Isr_CanRx
[001802822] ECUB CAN   RX id=0x3f0 dlc=1 data=00
[001802859] ECUB CANIF RX pdu=2
[001802872] ECUB PDUR  RX canif=2 com=2
[001802888] ECUB COM   RX ipdu=2 len=1
[001802905] ECUB OS    ISR_EXIT Isr_CanRx
[001810021] ECUB OS    ALARM Alarm_BswMain
[001810028] ECUB OS    ISR_ENTER Isr_CanRx
[001810048] ECUB CAN   RX id=0x101 dlc=2 data=b8 05
[001810068] ECUB CANIF RX pdu=0
[001810068] ECUB PDUR  RX canif=0 com=0
[001810090] ECUB COM   RX ipdu=0 len=2
[001810121] ECUB OS    ISR_EXIT Isr_CanRx
[001810121] ECUB OS    TASK_START Task_BswMain prio=4
[001810164] ECUB COM   NOTIFY sig=0
[001810177] ECUB RTE   TRIGGER DRE_LightCtl_VehicleSpeed -> Task_LightCtl
[001810204] ECUB OS    EVENT_SET Task_LightCtl mask=0x2
[001810230] ECUB COM   TX ipdu=3 len=6
[001810245] ECUB PDUR  TX com=3 canif=0
[001810264] ECUB CAN   TX id=0x201 dlc=6 data=02 00 2c 00 00 00
[001810290] ECUB CANIF TX pdu=0
[001810306] ECUB OS    TASK_END Task_BswMain
[001810328] ECUB RTE   CALL R_Odometer_UpdateSpeed
[001810349] ECUB OS    TASK_WAIT Task_LightCtl mask=0x7
[001820021] ECUB OS    ALARM Alarm_BswMain
[001820023] ECUB OS    ALARM Alarm_LightCtl20ms
[001820045] ECUB OS    EVENT_SET Task_LightCtl mask=0x1
[001820073] ECUB OS    TASK_START Task_BswMain prio=4
[001820110] ECUB OS    TASK_END Task_BswMain
[001820131] ECUB RTE   WRITE P_HeadlightCmd_HeadlightCmd=2
[001820153] ECUB RTE   TRIGGER DRE_Actuator_HeadlightCmd -> Task_LightAct
[001820182] ECUB OS    TASK_WAIT Task_LightCtl mask=0x7
[001820206] ECUB OS    TASK_START Task_LightAct prio=2
[001820227] ECUB RTE   CALL R_Odometer_GetDistance
[001820248] ECUB RTE   WRITE P_HeadlightStatus_HeadlightStatus=2
[001820274] ECUB RTE   WRITE P_OdometerDistance_Distance=45
[001820303] ECUB OS    TASK_END Task_LightAct
[001830021] ECUB OS    ALARM Alarm_BswMain
[001830036] ECUB OS    ISR_ENTER Isr_CanRx
[001830050] ECUB CAN   RX id=0x101 dlc=2 data=b8 05
[001830070] ECUB CANIF RX pdu=0
[001830090] ECUB PDUR  RX canif=0 com=0
[001830090] ECUB COM   RX ipdu=0 len=2
[001830121] ECUB OS    ISR_EXIT Isr_CanRx
[001830121] ECUB OS    TASK_START Task_BswMain prio=4
[001830139] ECUB COM   NOTIFY sig=0
[001830178] ECUB RTE   TRIGGER DRE_LightCtl_VehicleSpeed -> Task_LightCtl
[001830205] ECUB OS    EVENT_SET Task_LightCtl mask=0x2
[001830233] ECUB OS    TASK_END Task_BswMain
[001830255] ECUB RTE   CALL R_Odometer_UpdateSpeed
[001830276] ECUB OS    TASK_WAIT Task_LightCtl mask=0x7
[001840022] ECUB OS    ALARM Alarm_BswMain
[001840024] ECUB OS    ALARM Alarm_LightCtl20ms
[001840045] ECUB OS    EVENT_SET Task_LightCtl mask=0x1
[001840073] ECUB OS    TASK_START Task_BswMain prio=4
[001840110] ECUB OS    TASK_END Task_BswMain
[001840130] ECUB RTE   WRITE P_HeadlightCmd_HeadlightCmd=2
[001840153] ECUB RTE   TRIGGER DRE_Actuator_HeadlightCmd -> Task_LightAct
[001840181] ECUB OS    TASK_WAIT Task_LightCtl mask=0x7
[001840206] ECUB OS    TASK_START Task_LightAct prio=2
[001840227] ECUB RTE   CALL R_Odometer_GetDistance
[001840247] ECUB RTE   WRITE P_HeadlightStatus_HeadlightStatus=2
[001840274] ECUB RTE   WRITE P_OdometerDistance_Distance=45
[001840303] ECUB OS    TASK_END Task_LightAct
[001850022] ECUB OS    ALARM Alarm_BswMain
[001850028] ECUB OS    ISR_ENTER Isr_CanRx
[001850048] ECUB CAN   RX id=0x101 dlc=2 data=b8 05
[001850068] ECUB CANIF RX pdu=0
[001850090] ECUB PDUR  RX canif=0 com=0
[001850090] ECUB COM   RX ipdu=0 len=2
[001850122] ECUB OS    ISR_EXIT Isr_CanRx
[001850142] ECUB OS    TASK_START Task_BswMain prio=4
[001850164] ECUB COM   NOTIFY sig=0
[001850178] ECUB RTE   TRIGGER DRE_LightCtl_VehicleSpeed -> Task_LightCtl
[001850205] ECUB OS    EVENT_SET Task_LightCtl mask=0x2
[001850233] ECUB OS    TASK_END Task_BswMain
[001850255] ECUB RTE   CALL R_Odometer_UpdateSpeed
[001850276] ECUB OS    TASK_WAIT Task_LightCtl mask=0x7
[001860022] ECUB OS    ALARM Alarm_BswMain
[001860024] ECUB OS    ALARM Alarm_LightCtl20ms
[001860046] ECUB OS    EVENT_SET Task_LightCtl mask=0x1
[001860081] ECUB OS    TASK_START Task_BswMain prio=4
[001860110] ECUB OS    TASK_END Task_BswMain
[001860131] ECUB RTE   WRITE P_HeadlightCmd_HeadlightCmd=2
[001860153] ECUB RTE   TRIGGER DRE_Actuator_HeadlightCmd -> Task_LightAct
[001860181] ECUB OS    TASK_WAIT Task_LightCtl mask=0x7
[001860206] ECUB OS    TASK_START Task_LightAct prio=2
[001860227] ECUB RTE   CALL R_Odometer_GetDistance
[001860247] ECUB RTE   WRITE P_HeadlightStatus_HeadlightStatus=2
[001860274] ECUB RTE   WRITE P_OdometerDistance_Distance=46
[001860303] ECUB OS    TASK_END Task_LightAct
[001870022] ECUB OS    ALARM Alarm_BswMain
[001870036] ECUB OS    ISR_ENTER Isr_CanRx
[001870050] ECUB CAN   RX id=0x101 dlc=2 data=b8 05
[001870050] ECUB CANIF RX pdu=0
[001870071] ECUB PDUR  RX canif=0 com=0
[001870091] ECUB COM   RX ipdu=0 len=2
[001870122] ECUB OS    ISR_EXIT Isr_CanRx
[001870122] ECUB OS    TASK_START Task_BswMain prio=4
[001870165] ECUB COM   NOTIFY sig=0
[001870178] ECUB RTE   TRIGGER DRE_LightCtl_VehicleSpeed -> Task_LightCtl
[001870205] ECUB OS    EVENT_SET Task_LightCtl mask=0x2
[001870234] ECUB OS    TASK_END Task_BswMain
[001870255] ECUB RTE   CALL R_Odometer_UpdateSpeed
[001870276] ECUB OS    TASK_WAIT Task_LightCtl mask=0x7
[001880022] ECUB OS    ALARM Alarm_BswMain
[001880040] ECUB OS    ALARM Alarm_LightCtl20ms
[001880057] ECUB OS    EVENT_SET Task_LightCtl mask=0x1
[001880082] ECUB OS    TASK_START Task_BswMain prio=4
[001880110] ECUB OS    TASK_END Task_BswMain
[001880131] ECUB RTE   WRITE P_HeadlightCmd_HeadlightCmd=2
[001880153] ECUB RTE   TRIGGER DRE_Actuator_HeadlightCmd -> Task_LightAct
[001880182] ECUB OS    TASK_WAIT Task_LightCtl mask=0x7
[001880206] ECUB OS    TASK_START Task_LightAct prio=2
[001880227] ECUB RTE   CALL R_Odometer_GetDistance
[001880248] ECUB RTE   WRITE P_HeadlightStatus_HeadlightStatus=2
[001880274] ECUB RTE   WRITE P_OdometerDistance_Distance=47
[001880303] ECUB OS    TASK_END Task_LightAct
[001890022] ECUB OS    ALARM Alarm_BswMain
[001890037] ECUB OS    ISR_ENTER Isr_CanRx
[001890051] ECUB CAN   RX id=0x101 dlc=2 data=b8 05
[001890071] ECUB CANIF RX pdu=0
[001890091] ECUB PDUR  RX canif=0 com=0
[001890091] ECUB COM   RX ipdu=0 len=2
[001890122] ECUB OS    ISR_EXIT Isr_CanRx
[001890122] ECUB OS    TASK_START Task_BswMain prio=4
[001890140] ECUB COM   NOTIFY sig=0
[001890178] ECUB RTE   TRIGGER DRE_LightCtl_VehicleSpeed -> Task_LightCtl
[001890205] ECUB OS    EVENT_SET Task_LightCtl mask=0x2
[001890234] ECUB OS    TASK_END Task_BswMain
[001890255] ECUB RTE   CALL R_Odometer_UpdateSpeed
[001890277] ECUB OS    TASK_WAIT Task_LightCtl mask=0x7
[001899922] ECUB OS    ISR_ENTER Isr_CanRx
[001899940] ECUB CAN   RX id=0x301 dlc=1 data=14
[001899960] ECUB CANIF RX pdu=1
[001899960] ECUB PDUR  RX canif=1 com=1
[001899984] ECUB COM   RX ipdu=1 len=1
[001900004] ECUB OS    ISR_EXIT Isr_CanRx
[001900022] ECUB OS    ALARM Alarm_BswMain
[001900024] ECUB OS    ALARM Alarm_LightCtl20ms
[001900046] ECUB OS    EVENT_SET Task_LightCtl mask=0x1
[001900067] ECUB OS    TASK_START Task_BswMain prio=4
[001900095] ECUB OS    TASK_END Task_BswMain
[001900130] ECUB RTE   WRITE P_HeadlightCmd_HeadlightCmd=2
[001900152] ECUB RTE   TRIGGER DRE_Actuator_HeadlightCmd -> Task_LightAct
[001900181] ECUB OS    TASK_WAIT Task_LightCtl mask=0x7
[001900205] ECUB OS    TASK_START Task_LightAct prio=2
[001900226] ECUB RTE   CALL R_Odometer_GetDistance
[001900246] ECUB RTE   WRITE P_HeadlightStatus_HeadlightStatus=2
[001900273] ECUB RTE   WRITE P_OdometerDistance_Distance=48
[001900302] ECUB OS    TASK_END Task_LightAct
[001902822] ECUB OS    ISR_ENTER Isr_CanRx
[001902822] ECUB CAN   RX id=0x3f0 dlc=1 data=00
[001902861] ECUB CANIF RX pdu=2
[001902873] ECUB PDUR  RX canif=2 com=2
[001902889] ECUB COM   RX ipdu=2 len=1
[001902906] ECUB OS    ISR_EXIT Isr_CanRx
[001910022] ECUB OS    ALARM Alarm_BswMain
[001910037] ECUB OS    ISR_ENTER Isr_CanRx
[001910051] ECUB CAN   RX id=0x101 dlc=2 data=b8 05
[001910071] ECUB CANIF RX pdu=0
[001910091] ECUB PDUR  RX canif=0 com=0
[001910091] ECUB COM   RX ipdu=0 len=2
[001910122] ECUB OS    ISR_EXIT Isr_CanRx
[001910122] ECUB OS    TASK_START Task_BswMain prio=4
[001910140] ECUB COM   NOTIFY sig=0
[001910179] ECUB RTE   TRIGGER DRE_LightCtl_VehicleSpeed -> Task_LightCtl
[001910206] ECUB OS    EVENT_SET Task_LightCtl mask=0x2
[001910231] ECUB COM   TX ipdu=3 len=6
[001910247] ECUB PDUR  TX com=3 canif=0
[001910265] ECUB CAN   TX id=0x201 dlc=6 data=02 00 30 00 00 00
[001910291] ECUB CANIF TX pdu=0
[001910307] ECUB OS    TASK_END Task_BswMain
[001910329] ECUB RTE   CALL R_Odometer_UpdateSpeed
[001910350] ECUB OS    TASK_WAIT Task_LightCtl mask=0x7
[001920023] ECUB OS    ALARM Alarm_BswMain
[001920025] ECUB OS    ALARM Alarm_LightCtl20ms
[001920046] ECUB OS    EVENT_SET Task_LightCtl mask=0x1
[001920074] ECUB OS    TASK_START Task_BswMain prio=4
[001920111] ECUB OS    TASK_END Task_BswMain
[001920132] ECUB RTE   WRITE P_HeadlightCmd_HeadlightCmd=2
[001920154] ECUB RTE   TRIGGER DRE_Actuator_HeadlightCmd -> Task_LightAct
[001920183] ECUB OS    TASK_WAIT Task_LightCtl mask=0x7
[001920208] ECUB OS    TASK_START Task_LightAct prio=2
[001920228] ECUB RTE   CALL R_Odometer_GetDistance
[001920249] ECUB RTE   WRITE P_HeadlightStatus_HeadlightStatus=2
[001920275] ECUB RTE   WRITE P_OdometerDistance_Distance=49
[001920304] ECUB OS    TASK_END Task_LightAct
[001930023] ECUB OS    ALARM Alarm_BswMain
[001930037] ECUB OS    ISR_ENTER Isr_CanRx
[001930051] ECUB CAN   RX id=0x101 dlc=2 data=b8 05
[001930071] ECUB CANIF RX pdu=0
[001930091] ECUB PDUR  RX canif=0 com=0
[001930091] ECUB COM   RX ipdu=0 len=2
[001930123] ECUB OS    ISR_EXIT Isr_CanRx
[001930123] ECUB OS    TASK_START Task_BswMain prio=4
[001930165] ECUB COM   NOTIFY sig=0
[001930179] ECUB RTE   TRIGGER DRE_LightCtl_VehicleSpeed -> Task_LightCtl
[001930206] ECUB OS    EVENT_SET Task_LightCtl mask=0x2
[001930234] ECUB OS    TASK_END Task_BswMain
[001930256] ECUB RTE   CALL R_Odometer_UpdateSpeed
[001930277] ECUB OS    TASK_WAIT Task_LightCtl mask=0x7
[001940024] ECUB OS    ALARM Alarm_BswMain
[001940025] ECUB OS    ALARM Alarm_LightCtl20ms
[001940047] ECUB OS    EVENT_SET Task_LightCtl mask=0x1
[001940074] ECUB OS    TASK_START Task_BswMain prio=4
[001940111] ECUB OS    TASK_END Task_BswMain
[001940132] ECUB RTE   WRITE P_HeadlightCmd_HeadlightCmd=2
[001940154] ECUB RTE   TRIGGER DRE_Actuator_HeadlightCmd -> Task_LightAct
[001940182] ECUB OS    TASK_WAIT Task_LightCtl mask=0x7
[001940207] ECUB OS    TASK_START Task_LightAct prio=2
[001940228] ECUB RTE   CALL R_Odometer_GetDistance
[001940248] ECUB RTE   WRITE P_HeadlightStatus_HeadlightStatus=2
[001940275] ECUB RTE   WRITE P_OdometerDistance_Distance=49
[001940304] ECUB OS    TASK_END Task_LightAct
[001950023] ECUB OS    ALARM Alarm_BswMain
[001950037] ECUB OS    ISR_ENTER Isr_CanRx
[001950051] ECUB CAN   RX id=0x101 dlc=2 data=b8 05
[001950051] ECUB CANIF RX pdu=0
[001950072] ECUB PDUR  RX canif=0 com=0
[001950072] ECUB COM   RX ipdu=0 len=2
[001950123] ECUB OS    ISR_EXIT Isr_CanRx
[001950123] ECUB OS    TASK_START Task_BswMain prio=4
[001950141] ECUB COM   NOTIFY sig=0
[001950141] ECUB RTE   TRIGGER DRE_LightCtl_VehicleSpeed -> Task_LightCtl
[001950206] ECUB OS    EVENT_SET Task_LightCtl mask=0x2
[001950234] ECUB OS    TASK_END Task_BswMain
[001950256] ECUB RTE   CALL R_Odometer_UpdateSpeed
[001950277] ECUB OS    TASK_WAIT Task_LightCtl mask=0x7
[001960024] ECUB OS    ALARM Alarm_BswMain
[001960025] ECUB OS    ALARM Alarm_LightCtl20ms
[001960047] ECUB OS    EVENT_SET Task_LightCtl mask=0x1
[001960074] ECUB OS    TASK_START Task_BswMain prio=4
[001960111] ECUB OS    TASK_END Task_BswMain
[001960132] ECUB RTE   WRITE P_HeadlightCmd_HeadlightCmd=2
[001960154] ECUB RTE   TRIGGER DRE_Actuator_HeadlightCmd -> Task_LightAct
[001960183] ECUB OS    TASK_WAIT Task_LightCtl mask=0x7
[001960207] ECUB OS    TASK_START Task_LightAct prio=2
[001960228] ECUB RTE   CALL R_Odometer_GetDistance
[001960249] ECUB RTE   WRITE P_HeadlightStatus_HeadlightStatus=2
[001960275] ECUB RTE   WRITE P_OdometerDistance_Distance=50
[001960304] ECUB OS    TASK_END Task_LightAct
[001970023] ECUB OS    ALARM Alarm_BswMain
[001970038] ECUB OS    ISR_ENTER Isr_CanRx
[001970051] ECUB CAN   RX id=0x101 dlc=2 data=b8 05
[001970072] ECUB CANIF RX pdu=0
[001970092] ECUB PDUR  RX canif=0 com=0
[001970092] ECUB COM   RX ipdu=0 len=2
[001970123] ECUB OS    ISR_EXIT Isr_CanRx
[001970123] ECUB OS    TASK_START Task_BswMain prio=4
[001970166] ECUB COM   NOTIFY sig=0
[001970179] ECUB RTE   TRIGGER DRE_LightCtl_VehicleSpeed -> Task_LightCtl
[001970206] ECUB OS    EVENT_SET Task_LightCtl mask=0x2
[001970235] ECUB OS    TASK_END Task_BswMain
[001970256] ECUB RTE   CALL R_Odometer_UpdateSpeed
[001970278] ECUB OS    TASK_WAIT Task_LightCtl mask=0x7
[001980023] ECUB OS    ALARM Alarm_BswMain
[001980025] ECUB OS    ALARM Alarm_LightCtl20ms
[001980047] ECUB OS    EVENT_SET Task_LightCtl mask=0x1
[001980074] ECUB OS    TASK_START Task_BswMain prio=4
[001980111] ECUB OS    TASK_END Task_BswMain
[001980132] ECUB RTE   WRITE P_HeadlightCmd_HeadlightCmd=2
[001980154] ECUB RTE   TRIGGER DRE_Actuator_HeadlightCmd -> Task_LightAct
[001980183] ECUB OS    TASK_WAIT Task_LightCtl mask=0x7
[001980208] ECUB OS    TASK_START Task_LightAct prio=2
[001980228] ECUB RTE   CALL R_Odometer_GetDistance
[001980249] ECUB RTE   WRITE P_HeadlightStatus_HeadlightStatus=2
[001980275] ECUB RTE   WRITE P_OdometerDistance_Distance=51
[001980304] ECUB OS    TASK_END Task_LightAct
[001990023] ECUB OS    ALARM Alarm_BswMain
[001990042] ECUB OS    ISR_ENTER Isr_CanRx
[001990059] ECUB CAN   RX id=0x101 dlc=2 data=b8 05
[001990080] ECUB CANIF RX pdu=0
[001990092] ECUB PDUR  RX canif=0 com=0
[001990109] ECUB COM   RX ipdu=0 len=2
[001990123] ECUB OS    ISR_EXIT Isr_CanRx
[001990123] ECUB OS    TASK_START Task_BswMain prio=4
[001990166] ECUB COM   NOTIFY sig=0
[001990180] ECUB RTE   TRIGGER DRE_LightCtl_VehicleSpeed -> Task_LightCtl
[001990207] ECUB OS    EVENT_SET Task_LightCtl mask=0x2
[001990235] ECUB OS    TASK_END Task_BswMain
[001990257] ECUB RTE   CALL R_Odometer_UpdateSpeed
[001990277] ECUB SWC   Odometer dist_m=52
[001990293] ECUB OS    TASK_WAIT Task_LightCtl mask=0x7
[001999823] ECUB OS    ISR_ENTER Isr_CanRx
[001999823] ECUB CAN   RX id=0x301 dlc=1 data=14
[001999862] ECUB CANIF RX pdu=1
[001999874] ECUB PDUR  RX canif=1 com=1
[001999890] ECUB COM   RX ipdu=1 len=1
[001999907] ECUB OS    ISR_EXIT Isr_CanRx
[002000024] ECUB OS    ALARM Alarm_BswMain
[002000026] ECUB OS    ALARM Alarm_LightCtl20ms
[002000047] ECUB OS    EVENT_SET Task_LightCtl mask=0x1
[002000069] ECUB OS    TASK_START Task_BswMain prio=4
[002000096] ECUB OS    TASK_END Task_BswMain
[002000132] ECUB RTE   WRITE P_HeadlightCmd_HeadlightCmd=2
[002000155] ECUB RTE   TRIGGER DRE_Actuator_HeadlightCmd -> Task_LightAct
[002000183] ECUB OS    TASK_WAIT Task_LightCtl mask=0x7
[002000208] ECUB OS    TASK_START Task_LightAct prio=2
[002000229] ECUB RTE   CALL R_Odometer_GetDistance
[002000249] ECUB RTE   WRITE P_HeadlightStatus_HeadlightStatus=2
[002000276] ECUB RTE   WRITE P_OdometerDistance_Distance=52
[002000305] ECUB OS    TASK_END Task_LightAct
[002002824] ECUB OS    ISR_ENTER Isr_CanRx
[002002824] ECUB CAN   RX id=0x3f0 dlc=1 data=00
[002002824] ECUB CANIF RX pdu=2
[002002874] ECUB PDUR  RX canif=2 com=2
[002002891] ECUB COM   RX ipdu=2 len=1
[002002907] ECUB OS    ISR_EXIT Isr_CanRx
[002010024] ECUB OS    ALARM Alarm_BswMain
[002010038] ECUB OS    ISR_ENTER Isr_CanRx
[002010052] ECUB CAN   RX id=0x101 dlc=2 data=b8 05
[002010072] ECUB CANIF RX pdu=0
[002010072] ECUB PDUR  RX canif=0 com=0
[002010092] ECUB COM   RX ipdu=0 len=2
[002010124] ECUB OS    ISR_EXIT Isr_CanRx
[002010130] ECUB OS    TASK_START Task_BswMain prio=4
[002010158] ECUB COM   NOTIFY sig=0
[002010180] ECUB RTE   TRIGGER DRE_LightCtl_VehicleSpeed -> Task_LightCtl
[002010207] ECUB OS    EVENT_SET Task_LightCtl mask=0x2
[002010232] ECUB COM   TX ipdu=3 len=6
[002010248] ECUB PDUR  TX com=3 canif=0
[002010266] ECUB CAN   TX id=0x201 dlc=6 data=02 00 34 00 00 00
[002010292] ECUB CANIF TX pdu=0
[002010309] ECUB OS    TASK_END Task_BswMain
[002010330] ECUB RTE   CALL R_Odometer_UpdateSpeed
[002010351] ECUB OS    TASK_WAIT Task_LightCtl mask=0x7
[002020024] ECUB OS    ALARM Alarm_BswMain
[002020026] ECUB OS    ALARM Alarm_LightCtl20ms
[002020048] ECUB OS    EVENT_SET Task_LightCtl mask=0x1
[002020083] ECUB OS    TASK_START Task_BswMain prio=4
[002020112] ECUB OS    TASK_END Task_BswMain
[002020133] ECUB RTE   WRITE P_HeadlightCmd_HeadlightCmd=2
[002020155] ECUB RTE   TRIGGER DRE_Actuator_HeadlightCmd -> Task_LightAct
[002020184] ECUB OS    TASK_WAIT Task_LightCtl mask=0x7
[002020209] ECUB OS    TASK_START Task_LightAct prio=2
[002020229] ECUB RTE   CALL R_Odometer_GetDistance
[002020250] ECUB RTE   WRITE P_HeadlightStatus_HeadlightStatus=2
[002020276] ECUB RTE   WRITE P_OdometerDistance_Distance=53
[002020306] ECUB OS    TASK_END Task_LightAct
[002030024] ECUB OS    ALARM Alarm_BswMain
[002030042] ECUB OS    ISR_ENTER Isr_CanRx
[002030048] ECUB CAN   RX id=0x101 dlc=2 data=b8 05
[002030068] ECUB CANIF RX pdu=0
[002030090] ECUB PDUR  RX canif=0 com=0
[002030090] ECUB COM   RX ipdu=0 len=2
[002030124] ECUB OS    ISR_EXIT Isr_CanRx
[002030144] ECUB OS    TASK_START Task_BswMain prio=4
[002030166] ECUB COM   NOTIFY sig=0
[002030180] ECUB RTE   TRIGGER DRE_LightCtl_VehicleSpeed -> Task_LightCtl
[002030207] ECUB OS    EVENT_SET Task_LightCtl mask=0x2
[002030235] ECUB OS    TASK_END Task_BswMain
[002030257] ECUB RTE   CALL R_Odometer_UpdateSpeed
[002030278] ECUB OS    TASK_WAIT Task_LightCtl mask=0x7
[002040024] ECUB OS    ALARM Alarm_BswMain
[002040026] ECUB OS    ALARM Alarm_LightCtl20ms
[002040048] ECUB OS    EVENT_SET Task_LightCtl mask=0x1
[002040075] ECUB OS    TASK_START Task_BswMain prio=4
[002040112] ECUB OS    TASK_END Task_BswMain
[002040133] ECUB RTE   WRITE P_HeadlightCmd_HeadlightCmd=2
[002040155] ECUB RTE   TRIGGER DRE_Actuator_HeadlightCmd -> Task_LightAct
[002040184] ECUB OS    TASK_WAIT Task_LightCtl mask=0x7
[002040208] ECUB OS    TASK_START Task_LightAct prio=2
[002040229] ECUB RTE   CALL R_Odometer_GetDistance
[002040250] ECUB RTE   WRITE P_HeadlightStatus_HeadlightStatus=2
[002040276] ECUB RTE   WRITE P_OdometerDistance_Distance=54
[002040305] ECUB OS    TASK_END Task_LightAct
[002050024] ECUB OS    ALARM Alarm_BswMain
[002050024] ECUB OS    ISR_ENTER Isr_CanRx
[002050052] ECUB CAN   RX id=0x101 dlc=2 data=b8 05
[002050073] ECUB CANIF RX pdu=0
[002050073] ECUB PDUR  RX canif=0 com=0
[002050093] ECUB COM   RX ipdu=0 len=2
[002050124] ECUB OS    ISR_EXIT Isr_CanRx
[002050124] ECUB OS    TASK_START Task_BswMain prio=4
[002050158] ECUB COM   NOTIFY sig=0
[002050180] ECUB RTE   TRIGGER DRE_LightCtl_VehicleSpeed -> Task_LightCtl
[002050207] ECUB OS    EVENT_SET Task_LightCtl mask=0x2
[002050236] ECUB OS    TASK_END Task_BswMain
[002050257] ECUB RTE   CALL R_Odometer_UpdateSpeed
[002050278] ECUB OS    TASK_WAIT Task_LightCtl mask=0x7
[002060026] ECUB OS    ALARM Alarm_BswMain
[002060026] ECUB OS    ALARM Alarm_LightCtl20ms
[002060048] ECUB OS    EVENT_SET Task_LightCtl mask=0x1
[002060075] ECUB OS    TASK_START Task_BswMain prio=4
[002060112] ECUB OS    TASK_END Task_BswMain
[002060133] ECUB RTE   WRITE P_HeadlightCmd_HeadlightCmd=2
[002060155] ECUB RTE   TRIGGER DRE_Actuator_HeadlightCmd -> Task_LightAct
[002060184] ECUB OS    TASK_WAIT Task_LightCtl mask=0x7
[002060209] ECUB OS    TASK_START Task_LightAct prio=2
[002060229] ECUB RTE   CALL R_Odometer_GetDistance
[002060250] ECUB RTE   WRITE P_HeadlightStatus_HeadlightStatus=2
[002060276] ECUB RTE   WRITE P_OdometerDistance_Distance=54
[002060305] ECUB OS    TASK_END Task_LightAct
[002070024] ECUB OS    ALARM Alarm_BswMain
[002070043] ECUB OS    ISR_ENTER Isr_CanRx
[002070060] ECUB CAN   RX id=0x101 dlc=2 data=b8 05
[002070073] ECUB CANIF RX pdu=0
[002070093] ECUB PDUR  RX canif=0 com=0
[002070093] ECUB COM   RX ipdu=0 len=2
[002070124] ECUB OS    ISR_EXIT Isr_CanRx
[002070124] ECUB OS    TASK_START Task_BswMain prio=4
[002070142] ECUB COM   NOTIFY sig=0
[002070181] ECUB RTE   TRIGGER DRE_LightCtl_VehicleSpeed -> Task_LightCtl
[002070207] ECUB OS    EVENT_SET Task_LightCtl mask=0x2
[002070236] ECUB OS    TASK_END Task_BswMain
[002070258] ECUB RTE   CALL R_Odometer_UpdateSpeed
[002070279] ECUB OS    TASK_WAIT Task_LightCtl mask=0x7
[002080026] ECUB OS    ALARM Alarm_BswMain
[002080026] ECUB OS    ALARM Alarm_LightCtl20ms
[002080059] ECUB OS    EVENT_SET Task_LightCtl mask=0x1
[002080084] ECUB OS    TASK_START Task_BswMain prio=4
[002080113] ECUB OS    TASK_END Task_BswMain
[002080133] ECUB RTE   WRITE P_HeadlightCmd_HeadlightCmd=2
[002080155] ECUB RTE   TRIGGER DRE_Actuator_HeadlightCmd -> Task_LightAct
[002080184] ECUB OS    TASK_WAIT Task_LightCtl mask=0x7
[002080209] ECUB OS    TASK_START Task_LightAct prio=2
[002080230] ECUB RTE   CALL R_Odometer_GetDistance
[002080250] ECUB RTE   WRITE P_HeadlightStatus_HeadlightStatus=2
[002080276] ECUB RTE   WRITE P_OdometerDistance_Distance=55
[002080306] ECUB OS    TASK_END Task_LightAct
[002090025] ECUB OS    ALARM Alarm_BswMain
[002090025] ECUB OS    ISR_ENTER Isr_CanRx
[002090039] ECUB CAN   RX id=0x101 dlc=2 data=b8 05
[002090053] ECUB CANIF RX pdu=0
[002090069] ECUB PDUR  RX canif=0 com=0
[002090073] ECUB COM   RX ipdu=0 len=2
[002090125] ECUB OS    ISR_EXIT Isr_CanRx
[002090125] ECUB OS    TASK_START Task_BswMain prio=4
[002090142] ECUB COM   NOTIFY sig=0
[002090142] ECUB RTE   TRIGGER DRE_LightCtl_VehicleSpeed -> Task_LightCtl
[002090208] ECUB OS    EVENT_SET Task_LightCtl mask=0x2
[002090236] ECUB OS    TASK_END Task_BswMain
[002090258] ECUB RTE   CALL R_Odometer_UpdateSpeed
[002090279] ECUB OS    TASK_WAIT Task_LightCtl mask=0x7
[002099825] ECUB OS    ISR_ENTER Isr_CanRx
[002099825] ECUB CAN   RX id=0x301 dlc=1 data=14
[002099863] ECUB CANIF RX pdu=1
[002099875] ECUB PDUR  RX canif=1 com=1
[002099892] ECUB COM   RX ipdu=1 len=1
[002099908] ECUB OS    ISR_EXIT Isr_CanRx
[002100025] ECUB OS    ALARM Alarm_BswMain
[002100027] ECUB OS    ALARM Alarm_LightCtl20ms
[002100048] ECUB OS    EVENT_SET Task_LightCtl mask=0x1
[002100070] ECUB OS    TASK_START Task_BswMain prio=4
[002100097] ECUB OS    TASK_END Task_BswMain
[002100134] ECUB RTE   WRITE P_HeadlightCmd_HeadlightCmd=2
[002100156] ECUB RTE   TRIGGER DRE_Actuator_HeadlightCmd -> Task_LightAct
[002100184] ECUB OS    TASK_WAIT Task_LightCtl mask=0x7
[002100209] ECUB OS    TASK_START Task_LightAct prio=2
[002100230] ECUB RTE   CALL R_Odometer_GetDistance
[002100250] ECUB RTE   WRITE P_HeadlightStatus_HeadlightStatus=2
[002100277] ECUB RTE   WRITE P_OdometerDistance_Distance=56
[002100306] ECUB OS    TASK_END Task_LightAct
[002102925] ECUB OS    ISR_ENTER Isr_CanRx
[002102943] ECUB CAN   RX id=0x3f0 dlc=1 data=00
[002102963] ECUB CANIF RX pdu=2
[002102975] ECUB PDUR  RX canif=2 com=2
[002102992] ECUB COM   RX ipdu=2 len=1
[002103008] ECUB OS    ISR_EXIT Isr_CanRx
[002110025] ECUB OS    ALARM Alarm_BswMain
[002110039] ECUB OS    ISR_ENTER Isr_CanRx
[002110053] ECUB CAN   RX id=0x101 dlc=2 data=b8 05
[002110073] ECUB CANIF RX pdu=0
[002110073] ECUB PDUR  RX canif=0 com=0
[002110093] ECUB COM   RX ipdu=0 len=2
[002110125] ECUB OS    ISR_EXIT Isr_CanRx
[002110125] ECUB OS    TASK_START Task_BswMain prio=4
[002110167] ECUB COM   NOTIFY sig=0
[002110181] ECUB RTE   TRIGGER DRE_LightCtl_VehicleSpeed -> Task_LightCtl
[002110208] ECUB OS    EVENT_SET Task_LightCtl mask=0x2
[002110234] ECUB COM   TX ipdu=3 len=6
[002110249] ECUB PDUR  TX com=3 canif=0
[002110268] ECUB CAN   TX id=0x201 dlc=6 data=02 00 38 00 00 00
[002110293] ECUB CANIF TX pdu=0
[002110310] ECUB OS    TASK_END Task_BswMain
[002110331] ECUB RTE   CALL R_Odometer_UpdateSpeed
[002110353] ECUB OS    TASK_WAIT Task_LightCtl mask=0x7
[002120025] ECUB OS    ALARM Alarm_BswMain
[002120027] ECUB OS    ALARM Alarm_LightCtl20ms
[002120049] ECUB OS    EVENT_SET Task_LightCtl mask=0x1
[002120076] ECUB OS    TASK_START Task_BswMain prio=4
[002120114] ECUB OS    TASK_END Task_BswMain
[002120134] ECUB RTE   WRITE P_HeadlightCmd_HeadlightCmd=2
[002120157] ECUB RTE   TRIGGER DRE_Actuator_HeadlightCmd -> Task_LightAct
[002120185] ECUB OS    TASK_WAIT Task_LightCtl mask=0x7
[002120210] ECUB OS    TASK_START Task_LightAct prio=2
[002120231] ECUB RTE   CALL R_Odometer_GetDistance
[002120251] ECUB RTE   WRITE P_HeadlightStatus_HeadlightStatus=2
[002120278] ECUB RTE   WRITE P_OdometerDistance_Distance=57
[002120307] ECUB OS    TASK_END Task_LightAct
[002130025] ECUB OS    ALARM Alarm_BswMain
[002130040] ECUB OS    ISR_ENTER Isr_CanRx
[002130053] ECUB CAN   RX id=0x101 dlc=2 data=b8 05
[002130074] ECUB CANIF RX pdu=0
[002130074] ECUB PDUR  RX canif=0 com=0
[002130094] ECUB COM   RX ipdu=0 len=2
[002130125] ECUB OS    ISR_EXIT Isr_CanRx
[002130125] ECUB OS    TASK_START Task_BswMain prio=4
[002130143] ECUB COM   NOTIFY sig=0
[002130181] ECUB RTE   TRIGGER DRE_LightCtl_VehicleSpeed -> Task_LightCtl
[002130208] ECUB OS    EVENT_SET Task_LightCtl mask=0x2
[002130237] ECUB OS    TASK_END Task_BswMain
[002130258] ECUB RTE   CALL R_Odometer_UpdateSpeed
[002130279] ECUB OS    TASK_WAIT Task_LightCtl mask=0x7
[002140025] ECUB OS    ALARM Alarm_BswMain
[002140027] ECUB OS    ALARM Alarm_LightCtl20ms
[002140049] ECUB OS    EVENT_SET Task_LightCtl mask=0x1
[002140076] ECUB OS    TASK_START Task_BswMain prio=4
[002140113] ECUB OS    TASK_END Task_BswMain
[002140134] ECUB RTE   WRITE P_HeadlightCmd_HeadlightCmd=2
[002140156] ECUB RTE   TRIGGER DRE_Actuator_HeadlightCmd -> Task_LightAct
[002140185] ECUB OS    TASK_WAIT Task_LightCtl mask=0x7
[002140210] ECUB OS    TASK_START Task_LightAct prio=2
[002140230] ECUB RTE   CALL R_Odometer_GetDistance
[002140251] ECUB RTE   WRITE P_HeadlightStatus_HeadlightStatus=2
[002140277] ECUB RTE   WRITE P_OdometerDistance_Distance=58
[002140306] ECUB OS    TASK_END Task_LightAct
[002150025] ECUB OS    ALARM Alarm_BswMain
[002150040] ECUB OS    ISR_ENTER Isr_CanRx
[002150054] ECUB CAN   RX id=0x101 dlc=2 data=b8 05
[002150074] ECUB CANIF RX pdu=0
[002150094] ECUB PDUR  RX canif=0 com=0
[002150094] ECUB COM   RX ipdu=0 len=2
[002150125] ECUB OS    ISR_EXIT Isr_CanRx
[002150125] ECUB OS    TASK_START Task_BswMain prio=4
[002150143] ECUB COM   NOTIFY sig=0
[002150181] ECUB RTE   TRIGGER DRE_LightCtl_VehicleSpeed -> Task_LightCtl
[002150208] ECUB OS    EVENT_SET Task_LightCtl mask=0x2
[002150237] ECUB OS    TASK_END Task_BswMain
[002150258] ECUB RTE   CALL R_Odometer_UpdateSpeed
[002150280] ECUB OS    TASK_WAIT Task_LightCtl mask=0x7
[002160025] ECUB OS    ALARM Alarm_BswMain
[002160027] ECUB OS    ALARM Alarm_LightCtl20ms
[002160049] ECUB OS    EVENT_SET Task_LightCtl mask=0x1
[002160077] ECUB OS    TASK_START Task_BswMain prio=4
[002160113] ECUB OS    TASK_END Task_BswMain
[002160134] ECUB RTE   WRITE P_HeadlightCmd_HeadlightCmd=2
[002160156] ECUB RTE   TRIGGER DRE_Actuator_HeadlightCmd -> Task_LightAct
[002160185] ECUB OS    TASK_WAIT Task_LightCtl mask=0x7
[002160210] ECUB OS    TASK_START Task_LightAct prio=2
[002160230] ECUB RTE   CALL R_Odometer_GetDistance
[002160251] ECUB RTE   WRITE P_HeadlightStatus_HeadlightStatus=2
[002160277] ECUB RTE   WRITE P_OdometerDistance_Distance=58
[002160307] ECUB OS    TASK_END Task_LightAct
[002170027] ECUB OS    ALARM Alarm_BswMain
[002170044] ECUB OS    ISR_ENTER Isr_CanRx
[002170048] ECUB CAN   RX id=0x101 dlc=2 data=b8 05
[002170068] ECUB CANIF RX pdu=0
[002170090] ECUB PDUR  RX canif=0 com=0
[002170090] ECUB COM   RX ipdu=0 len=2
[002170126] ECUB OS    ISR_EXIT Isr_CanRx
[002170146] ECUB OS    TASK_START Task_BswMain prio=4
[002170168] ECUB COM   NOTIFY sig=0
[002170182] ECUB RTE   TRIGGER DRE_LightCtl_VehicleSpeed -> Task_LightCtl
[002170209] ECUB OS    EVENT_SET Task_LightCtl mask=0x2
[002170237] ECUB OS    TASK_END Task_BswMain
[002170259] ECUB RTE   CALL R_Odometer_UpdateSpeed
[002170280] ECUB OS    TASK_WAIT Task_LightCtl mask=0x7
[002180026] ECUB OS    ALARM Alarm_BswMain
[002180028] ECUB OS    ALARM Alarm_LightCtl20ms
[002180049] ECUB OS    EVENT_SET Task_LightCtl mask=0x1
[002180077] ECUB OS    TASK_START Task_BswMain prio=4
[002180114] ECUB OS    TASK_END Task_BswMain
[002180134] ECUB RTE   WRITE P_HeadlightCmd_HeadlightCmd=2
[002180157] ECUB RTE   TRIGGER DRE_Actuator_HeadlightCmd -> Task_LightAct
[002180185] ECUB OS    TASK_WAIT Task_LightCtl mask=0x7
[002180210] ECUB OS    TASK_START Task_LightAct prio=2
[002180231] ECUB RTE   CALL R_Odometer_GetDistance
[002180251] ECUB RTE   WRITE P_HeadlightStatus_HeadlightStatus=2
[002180278] ECUB RTE   WRITE P_OdometerDistance_Distance=59
[002180307] ECUB OS    TASK_END Task_LightAct
[002190026] ECUB OS    ALARM Alarm_BswMain
[002190028] ECUB OS    ISR_ENTER Isr_CanRx
[002190048] ECUB CAN   RX id=0x101 dlc=2 data=b8 05
[002190068] ECUB CANIF RX pdu=0
[002190090] ECUB PDUR  RX canif=0 com=0
[002190090] ECUB COM   RX ipdu=0 len=2
[002190126] ECUB OS    ISR_EXIT Isr_CanRx
[002190134] ECUB OS    TASK_START Task_BswMain prio=4
[002190168] ECUB COM   NOTIFY sig=0
[002190182] ECUB RTE   TRIGGER DRE_LightCtl_VehicleSpeed -> Task_LightCtl
[002190209] ECUB OS    EVENT_SET Task_LightCtl mask=0x2
[002190237] ECUB OS    TASK_END Task_BswMain
[002190259] ECUB RTE   CALL R_Odometer_UpdateSpeed
[002190280] ECUB OS    TASK_WAIT Task_LightCtl mask=0x7
[002199926] ECUB OS    ISR_ENTER Isr_CanRx
[002199944] ECUB CAN   RX id=0x301 dlc=1 data=14
[002199964] ECUB CANIF RX pdu=1
[002199964] ECUB PDUR  RX canif=1 com=1
[002199988] ECUB COM   RX ipdu=1 len=1
[002200008] ECUB OS    ISR_EXIT Isr_CanRx
[002200026] ECUB OS    ALARM Alarm_BswMain
[002200028] ECUB OS    ALARM Alarm_LightCtl20ms
[002200028] ECUB OS    EVENT_SET Task_LightCtl mask=0x1
[002200071] ECUB OS    TASK_START Task_BswMain prio=4
[002200071] ECUB OS    TASK_END Task_BswMain
[002200133] ECUB RTE   WRITE P_HeadlightCmd_HeadlightCmd=2
[002200155] ECUB RTE   TRIGGER DRE_Actuator_HeadlightCmd -> Task_LightAct
[002200184] ECUB OS    TASK_WAIT Task_LightCtl mask=0x7
[002200209] ECUB OS    TASK_START Task_LightAct prio=2
[002200230] ECUB RTE   CALL R_Odometer_GetDistance
[002200250] ECUB RTE   WRITE P_HeadlightStatus_HeadlightStatus=2
[002200277] ECUB RTE   WRITE P_OdometerDistance_Distance=60
[002200306] ECUB OS    TASK_END Task_LightAct
[002202826] ECUB OS    ISR_ENTER Isr_CanRx
[002202844] ECUB CAN   RX id=0x3f0 dlc=1 data=00
[002202864] ECUB CANIF RX pdu=2
[002202876] ECUB PDUR  RX canif=2 com=2
[002202893] ECUB COM   RX ipdu=2 len=1
[002202910] ECUB OS    ISR_EXIT Isr_CanRx
[002210026] ECUB OS    ALARM Alarm_BswMain
[002210041] ECUB OS    ISR_ENTER Isr_CanRx
[002210054] ECUB CAN   RX id=0x101 dlc=2 data=b8 05
[002210075] ECUB CANIF RX pdu=0
[002210095] ECUB PDUR  RX canif=0 com=0
[002210095] ECUB COM   RX ipdu=0 len=2
[002210126] ECUB OS    ISR_EXIT Isr_CanRx
[002210144] ECUB OS    TASK_START Task_BswMain prio=4
[002210169] ECUB COM   NOTIFY sig=0
[002210182] ECUB RTE   TRIGGER DRE_LightCtl_VehicleSpeed -> Task_LightCtl
[002210209] ECUB OS    EVENT_SET Task_LightCtl mask=0x2
[002210235] ECUB COM   TX ipdu=3 len=6
[002210250] ECUB PDUR  TX com=3 canif=0
[002210269] ECUB CAN   TX id=0x201 dlc=6 data=02 00 3c 00 00 00
[002210295] ECUB CANIF TX pdu=0
[002210311] ECUB OS    TASK_END Task_BswMain
[002210333] ECUB RTE   CALL R_Odometer_UpdateSpeed
[002210354] ECUB OS    TASK_WAIT Task_LightCtl mask=0x7
[002220026] ECUB OS    ALARM Alarm_BswMain
[002220028] ECUB OS    ALARM Alarm_LightCtl20ms
[002220050] ECUB OS    EVENT_SET Task_LightCtl mask=0x1
[002220077] ECUB OS    TASK_START Task_BswMain prio=4
[002220115] ECUB OS    TASK_END Task_BswMain
[002220136] ECUB RTE   WRITE P_HeadlightCmd_HeadlightCmd=2
[002220158] ECUB RTE   TRIGGER DRE_Actuator_HeadlightCmd -> Task_LightAct
[002220187] ECUB OS    TASK_WAIT Task_LightCtl mask=0x7
[002220211] ECUB OS    TASK_START Task_LightAct prio=2
[002220232] ECUB RTE   CALL R_Odometer_GetDistance
[002220252] ECUB RTE   WRITE P_HeadlightStatus_HeadlightStatus=2
[002220279] ECUB RTE   WRITE P_OdometerDistance_Distance=61
[002220308] ECUB OS    TASK_END Task_LightAct
[002230026] ECUB OS    ALARM Alarm_BswMain
[002230041] ECUB OS    ISR_ENTER Isr_CanRx
[002230055] ECUB CAN   RX id=0x101 dlc=2 data=b8 05
[002230075] ECUB CANIF RX pdu=0
[002230095] ECUB PDUR  RX canif=0 com=0
[002230095] ECUB COM   RX ipdu=0 len=2
[002230126] ECUB OS    ISR_EXIT Isr_CanRx
[002230126] ECUB OS    TASK_START Task_BswMain prio=4
[002230144] ECUB COM   NOTIFY sig=0
[002230182] ECUB RTE   TRIGGER DRE_LightCtl_VehicleSpeed -> Task_LightCtl
[002230209] ECUB OS    EVENT_SET Task_LightCtl mask=0x2
[002230238] ECUB OS    TASK_END Task_BswMain
[002230259] ECUB RTE   CALL R_Odometer_UpdateSpeed
[002230281] ECUB OS    TASK_WAIT Task_LightCtl mask=0x7
[002240026] ECUB OS    ALARM Alarm_BswMain
[002240028] ECUB OS    ALARM Alarm_LightCtl20ms
[002240050] ECUB OS    EVENT_SET Task_LightCtl mask=0x1
[002240078] ECUB OS    TASK_START Task_BswMain prio=4
[002240114] ECUB OS    TASK_END Task_BswMain
[002240135] ECUB RTE   WRITE P_HeadlightCmd_HeadlightCmd=2
[002240157] ECUB RTE   TRIGGER DRE_Actuator_HeadlightCmd -> Task_LightAct
[002240186] ECUB OS    TASK_WAIT Task_LightCtl mask=0x7
[002240211] ECUB OS    TASK_START Task_LightAct prio=2
[002240231] ECUB RTE   CALL R_Odometer_GetDistance
[002240252] ECUB RTE   WRITE P_HeadlightStatus_HeadlightStatus=2
[002240278] ECUB RTE   WRITE P_OdometerDistance_Distance=62
[002240308] ECUB OS    TASK_END Task_LightAct
[002250027] ECUB OS    ALARM Alarm_BswMain
[002250041] ECUB OS    ISR_ENTER Isr_CanRx
[002250055] ECUB CAN   RX id=0x101 dlc=2 data=b8 05
[002250075] ECUB CANIF RX pdu=0
[002250095] ECUB PDUR  RX canif=0 com=0
[002250095] ECUB COM   RX ipdu=0 len=2
[002250127] ECUB OS    ISR_EXIT Isr_CanRx
[002250127] ECUB OS    TASK_START Task_BswMain prio=4
[002250144] ECUB COM   NOTIFY sig=0
[002250183] ECUB RTE   TRIGGER DRE_LightCtl_VehicleSpeed -> Task_LightCtl
[002250210] ECUB OS    EVENT_SET Task_LightCtl mask=0x2
[002250238] ECUB OS    TASK_END Task_BswMain
[002250260] ECUB RTE   CALL R_Odometer_UpdateSpeed
[002250281] ECUB OS    TASK_WAIT Task_LightCtl mask=0x7
[002260027] ECUB OS    ALARM Alarm_BswMain
[002260045] ECUB OS    ALARM Alarm_LightCtl20ms
[002260050] ECUB OS    EVENT_SET Task_LightCtl mask=0x1
[002260078] ECUB OS    TASK_START Task_BswMain prio=4
[002260115] ECUB OS    TASK_END Task_BswMain
[002260135] ECUB RTE   WRITE P_HeadlightCmd_HeadlightCmd=2
[002260158] ECUB RTE   TRIGGER DRE_Actuator_HeadlightCmd -> Task_LightAct
[002260186] ECUB OS    TASK_WAIT Task_LightCtl mask=0x7
[002260211] ECUB OS    TASK_START Task_LightAct prio=2
[002260232] ECUB RTE   CALL R_Odometer_GetDistance
[002260252] ECUB RTE   WRITE P_HeadlightStatus_HeadlightStatus=2
[002260279] ECUB RTE   WRITE P_OdometerDistance_Distance=62
[002260308] ECUB OS    TASK_END Task_LightAct
[002270027] ECUB OS    ALARM Alarm_BswMain
[002270041] ECUB OS    ISR_ENTER Isr_CanRx
[002270055] ECUB CAN   RX id=0x101 dlc=2 data=b8 05
[002270075] ECUB CANIF RX pdu=0
[002270095] ECUB PDUR  RX canif=0 com=0
[002270095] ECUB COM   RX ipdu=0 len=2
[002270127] ECUB OS    ISR_EXIT Isr_CanRx
[002270127] ECUB OS    TASK_START Task_BswMain prio=4
[002270169] ECUB COM   NOTIFY sig=0
[002270183] ECUB RTE   TRIGGER DRE_LightCtl_VehicleSpeed -> Task_LightCtl
[002270210] ECUB OS    EVENT_SET Task_LightCtl mask=0x2
[002270238] ECUB OS    TASK_END Task_BswMain
[002270260] ECUB RTE   CALL R_Odometer_UpdateSpeed
[002270281] ECUB OS    TASK_WAIT Task_LightCtl mask=0x7
[002280027] ECUB OS    ALARM Alarm_BswMain
[002280029] ECUB OS    ALARM Alarm_LightCtl20ms
[002280051] ECUB OS    EVENT_SET Task_LightCtl mask=0x1
[002280078] ECUB OS    TASK_START Task_BswMain prio=4
[002280115] ECUB OS    TASK_END Task_BswMain
[002280136] ECUB RTE   WRITE P_HeadlightCmd_HeadlightCmd=2
[002280158] ECUB RTE   TRIGGER DRE_Actuator_HeadlightCmd -> Task_LightAct
[002280187] ECUB OS    TASK_WAIT Task_LightCtl mask=0x7
[002280211] ECUB OS    TASK_START Task_LightAct prio=2
[002280232] ECUB RTE   CALL R_Odometer_GetDistance
[002280252] ECUB RTE   WRITE P_HeadlightStatus_HeadlightStatus=2
[002280279] ECUB RTE   WRITE P_OdometerDistance_Distance=63
[002280308] ECUB OS    TASK_END Task_LightAct
[002290027] ECUB OS    ALARM Alarm_BswMain
[002290041] ECUB OS    ISR_ENTER Isr_CanRx
[002290055] ECUB CAN   RX id=0x101 dlc=2 data=b8 05
[002290076] ECUB CANIF RX pdu=0
[002290076] ECUB PDUR  RX canif=0 com=0
[002290096] ECUB COM   RX ipdu=0 len=2
[002290127] ECUB OS    ISR_EXIT Isr_CanRx
[002290127] ECUB OS    TASK_START Task_BswMain prio=4
[002290145] ECUB COM   NOTIFY sig=0
[002290183] ECUB RTE   TRIGGER DRE_LightCtl_VehicleSpeed -> Task_LightCtl
[002290210] ECUB OS    EVENT_SET Task_LightCtl mask=0x2
[002290239] ECUB OS    TASK_END Task_BswMain
[002290260] ECUB RTE   CALL R_Odometer_UpdateSpeed
[002290281] ECUB OS    TASK_WAIT Task_LightCtl mask=0x7
[002299928] ECUB OS    ISR_ENTER Isr_CanRx
[002299945] ECUB CAN   RX id=0x301 dlc=1 data=14
[002299965] ECUB CANIF RX pdu=1
[002299965] ECUB PDUR  RX canif=1 com=1
[002299989] ECUB COM   RX ipdu=1 len=1
[002300009] ECUB OS    ISR_EXIT Isr_CanRx
[002300027] ECUB OS    ALARM Alarm_BswMain
[002300029] ECUB OS    ALARM Alarm_LightCtl20ms
[002300060] ECUB OS    EVENT_SET Task_LightCtl mask=0x1
[002300072] ECUB OS    TASK_START Task_BswMain prio=4
[002300114] ECUB OS    TASK_END Task_BswMain
[002300134] ECUB RTE   WRITE P_HeadlightCmd_HeadlightCmd=2
[002300157] ECUB RTE   TRIGGER DRE_Actuator_HeadlightCmd -> Task_LightAct
[002300185] ECUB OS    TASK_WAIT Task_LightCtl mask=0x7
[002300210] ECUB OS    TASK_START Task_LightAct prio=2
[002300231] ECUB RTE   CALL R_Odometer_GetDistance
[002300251] ECUB RTE   WRITE P_HeadlightStatus_HeadlightStatus=2
[002300278] ECUB RTE   WRITE P_OdometerDistance_Distance=64
[002300307] ECUB OS    TASK_END Task_LightAct
[002302827] ECUB OS    ISR_ENTER Isr_CanRx
[002302827] ECUB CAN   RX id=0x3f0 dlc=1 data=00
[002302865] ECUB CANIF RX pdu=2
[002302878] ECUB PDUR  RX canif=2 com=2
[002302894] ECUB COM   RX ipdu=2 len=1
[002302911] ECUB OS    ISR_EXIT Isr_CanRx
[002310027] ECUB OS    ALARM Alarm_BswMain
[002310042] ECUB OS    ISR_ENTER Isr_CanRx
[002310056] ECUB CAN   RX id=0x101 dlc=2 data=b8 05
[002310076] ECUB CANIF RX pdu=0
[002310096] ECUB PDUR  RX canif=0 com=0
[002310096] ECUB COM   RX ipdu=0 len=2
[002310127] ECUB OS    ISR_EXIT Isr_CanRx
[002310127] ECUB OS    TASK_START Task_BswMain prio=4
[002310145] ECUB COM   NOTIFY sig=0
[002310183] ECUB RTE   TRIGGER DRE_LightCtl_VehicleSpeed -> Task_LightCtl
[002310210] ECUB OS    EVENT_SET Task_LightCtl mask=0x2
[002310236] ECUB COM   TX ipdu=3 len=6
[002310251] ECUB PDUR  TX com=3 canif=0
[002310270] ECUB CAN   TX id=0x201 dlc=6 data=02 00 40 00 00 00
[002310296] ECUB CANIF TX pdu=0
[002310312] ECUB OS    TASK_END Task_BswMain
[002310334] ECUB RTE   CALL R_Odometer_UpdateSpeed
[002310355] ECUB OS    TASK_WAIT Task_LightCtl mask=0x7
[002320029] ECUB OS    ALARM Alarm_BswMain
[002320029] ECUB OS    ALARM Alarm_LightCtl20ms
[002320051] ECUB OS    EVENT_SET Task_LightCtl mask=0x1
[002320079] ECUB OS    TASK_START Task_BswMain prio=4
[002320116] ECUB OS    TASK_END Task_BswMain
[002320137] ECUB RTE   WRITE P_HeadlightCmd_HeadlightCmd=2
[002320159] ECUB RTE   TRIGGER DRE_Actuator_HeadlightCmd -> Task_LightAct
[002320188] ECUB OS    TASK_WAIT Task_LightCtl mask=0x7
[002320212] ECUB OS    TASK_START Task_LightAct prio=2
[002320233] ECUB RTE   CALL R_Odometer_GetDistance
[002320254] ECUB RTE   WRITE P_HeadlightStatus_HeadlightStatus=2
[002320280] ECUB RTE   WRITE P_OdometerDistance_Distance=65
[002320309] ECUB OS    TASK_END Task_LightAct
[002330027] ECUB OS    ALARM Alarm_BswMain
[002330042] ECUB OS    ISR_ENTER Isr_CanRx
[002330056] ECUB CAN   RX id=0x101 dlc=2 data=b8 05
[002330076] ECUB CANIF RX pdu=0
[002330096] ECUB PDUR  RX canif=0 com=0
[002330096] ECUB COM   RX ipdu=0 len=2
[002330127] ECUB OS    ISR_EXIT Isr_CanRx
[002330127] ECUB OS    TASK_START Task_BswMain prio=4
[002330145] ECUB COM   NOTIFY sig=0
[002330184] ECUB RTE   TRIGGER DRE_LightCtl_VehicleSpeed -> Task_LightCtl
[002330211] ECUB OS    EVENT_SET Task_LightCtl mask=0x2
[002330239] ECUB OS    TASK_END Task_BswMain
[002330261] ECUB RTE   CALL R_Odometer_UpdateSpeed
[002330282] ECUB OS    TASK_WAIT Task_LightCtl mask=0x7
[002340029] ECUB OS    ALARM Alarm_BswMain
[002340045] ECUB OS    ALARM Alarm_LightCtl20ms
[002340062] ECUB OS    EVENT_SET Task_LightCtl mask=0x1
[002340087] ECUB OS    TASK_START Task_BswMain prio=4
[002340116] ECUB OS    TASK_END Task_BswMain
[002340136] ECUB RTE   WRITE P_HeadlightCmd_HeadlightCmd=2
[002340159] ECUB RTE   TRIGGER DRE_Actuator_HeadlightCmd -> Task_LightAct
[002340187] ECUB OS    TASK_WAIT Task_LightCtl mask=0x7
[002340212] ECUB OS    TASK_START Task_LightAct prio=2
[002340233] ECUB RTE   CALL R_Odometer_GetDistance
[002340253] ECUB RTE   WRITE P_HeadlightStatus_HeadlightStatus=2
[002340280] ECUB RTE   WRITE P_OdometerDistance_Distance=66
[002340309] ECUB OS    TASK_END Task_LightAct
[002350028] ECUB OS    ALARM Alarm_BswMain
[002350028] ECUB OS    ISR_ENTER Isr_CanRx
[002350056] ECUB CAN   RX id=0x101 dlc=2 data=b8 05
[002350076] ECUB CANIF RX pdu=0
[002350076] ECUB PDUR  RX canif=0 com=0
[002350096] ECUB COM   RX ipdu=0 len=2
[002350128] ECUB OS    ISR_EXIT Isr_CanRx
[002350128] ECUB OS    TASK_START Task_BswMain prio=4
[002350170] ECUB COM   NOTIFY sig=0
[002350184] ECUB RTE   TRIGGER DRE_LightCtl_VehicleSpeed -> Task_LightCtl
[002350211] ECUB OS    EVENT_SET Task_LightCtl mask=0x2
[002350239] ECUB OS    TASK_END Task_BswMain
[002350261] ECUB RTE   CALL R_Odometer_UpdateSpeed
[002350282] ECUB OS    TASK_WAIT Task_LightCtl mask=0x7
[002360029] ECUB OS    ALARM Alarm_BswMain
[002360030] ECUB OS    ALARM Alarm_LightCtl20ms
[002360052] ECUB OS    EVENT_SET Task_LightCtl mask=0x1
[002360079] ECUB OS    TASK_START Task_BswMain prio=4
[002360116] ECUB OS    TASK_END Task_BswMain
[002360137] ECUB RTE   WRITE P_HeadlightCmd_HeadlightCmd=2
[002360159] ECUB RTE   TRIGGER DRE_Actuator_HeadlightCmd -> Task_LightAct
[002360187] ECUB OS    TASK_WAIT Task_LightCtl mask=0x7
[002360212] ECUB OS    TASK_START Task_LightAct prio=2
[002360233] ECUB RTE   CALL R_Odometer_GetDistance
[002360253] ECUB RTE   WRITE P_HeadlightStatus_HeadlightStatus=2
[002360280] ECUB RTE   WRITE P_OdometerDistance_Distance=67
[002360309] ECUB OS    TASK_END Task_LightAct
[002370028] ECUB OS    ALARM Alarm_BswMain
[002370042] ECUB OS    ISR_ENTER Isr_CanRx
[002370056] ECUB CAN   RX id=0x101 dlc=2 data=b8 05
[002370077] ECUB CANIF RX pdu=0
[002370077] ECUB PDUR  RX canif=0 com=0
[002370097] ECUB COM   RX ipdu=0 len=2
[002370128] ECUB OS    ISR_EXIT Isr_CanRx
[002370128] ECUB OS    TASK_START Task_BswMain prio=4
[002370146] ECUB COM   NOTIFY sig=0
[002370184] ECUB RTE   TRIGGER DRE_LightCtl_VehicleSpeed -> Task_LightCtl
[002370211] ECUB OS    EVENT_SET Task_LightCtl mask=0x2
[002370240] ECUB OS    TASK_END Task_BswMain
[002370261] ECUB RTE   CALL R_Odometer_UpdateSpeed
[002370282] ECUB OS    TASK_WAIT Task_LightCtl mask=0x7
[002380029] ECUB OS    ALARM Alarm_BswMain
[002380030] ECUB OS    ALARM Alarm_LightCtl20ms
[002380052] ECUB OS    EVENT_SET Task_LightCtl mask=0x1
[002380079] ECUB OS    TASK_START Task_BswMain prio=4
[002380116] ECUB OS    TASK_END Task_BswMain
[002380137] ECUB RTE   WRITE P_HeadlightCmd_HeadlightCmd=2
[002380159] ECUB RTE   TRIGGER DRE_Actuator_HeadlightCmd -> Task_LightAct
[002380188] ECUB OS    TASK_WAIT Task_LightCtl mask=0x7
[002380212] ECUB OS    TASK_START Task_LightAct prio=2
[002380233] ECUB RTE   CALL R_Odometer_GetDistance
[002380254] ECUB RTE   WRITE P_HeadlightStatus_HeadlightStatus=2
[002380280] ECUB RTE   WRITE P_OdometerDistance_Distance=67
[002380309] ECUB OS    TASK_END Task_LightAct
[002390028] ECUB OS    ALARM Alarm_BswMain
[002390043] ECUB OS    ISR_ENTER Isr_CanRx
[002390057] ECUB CAN   RX id=0x101 dlc=2 data=b8 05
[002390077] ECUB CANIF RX pdu=0
[002390097] ECUB PDUR  RX canif=0 com=0
[002390097] ECUB COM   RX ipdu=0 len=2
[002390128] ECUB OS    ISR_EXIT Isr_CanRx
[002390128] ECUB OS    TASK_START Task_BswMain prio=4
[002390171] ECUB COM   NOTIFY sig=0
[002390184] ECUB RTE   TRIGGER DRE_LightCtl_VehicleSpeed -> Task_LightCtl
[002390211] ECUB OS    EVENT_SET Task_LightCtl mask=0x2
[002390240] ECUB OS    TASK_END Task_BswMain
[002390261] ECUB RTE   CALL R_Odometer_UpdateSpeed
[002390283] ECUB OS    TASK_WAIT Task_LightCtl mask=0x7
[002399828] ECUB OS    ISR_ENTER Isr_CanRx
[002399828] ECUB CAN   RX id=0x301 dlc=1 data=14
[002399866] ECUB CANIF RX pdu=1
[002399879] ECUB PDUR  RX canif=1 com=1
[002399895] ECUB COM   RX ipdu=1 len=1
[002399912] ECUB OS    ISR_EXIT Isr_CanRx
[002400028] ECUB OS    ALARM Alarm_BswMain
[002400030] ECUB OS    ALARM Alarm_LightCtl20ms
[002400052] ECUB OS    EVENT_SET Task_LightCtl mask=0x1
[002400073] ECUB OS    TASK_START Task_BswMain prio=4
[002400116] ECUB OS    TASK_END Task_BswMain
[002400137] ECUB RTE   WRITE P_HeadlightCmd_HeadlightCmd=2
[002400159] ECUB RTE   TRIGGER DRE_Actuator_HeadlightCmd -> Task_LightAct
[002400188] ECUB OS    TASK_WAIT Task_LightCtl mask=0x7
[002400213] ECUB OS    TASK_START Task_LightAct prio=2
[002400233] ECUB RTE   CALL R_Odometer_GetDistance
[002400254] ECUB RTE   WRITE P_HeadlightStatus_HeadlightStatus=2
[002400280] ECUB RTE   WRITE P_OdometerDistance_Distance=68
[002400310] ECUB OS    TASK_END Task_LightAct
[002402828] ECUB OS    ISR_ENTER Isr_CanRx
[002402846] ECUB CAN   RX id=0x3f0 dlc=1 data=00
[002402867] ECUB CANIF RX pdu=2
[002402879] ECUB PDUR  RX canif=2 com=2
[002402895] ECUB COM   RX ipdu=2 len=1
[002402912] ECUB OS    ISR_EXIT Isr_CanRx
[002410028] ECUB OS    ALARM Alarm_BswMain
[002410047] ECUB OS    ISR_ENTER Isr_CanRx
[002410064] ECUB CAN   RX id=0x101 dlc=2 data=b8 05
[002410068] ECUB CANIF RX pdu=0
[002410090] ECUB PDUR  RX canif=0 com=0
[002410114] ECUB COM   RX ipdu=0 len=2
[002410128] ECUB OS    ISR_EXIT Isr_CanRx
[002410149] ECUB OS    TASK_START Task_BswMain prio=4
[002410171] ECUB COM   NOTIFY sig=0
[002410185] ECUB RTE   TRIGGER DRE_LightCtl_VehicleSpeed -> Task_LightCtl
[002410212] ECUB OS    EVENT_SET Task_LightCtl mask=0x2
[002410237] ECUB COM   TX ipdu=3 len=6
[002410253] ECUB PDUR  TX com=3 canif=0
[002410271] ECUB CAN   TX id=0x201 dlc=6 data=02 00 44 00 00 00
[002410297] ECUB CANIF TX pdu=0
[002410313] ECUB OS    TASK_END Task_BswMain
[002410335] ECUB RTE   CALL R_Odometer_UpdateSpeed
[002410356] ECUB OS    TASK_WAIT Task_LightCtl mask=0x7
[002420030] ECUB OS    ALARM Alarm_BswMain
[002420031] ECUB OS    ALARM Alarm_LightCtl20ms
[002420052] ECUB OS    EVENT_SET Task_LightCtl mask=0x1
[002420080] ECUB OS    TASK_START Task_BswMain prio=4
[002420117] ECUB OS    TASK_END Task_BswMain
[002420138] ECUB RTE   WRITE P_HeadlightCmd_HeadlightCmd=2
[002420160] ECUB RTE   TRIGGER DRE_Actuator_HeadlightCmd -> Task_LightAct
[002420189] ECUB OS    TASK_WAIT Task_LightCtl mask=0x7
[002420214] ECUB OS    TASK_START Task_LightAct prio=2
[002420234] ECUB RTE   CALL R_Odometer_GetDistance
[002420255] ECUB RTE   WRITE P_HeadlightStatus_HeadlightStatus=2
[002420281] ECUB RTE   WRITE P_OdometerDistance_Distance=69
[002420310] ECUB OS    TASK_END Task_LightAct
[002430029] ECUB OS    ALARM Alarm_BswMain
[002430047] ECUB OS    ISR_ENTER Isr_CanRx
[002430048] ECUB CAN   RX id=0x101 dlc=2 data=b8 05
[002430068] ECUB CANIF RX pdu=0
[002430090] ECUB PDUR  RX canif=0 com=0
[002430090] ECUB COM   RX ipdu=0 len=2
[002430129] ECUB OS    ISR_EXIT Isr_CanRx
[002430149] ECUB OS    TASK_START Task_BswMain prio=4
[002430171] ECUB COM   NOTIFY sig=0
[002430185] ECUB RTE   TRIGGER DRE_LightCtl_VehicleSpeed -> Task_LightCtl
[002430212] ECUB OS    EVENT_SET Task_LightCtl mask=0x2
[002430240] ECUB OS    TASK_END Task_BswMain
[002430262] ECUB RTE   CALL R_Odometer_UpdateSpeed
[002430283] ECUB OS    TASK_WAIT Task_LightCtl mask=0x7
[002440029] ECUB OS    ALARM Alarm_BswMain
[002440031] ECUB OS    ALARM Alarm_LightCtl20ms
[002440053] ECUB OS    EVENT_SET Task_LightCtl mask=0x1
[002440080] ECUB OS    TASK_START Task_BswMain prio=4
[002440117] ECUB OS    TASK_END Task_BswMain
[002440138] ECUB RTE   WRITE P_HeadlightCmd_HeadlightCmd=2
[002440160] ECUB RTE   TRIGGER DRE_Actuator_HeadlightCmd -> Task_LightAct
[002440188] ECUB OS    TASK_WAIT Task_LightCtl mask=0x7
[002440213] ECUB OS    TASK_START Task_LightAct prio=2
[002440234] ECUB RTE   CALL R_Odometer_GetDistance
[002440254] ECUB RTE   WRITE P_HeadlightStatus_HeadlightStatus=2
[002440281] ECUB RTE   WRITE P_OdometerDistance_Distance=70
[002440310] ECUB OS    TASK_END Task_LightAct
[002450029] ECUB OS    ALARM Alarm_BswMain
[002450043] ECUB OS    ISR_ENTER Isr_CanRx
[002450057] ECUB CAN   RX id=0x101 dlc=2 data=b8 05
[002450086] ECUB CANIF RX pdu=0
[002450097] ECUB PDUR  RX canif=0 com=0
[002450114] ECUB COM   RX ipdu=0 len=2
[002450129] ECUB OS    ISR_EXIT Isr_CanRx
[002450129] ECUB OS    TASK_START Task_BswMain prio=4
[002450147] ECUB COM   NOTIFY sig=0
[002450185] ECUB RTE   TRIGGER DRE_LightCtl_VehicleSpeed -> Task_LightCtl
[002450212] ECUB OS    EVENT_SET Task_LightCtl mask=0x2
[002450240] ECUB OS    TASK_END Task_BswMain
[002450262] ECUB RTE   CALL R_Odometer_UpdateSpeed
[002450283] ECUB OS    TASK_WAIT Task_LightCtl mask=0x7
[002460030] ECUB OS    ALARM Alarm_BswMain
[002460031] ECUB OS    ALARM Alarm_LightCtl20ms
[002460053] ECUB OS    EVENT_SET Task_LightCtl mask=0x1
[002460080] ECUB OS    TASK_START Task_BswMain prio=4
[002460117] ECUB OS    TASK_END Task_BswMain
[002460138] ECUB RTE   WRITE P_HeadlightCmd_HeadlightCmd=2
[002460160] ECUB RTE   TRIGGER DRE_Actuator_HeadlightCmd -> Task_LightAct
[002460189] ECUB OS    TASK_WAIT Task_LightCtl mask=0x7
[002460213] ECUB OS    TASK_START Task_LightAct prio=2
[002460234] ECUB RTE   CALL R_Odometer_GetDistance
[002460255] ECUB RTE   WRITE P_HeadlightStatus_HeadlightStatus=2
[002460281] ECUB RTE   WRITE P_OdometerDistance_Distance=71
[002460310] ECUB OS    TASK_END Task_LightAct
[002470029] ECUB OS    ALARM Alarm_BswMain
[002470044] ECUB OS    ISR_ENTER Isr_CanRx
[002470057] ECUB CAN   RX id=0x101 dlc=2 data=b8 05
[002470078] ECUB CANIF RX pdu=0
[002470098] ECUB PDUR  RX canif=0 com=0
[002470098] ECUB COM   RX ipdu=0 len=2
[002470129] ECUB OS    ISR_EXIT Isr_CanRx
[002470129] ECUB OS    TASK_START Task_BswMain prio=4
[002470172] ECUB COM   NOTIFY sig=0
[002470185] ECUB RTE   TRIGGER DRE_LightCtl_VehicleSpeed -> Task_LightCtl
[002470212] ECUB OS    EVENT_SET Task_LightCtl mask=0x2
[002470241] ECUB OS    TASK_END Task_BswMain
[002470262] ECUB RTE   CALL R_Odometer_UpdateSpeed
[002470284] ECUB OS    TASK_WAIT Task_LightCtl mask=0x7
[002480031] ECUB OS    ALARM Alarm_BswMain
[002480031] ECUB OS    ALARM Alarm_LightCtl20ms
[002480053] ECUB OS    EVENT_SET Task_LightCtl mask=0x1
[002480089] ECUB OS    TASK_START Task_BswMain prio=4
[002480117] ECUB OS    TASK_END Task_BswMain
[002480138] ECUB RTE   WRITE P_HeadlightCmd_HeadlightCmd=2
[002480160] ECUB RTE   TRIGGER DRE_Actuator_HeadlightCmd -> Task_LightAct
[002480189] ECUB OS    TASK_WAIT Task_LightCtl mask=0x7
[002480214] ECUB OS    TASK_START Task_LightAct prio=2
[002480234] ECUB RTE   CALL R_Odometer_GetDistance
[002480255] ECUB RTE   WRITE P_HeadlightStatus_HeadlightStatus=2
[002480281] ECUB RTE   WRITE P_OdometerDistance_Distance=71
[002480310] ECUB OS    TASK_END Task_LightAct
[002490029] ECUB OS    ALARM Alarm_BswMain
[002490044] ECUB OS    ISR_ENTER Isr_CanRx
[002490058] ECUB CAN   RX id=0x101 dlc=2 data=b8 05
[002490078] ECUB CANIF RX pdu=0
[002490098] ECUB PDUR  RX canif=0 com=0
[002490098] ECUB COM   RX ipdu=0 len=2
[002490129] ECUB OS    ISR_EXIT Isr_CanRx
[002490129] ECUB OS    TASK_START Task_BswMain prio=4
[002490147] ECUB COM   NOTIFY sig=0
[002490186] ECUB RTE   TRIGGER DRE_LightCtl_VehicleSpeed -> Task_LightCtl
[002490213] ECUB OS    EVENT_SET Task_LightCtl mask=0x2
[002490241] ECUB OS    TASK_END Task_BswMain
[002490263] ECUB RTE   CALL R_Odometer_UpdateSpeed
[002490284] ECUB OS    TASK_WAIT Task_LightCtl mask=0x7
[002499930] ECUB OS    ISR_ENTER Isr_CanRx
[002499947] ECUB CAN   RX id=0x301 dlc=1 data=14
[002499967] ECUB CANIF RX pdu=1
[002499967] ECUB PDUR  RX canif=1 com=1
[002499991] ECUB COM   RX ipdu=1 len=1
[002500012] ECUB OS    ISR_EXIT Isr_CanRx
[002500030] ECUB OS    ALARM Alarm_BswMain
[002500032] ECUB OS    ALARM Alarm_LightCtl20ms
[002500053] ECUB OS    EVENT_SET Task_LightCtl mask=0x1
[002500075] ECUB OS    TASK_START Task_BswMain prio=4
[002500102] ECUB OS    TASK_END Task_BswMain
[002500137] ECUB RTE   WRITE P_HeadlightCmd_HeadlightCmd=2
[002500159] ECUB RTE   TRIGGER DRE_Actuator_HeadlightCmd -> Task_LightAct
[002500188] ECUB OS    TASK_WAIT Task_LightCtl mask=0x7
[002500212] ECUB OS    TASK_START Task_LightAct prio=2
[002500233] ECUB RTE   CALL R_Odometer_GetDistance
[002500254] ECUB RTE   WRITE P_HeadlightStatus_HeadlightStatus=2
[002500280] ECUB RTE   WRITE P_OdometerDistance_Distance=72
[002500309] ECUB OS    TASK_END Task_LightAct
[002502830] ECUB OS    ISR_ENTER Isr_CanRx
[002502830] ECUB CAN   RX id=0x3f0 dlc=1 data=00
[002502868] ECUB CANIF RX pdu=2
[002502880] ECUB PDUR  RX canif=2 com=2
[002502897] ECUB COM   RX ipdu=2 len=1
[002502913] ECUB OS    ISR_EXIT Isr_CanRx
[002510030] ECUB OS    ALARM Alarm_BswMain
[002510030] ECUB OS    ISR_ENTER Isr_CanRx
[002510058] ECUB CAN   RX id=0x101 dlc=2 data=b8 05
[002510078] ECUB CANIF RX pdu=0
[002510078] ECUB PDUR  RX canif=0 com=0
[002510098] ECUB COM   RX ipdu=0 len=2
[002510130] ECUB OS    ISR_EXIT Isr_CanRx
[002510136] ECUB OS    TASK_START Task_BswMain prio=4
[002510164] ECUB COM   NOTIFY sig=0
[002510186] ECUB RTE   TRIGGER DRE_LightCtl_VehicleSpeed -> Task_LightCtl
[002510213] ECUB OS    EVENT_SET Task_LightCtl mask=0x2
[002510238] ECUB COM   TX ipdu=3 len=6
[002510254] ECUB PDUR  TX com=3 canif=0
[002510272] ECUB CAN   TX id=0x201 dlc=6 data=02 00 48 00 00 00
[002510298] ECUB CANIF TX pdu=0
[002510315] ECUB OS    TASK_END Task_BswMain
[002510336] ECUB RTE   CALL R_Odometer_UpdateSpeed
[002510357] ECUB OS    TASK_WAIT Task_LightCtl mask=0x7
[002520030] ECUB OS    ALARM Alarm_BswMain
[002520032] ECUB OS    ALARM Alarm_LightCtl20ms
[002520054] ECUB OS    EVENT_SET Task_LightCtl mask=0x1
[002520081] ECUB OS    TASK_START Task_BswMain prio=4
[002520118] ECUB OS    TASK_END Task_BswMain
[002520139] ECUB RTE   WRITE P_HeadlightCmd_HeadlightCmd=2
[002520161] ECUB RTE   TRIGGER DRE_Actuator_HeadlightCmd -> Task_LightAct
[002520190] ECUB OS    TASK_WAIT Task_LightCtl mask=0x7
[002520215] ECUB OS    TASK_START Task_LightAct prio=2
[002520235] ECUB RTE   CALL R_Odometer_GetDistance
[002520256] ECUB RTE   WRITE P_HeadlightStatus_HeadlightStatus=2
[002520282] ECUB RTE   WRITE P_OdometerDistance_Distance=73
[002520312] ECUB OS    TASK_END Task_LightAct
[002530030] ECUB OS    ALARM Alarm_BswMain
[002530044] ECUB OS    ISR_ENTER Isr_CanRx
[002530058] ECUB CAN   RX id=0x101 dlc=2 data=b8 05
[002530079] ECUB CANIF RX pdu=0
[002530098] ECUB PDUR  RX canif=0 com=0
[002530098] ECUB COM   RX ipdu=0 len=2
[002530130] ECUB OS    ISR_EXIT Isr_CanRx
[002530130] ECUB OS    TASK_START Task_BswMain prio=4
[002530148] ECUB COM   NOTIFY sig=0
[002530186] ECUB RTE   TRIGGER DRE_LightCtl_VehicleSpeed -> Task_LightCtl
[002530213] ECUB OS    EVENT_SET Task_LightCtl mask=0x2
[002530241] ECUB OS    TASK_END Task_BswMain
[002530263] ECUB RTE   CALL R_Odometer_UpdateSpeed
[002530284] ECUB OS    TASK_WAIT Task_LightCtl mask=0x7
[002540031] ECUB OS    ALARM Alarm_BswMain
[002540032] ECUB OS    ALARM Alarm_LightCtl20ms
[002540054] ECUB OS    EVENT_SET Task_LightCtl mask=0x1
[002540081] ECUB OS    TASK_START Task_BswMain prio=4
[002540118] ECUB OS    TASK_END Task_BswMain
[002540139] ECUB RTE   WRITE P_HeadlightCmd_HeadlightCmd=2
[002540161] ECUB RTE   TRIGGER DRE_Actuator_HeadlightCmd -> Task_LightAct
[002540190] ECUB OS    TASK_WAIT Task_LightCtl mask=0x7
[002540214] ECUB OS    TASK_START Task_LightAct prio=2
[002540235] ECUB RTE   CALL R_Odometer_GetDistance
[002540256] ECUB RTE   WRITE P_HeadlightStatus_HeadlightStatus=2
[002540282] ECUB RTE   WRITE P_OdometerDistance_Distance=74
[002540311] ECUB OS    TASK_END Task_LightAct
[002550030] ECUB OS    ALARM Alarm_BswMain
[002550045] ECUB OS    ISR_ENTER Isr_CanRx
[002550058] ECUB CAN   RX id=0x101 dlc=2 data=b8 05
[002550079] ECUB CANIF RX pdu=0
[002550079] ECUB PDUR  RX canif=0 com=0
[002550099] ECUB COM   RX ipdu=0 len=2
[002550130] ECUB OS    ISR_EXIT Isr_CanRx
[002550130] ECUB OS    TASK_START Task_BswMain prio=4
[002550148] ECUB COM   NOTIFY sig=0
[002550186] ECUB RTE   TRIGGER DRE_LightCtl_VehicleSpeed -> Task_LightCtl
[002550213] ECUB OS    EVENT_SET Task_LightCtl mask=0x2
[002550242] ECUB OS    TASK_END Task_BswMain
[002550263] ECUB RTE   CALL R_Odometer_UpdateSpeed
[002550284] ECUB OS    TASK_WAIT Task_LightCtl mask=0x7
[002560030] ECUB OS    ALARM Alarm_BswMain
[002560032] ECUB OS    ALARM Alarm_LightCtl20ms
[002560054] ECUB OS    EVENT_SET Task_LightCtl mask=0x1
[002560081] ECUB OS    TASK_START Task_BswMain prio=4
[002560118] ECUB OS    TASK_END Task_BswMain
[002560139] ECUB RTE   WRITE P_HeadlightCmd_HeadlightCmd=2
[002560161] ECUB RTE   TRIGGER DRE_Actuator_HeadlightCmd -> Task_LightAct
[002560190] ECUB OS    TASK_WAIT Task_LightCtl mask=0x7
[002560215] ECUB OS    TASK_START Task_LightAct prio=2
[002560235] ECUB RTE   CALL R_Odometer_GetDistance
[002560256] ECUB RTE   WRITE P_HeadlightStatus_HeadlightStatus=2
[002560282] ECUB RTE   WRITE P_OdometerDistance_Distance=75
[002560311] ECUB OS    TASK_END Task_LightAct
[002570030] ECUB OS    ALARM Alarm_BswMain
[002570045] ECUB OS    ISR_ENTER Isr_CanRx
[002570059] ECUB CAN   RX id=0x101 dlc=2 data=b8 05
[002570079] ECUB CANIF RX pdu=0
[002570079] ECUB PDUR  RX canif=0 com=0
[002570099] ECUB COM   RX ipdu=0 len=2
[002570130] ECUB OS    ISR_EXIT Isr_CanRx
[002570130] ECUB OS    TASK_START Task_BswMain prio=4
[002570173] ECUB COM   NOTIFY sig=0
[002570187] ECUB RTE   TRIGGER DRE_LightCtl_VehicleSpeed -> Task_LightCtl
[002570213] ECUB OS    EVENT_SET Task_LightCtl mask=0x2
[002570242] ECUB OS    TASK_END Task_BswMain
[002570264] ECUB RTE   CALL R_Odometer_UpdateSpeed
[002570285] ECUB OS    TASK_WAIT Task_LightCtl mask=0x7
[002580030] ECUB OS    ALARM Alarm_BswMain
[002580032] ECUB OS    ALARM Alarm_LightCtl20ms
[002580054] ECUB OS    EVENT_SET Task_LightCtl mask=0x1
[002580082] ECUB OS    TASK_START Task_BswMain prio=4
[002580119] ECUB OS    TASK_END Task_BswMain
[002580139] ECUB RTE   WRITE P_HeadlightCmd_HeadlightCmd=2
[002580161] ECUB RTE   TRIGGER DRE_Actuator_HeadlightCmd -> Task_LightAct
[002580190] ECUB OS    TASK_WAIT Task_LightCtl mask=0x7
[002580215] ECUB OS    TASK_START Task_LightAct prio=2
[002580236] ECUB RTE   CALL R_Odometer_GetDistance
[002580256] ECUB RTE   WRITE P_HeadlightStatus_HeadlightStatus=2
[002580282] ECUB RTE   WRITE P_OdometerDistance_Distance=75
[002580312] ECUB OS    TASK_END Task_LightAct
[002590031] ECUB OS    ALARM Alarm_BswMain
[002590045] ECUB OS    ISR_ENTER Isr_CanRx
[002590059] ECUB CAN   RX id=0x101 dlc=2 data=b8 05
[002590079] ECUB CANIF RX pdu=0
[002590099] ECUB PDUR  RX canif=0 com=0
[002590099] ECUB COM   RX ipdu=0 len=2
[002590131] ECUB OS    ISR_EXIT Isr_CanRx
[002590131] ECUB OS    TASK_START Task_BswMain prio=4
[002590173] ECUB COM   NOTIFY sig=0
[002590187] ECUB RTE   TRIGGER DRE_LightCtl_VehicleSpeed -> Task_LightCtl
[002590214] ECUB OS    EVENT_SET Task_LightCtl mask=0x2
[002590242] ECUB OS    TASK_END Task_BswMain
[002590264] ECUB RTE   CALL R_Odometer_UpdateSpeed
[002590285] ECUB OS    TASK_WAIT Task_LightCtl mask=0x7
[002599931] ECUB OS    ISR_ENTER Isr_CanRx
[002599948] ECUB CAN   RX id=0x301 dlc=1 data=14
[002599969] ECUB CANIF RX pdu=1
[002599969] ECUB PDUR  RX canif=1 com=1
[002599992] ECUB COM   RX ipdu=1 len=1
[002600013] ECUB OS    ISR_EXIT Isr_CanRx
[002600031] ECUB OS    ALARM Alarm_BswMain
[002600033] ECUB OS    ALARM Alarm_LightCtl20ms
[002600054] ECUB OS    EVENT_SET Task_LightCtl mask=0x1
[002600076] ECUB OS    TASK_START Task_BswMain prio=4
[002600103] ECUB OS    TASK_END Task_BswMain
[002600138] ECUB RTE   WRITE P_HeadlightCmd_HeadlightCmd=2
[002600160] ECUB RTE   TRIGGER DRE_Actuator_HeadlightCmd -> Task_LightAct
[002600189] ECUB OS    TASK_WAIT Task_LightCtl mask=0x7
[002600214] ECUB OS    TASK_START Task_LightAct prio=2
[002600234] ECUB RTE   CALL R_Odometer_GetDistance
[002600255] ECUB RTE   WRITE P_HeadlightStatus_HeadlightStatus=2
[002600281] ECUB RTE   WRITE P_OdometerDistance_Distance=76
[002600311] ECUB OS    TASK_END Task_LightAct
[002602831] ECUB OS    ISR_ENTER Isr_CanRx
[002602831] ECUB CAN   RX id=0x3f0 dlc=1 data=00
[002602869] ECUB CANIF RX pdu=2
[002602881] ECUB PDUR  RX canif=2 com=2
[002602898] ECUB COM   RX ipdu=2 len=1
[002602914] ECUB OS    ISR_EXIT Isr_CanRx
[002610031] ECUB OS    ALARM Alarm_BswMain
[002610045] ECUB OS    ISR_ENTER Isr_CanRx
[002610059] ECUB CAN   RX id=0x101 dlc=2 data=b8 05
[002610079] ECUB CANIF RX pdu=0
[002610099] ECUB PDUR  RX canif=0 com=0
[002610099] ECUB COM   RX ipdu=0 len=2
[002610131] ECUB OS    ISR_EXIT Isr_CanRx
[002610131] ECUB OS    TASK_START Task_BswMain prio=4
[002610149] ECUB COM   NOTIFY sig=0
[002610187] ECUB RTE   TRIGGER DRE_LightCtl_VehicleSpeed -> Task_LightCtl
[002610214] ECUB OS    EVENT_SET Task_LightCtl mask=0x2
[002610240] ECUB COM   TX ipdu=3 len=6
[002610255] ECUB PDUR  TX com=3 canif=0
[002610274] ECUB CAN   TX id=0x201 dlc=6 data=02 00 4c 00 00 00
[002610299] ECUB CANIF TX pdu=0
[002610316] ECUB OS    TASK_END Task_BswMain
[002610337] ECUB RTE   CALL R_Odometer_UpdateSpeed
[002610359] ECUB OS    TASK_WAIT Task_LightCtl mask=0x7
[002620031] ECUB OS    ALARM Alarm_BswMain
[002620033] ECUB OS    ALARM Alarm_LightCtl20ms
[002620055] ECUB OS    EVENT_SET Task_LightCtl mask=0x1
[002620082] ECUB OS    TASK_START Task_BswMain prio=4
[002620120] ECUB OS    TASK_END Task_BswMain
[002620140] ECUB RTE   WRITE P_HeadlightCmd_HeadlightCmd=2
[002620163] ECUB RTE   TRIGGER DRE_Actuator_HeadlightCmd -> Task_LightAct
[002620191] ECUB OS    TASK_WAIT Task_LightCtl mask=0x7
[002620216] ECUB OS    TASK_START Task_LightAct prio=2
[002620237] ECUB RTE   CALL R_Odometer_GetDistance
[002620257] ECUB RTE   WRITE P_HeadlightStatus_HeadlightStatus=2
[002620284] ECUB RTE   WRITE P_OdometerDistance_Distance=77
[002620313] ECUB OS    TASK_END Task_LightAct
[002630031] ECUB OS    ALARM Alarm_BswMain
[002630046] ECUB OS    ISR_ENTER Isr_CanRx
[002630059] ECUB CAN   RX id=0x101 dlc=2 data=b8 05
[002630080] ECUB CANIF RX pdu=0
[002630100] ECUB PDUR  RX canif=0 com=0
[002630100] ECUB COM   RX ipdu=0 len=2
[002630131] ECUB OS    ISR_EXIT Isr_CanRx
[002630131] ECUB OS    TASK_START Task_BswMain prio=4
[002630149] ECUB COM   NOTIFY sig=0
[002630187] ECUB RTE   TRIGGER DRE_LightCtl_VehicleSpeed -> Task_LightCtl
[002630214] ECUB OS    EVENT_SET Task_LightCtl mask=0x2
[002630243] ECUB OS    TASK_END Task_BswMain
[002630264] ECUB RTE   CALL R_Odometer_UpdateSpeed
[002630285] ECUB OS    TASK_WAIT Task_LightCtl mask=0x7
[002640031] ECUB OS    ALARM Alarm_BswMain
[002640033] ECUB OS    ALARM Alarm_LightCtl20ms
[002640055] ECUB OS    EVENT_SET Task_LightCtl mask=0x1
[002640082] ECUB OS    TASK_START Task_BswMain prio=4
[002640119] ECUB OS    TASK_END Task_BswMain
[002640140] ECUB RTE   WRITE P_HeadlightCmd_HeadlightCmd=2
[002640162] ECUB RTE   TRIGGER DRE_Actuator_HeadlightCmd -> Task_LightAct
[002640191] ECUB OS    TASK_WAIT Task_LightCtl mask=0x7
[002640216] ECUB OS    TASK_START Task_LightAct prio=2
[002640236] ECUB RTE   CALL R_Odometer_GetDistance
[002640257] ECUB RTE   WRITE P_HeadlightStatus_HeadlightStatus=2
[002640283] ECUB RTE   WRITE P_OdometerDistance_Distance=78
[002640312] ECUB OS    TASK_END Task_LightAct
[002650031] ECUB OS    ALARM Alarm_BswMain
[002650046] ECUB OS    ISR_ENTER Isr_CanRx
[002650060] ECUB CAN   RX id=0x101 dlc=2 data=b8 05
[002650080] ECUB CANIF RX pdu=0
[002650100] ECUB PDUR  RX canif=0 com=0
[002650100] ECUB COM   RX ipdu=0 len=2
[002650131] ECUB OS    ISR_EXIT Isr_CanRx
[002650131] ECUB OS    TASK_START Task_BswMain prio=4
[002650174] ECUB COM   NOTIFY sig=0
[002650187] ECUB RTE   TRIGGER DRE_LightCtl_VehicleSpeed -> Task_LightCtl
[002650214] ECUB OS    EVENT_SET Task_LightCtl mask=0x2
[002650243] ECUB OS    TASK_END Task_BswMain
[002650264] ECUB RTE   CALL R_Odometer_UpdateSpeed
[002650286] ECUB OS    TASK_WAIT Task_LightCtl mask=0x7
[002660031] ECUB OS    ALARM Alarm_BswMain
[002660033] ECUB OS    ALARM Alarm_LightCtl20ms
[002660055] ECUB OS    EVENT_SET Task_LightCtl mask=0x1
[002660083] ECUB OS    TASK_START Task_BswMain prio=4
[002660119] ECUB OS    TASK_END Task_BswMain
[002660140] ECUB RTE   WRITE P_HeadlightCmd_HeadlightCmd=2
[002660162] ECUB RTE   TRIGGER DRE_Actuator_HeadlightCmd -> Task_LightAct
[002660191] ECUB OS    TASK_WAIT Task_LightCtl mask=0x7
[002660216] ECUB OS    TASK_START Task_LightAct prio=2
[002660236] ECUB RTE   CALL R_Odometer_GetDistance
[002660257] ECUB RTE   WRITE P_HeadlightStatus_HeadlightStatus=2
[002660283] ECUB RTE   WRITE P_OdometerDistance_Distance=79
[002660313] ECUB OS    TASK_END Task_LightAct
[002670032] ECUB OS    ALARM Alarm_BswMain
[002670046] ECUB OS    ISR_ENTER Isr_CanRx
[002670060] ECUB CAN   RX id=0x101 dlc=2 data=b8 05
[002670080] ECUB CANIF RX pdu=0
[002670100] ECUB PDUR  RX canif=0 com=0
[002670100] ECUB COM   RX ipdu=0 len=2
[002670132] ECUB OS    ISR_EXIT Isr_CanRx
[002670132] ECUB OS    TASK_START Task_BswMain prio=4
[002670149] ECUB COM   NOTIFY sig=0
[002670188] ECUB RTE   TRIGGER DRE_LightCtl_VehicleSpeed -> Task_LightCtl
[002670215] ECUB OS    EVENT_SET Task_LightCtl mask=0x2
[002670243] ECUB OS    TASK_END Task_BswMain
[002670265] ECUB RTE   CALL R_Odometer_UpdateSpeed
[002670286] ECUB OS    TASK_WAIT Task_LightCtl mask=0x7
[002680032] ECUB OS    ALARM Alarm_BswMain
[002680034] ECUB OS    ALARM Alarm_LightCtl20ms
[002680055] ECUB OS    EVENT_SET Task_LightCtl mask=0x1
[002680083] ECUB OS    TASK_START Task_BswMain prio=4
[002680120] ECUB OS    TASK_END Task_BswMain
[002680140] ECUB RTE   WRITE P_HeadlightCmd_HeadlightCmd=2
[002680163] ECUB RTE   TRIGGER DRE_Actuator_HeadlightCmd -> Task_LightAct
[002680191] ECUB OS    TASK_WAIT Task_LightCtl mask=0x7
[002680216] ECUB OS    TASK_START Task_LightAct prio=2
[002680237] ECUB RTE   CALL R_Odometer_GetDistance
[002680257] ECUB RTE   WRITE P_HeadlightStatus_HeadlightStatus=2
[002680284] ECUB RTE   WRITE P_OdometerDistance_Distance=80
[002680313] ECUB OS    TASK_END Task_LightAct
[002690032] ECUB OS    ALARM Alarm_BswMain
[002690046] ECUB OS    ISR_ENTER Isr_CanRx
[002690060] ECUB CAN   RX id=0x101 dlc=2 data=b8 05
[002690080] ECUB CANIF RX pdu=0
[002690080] ECUB PDUR  RX canif=0 com=0
[002690100] ECUB COM   RX ipdu=0 len=2
[002690132] ECUB OS    ISR_EXIT Isr_CanRx
[002690132] ECUB OS    TASK_START Task_BswMain prio=4
[002690150] ECUB COM   NOTIFY sig=0
[002690188] ECUB RTE   TRIGGER DRE_LightCtl_VehicleSpeed -> Task_LightCtl
[002690215] ECUB OS    EVENT_SET Task_LightCtl mask=0x2
[002690243] ECUB OS    TASK_END Task_BswMain
[002690265] ECUB RTE   CALL R_Odometer_UpdateSpeed
[002690286] ECUB OS    TASK_WAIT Task_LightCtl mask=0x7
[002699832] ECUB OS    ISR_ENTER Isr_CanRx
[002699832] ECUB CAN   RX id=0x301 dlc=1 data=14
[002699870] ECUB CANIF RX pdu=1
[002699882] ECUB PDUR  RX canif=1 com=1
[002699899] ECUB COM   RX ipdu=1 len=1
[002699915] ECUB OS    ISR_EXIT Isr_CanRx
[002700032] ECUB OS    ALARM Alarm_BswMain
[002700050] ECUB OS    ALARM Alarm_LightCtl20ms
[002700066] ECUB OS    EVENT_SET Task_LightCtl mask=0x1
[002700091] ECUB OS    TASK_START Task_BswMain prio=4
[002700120] ECUB OS    TASK_END Task_BswMain
[002700141] ECUB RTE   WRITE P_HeadlightCmd_HeadlightCmd=2
[002700163] ECUB RTE   TRIGGER DRE_Actuator_HeadlightCmd -> Task_LightAct
[002700192] ECUB OS    TASK_WAIT Task_LightCtl mask=0x7
[002700216] ECUB OS    TASK_START Task_LightAct prio=2
[002700237] ECUB RTE   CALL R_Odometer_GetDistance
[002700257] ECUB RTE   WRITE P_HeadlightStatus_HeadlightStatus=2
[002700284] ECUB RTE   WRITE P_OdometerDistance_Distance=80
[002700313] ECUB OS    TASK_END Task_LightAct
[002702933] ECUB OS    ISR_ENTER Isr_CanRx
[002702950] ECUB CAN   RX id=0x3f0 dlc=1 data=00
[002702970] ECUB CANIF RX pdu=2
[002702982] ECUB PDUR  RX canif=2 com=2
[002702999] ECUB COM   RX ipdu=2 len=1
[002703016] ECUB OS    ISR_EXIT Isr_CanRx
[002710032] ECUB OS    ALARM Alarm_BswMain
[002710047] ECUB OS    ISR_ENTER Isr_CanRx
[002710060] ECUB CAN   RX id=0x101 dlc=2 data=b8 05
[002710081] ECUB CANIF RX pdu=0
[002710081] ECUB PDUR  RX canif=0 com=0
[002710101] ECUB COM   RX ipdu=0 len=2
[002710132] ECUB OS    ISR_EXIT Isr_CanRx
[002710132] ECUB OS    TASK_START Task_BswMain prio=4
[002710150] ECUB COM   NOTIFY sig=0
[002710188] ECUB RTE   TRIGGER DRE_LightCtl_VehicleSpeed -> Task_LightCtl
[002710215] ECUB OS    EVENT_SET Task_LightCtl mask=0x2
[002710241] ECUB COM   TX ipdu=3 len=6
[002710256] ECUB PDUR  TX com=3 canif=0
[002710275] ECUB CAN   TX id=0x201 dlc=6 data=02 00 50 00 00 00
[002710301] ECUB CANIF TX pdu=0
[002710317] ECUB OS    TASK_END Task_BswMain
[002710339] ECUB RTE   CALL R_Odometer_UpdateSpeed
[002710360] ECUB OS    TASK_WAIT Task_LightCtl mask=0x7
[002720034] ECUB OS    ALARM Alarm_BswMain
[002720034] ECUB OS    ALARM Alarm_LightCtl20ms
[002720056] ECUB OS    EVENT_SET Task_LightCtl mask=0x1
[002720083] ECUB OS    TASK_START Task_BswMain prio=4
[002720121] ECUB OS    TASK_END Task_BswMain
[002720142] ECUB RTE   WRITE P_HeadlightCmd_HeadlightCmd=2
[002720164] ECUB RTE   TRIGGER DRE_Actuator_HeadlightCmd -> Task_LightAct
[002720193] ECUB OS    TASK_WAIT Task_LightCtl mask=0x7
[002720217] ECUB OS    TASK_START Task_LightAct prio=2
[002720238] ECUB RTE   CALL R_Odometer_GetDistance
[002720258] ECUB RTE   WRITE P_HeadlightStatus_HeadlightStatus=2
[002720285] ECUB RTE   WRITE P_OdometerDistance_Distance=81
[002720314] ECUB OS    TASK_END Task_LightAct
[002730032] ECUB OS    ALARM Alarm_BswMain
[002730047] ECUB OS    ISR_ENTER Isr_CanRx
[002730061] ECUB CAN   RX id=0x101 dlc=2 data=b8 05
[002730081] ECUB CANIF RX pdu=0
[002730101] ECUB PDUR  RX canif=0 com=0
[002730101] ECUB COM   RX ipdu=0 len=2
[002730132] ECUB OS    ISR_EXIT Isr_CanRx
[002730132] ECUB OS    TASK_START Task_BswMain prio=4
[002730175] ECUB COM   NOTIFY sig=0
[002730188] ECUB RTE   TRIGGER DRE_LightCtl_VehicleSpeed -> Task_LightCtl
[002730215] ECUB OS    EVENT_SET Task_LightCtl mask=0x2
[002730244] ECUB OS    TASK_END Task_BswMain
[002730265] ECUB RTE   CALL R_Odometer_UpdateSpeed
[002730287] ECUB OS    TASK_WAIT Task_LightCtl mask=0x7
[002740032] ECUB OS    ALARM Alarm_BswMain
[002740034] ECUB OS    ALARM Alarm_LightCtl20ms
[002740056] ECUB OS    EVENT_SET Task_LightCtl mask=0x1
[002740084] ECUB OS    TASK_START Task_BswMain prio=4
[002740120] ECUB OS    TASK_END Task_BswMain
[002740141] ECUB RTE   WRITE P_HeadlightCmd_HeadlightCmd=2
[002740163] ECUB RTE   TRIGGER DRE_Actuator_HeadlightCmd -> Task_LightAct
[002740192] ECUB OS    TASK_WAIT Task_LightCtl mask=0x7
[002740217] ECUB OS    TASK_START Task_LightAct prio=2
[002740237] ECUB RTE   CALL R_Odometer_GetDistance
[002740258] ECUB RTE   WRITE P_HeadlightStatus_HeadlightStatus=2
[002740284] ECUB RTE   WRITE P_OdometerDistance_Distance=82
[002740314] ECUB OS    TASK_END Task_LightAct
[002750033] ECUB OS    ALARM Alarm_BswMain
[002750047] ECUB OS    ISR_ENTER Isr_CanRx
[002750061] ECUB CAN   RX id=0x101 dlc=2 data=b8 05
[002750081] ECUB CANIF RX pdu=0
[002750101] ECUB PDUR  RX canif=0 com=0
[002750101] ECUB COM   RX ipdu=0 len=2
[002750133] ECUB OS    ISR_EXIT Isr_CanRx
[002750133] ECUB OS    TASK_START Task_BswMain prio=4
[002750150] ECUB COM   NOTIFY sig=0
[002750189] ECUB RTE   TRIGGER DRE_LightCtl_VehicleSpeed -> Task_LightCtl
[002750216] ECUB OS    EVENT_SET Task_LightCtl mask=0x2
[002750244] ECUB OS    TASK_END Task_BswMain
[002750266] ECUB RTE   CALL R_Odometer_UpdateSpeed
[002750287] ECUB OS    TASK_WAIT Task_LightCtl mask=0x7
[002760033] ECUB OS    ALARM Alarm_BswMain
[002760035] ECUB OS    ALARM Alarm_LightCtl20ms
[002760056] ECUB OS    EVENT_SET Task_LightCtl mask=0x1
[002760084] ECUB OS    TASK_START Task_BswMain prio=4
[002760121] ECUB OS    TASK_END Task_BswMain
[002760141] ECUB RTE   WRITE P_HeadlightCmd_HeadlightCmd=2
[002760164] ECUB RTE   TRIGGER DRE_Actuator_HeadlightCmd -> Task_LightAct
[002760192] ECUB OS    TASK_WAIT Task_LightCtl mask=0x7
[002760217] ECUB OS    TASK_START Task_LightAct prio=2
[002760238] ECUB RTE   CALL R_Odometer_GetDistance
[002760258] ECUB RTE   WRITE P_HeadlightStatus_HeadlightStatus=2
[002760285] ECUB RTE   WRITE P_OdometerDistance_Distance=83
[002760314] ECUB OS    TASK_END Task_LightAct
[002770033] ECUB OS    ALARM Alarm_BswMain
[002770033] ECUB OS    ISR_ENTER Isr_CanRx
[002770061] ECUB CAN   RX id=0x101 dlc=2 data=b8 05
[002770081] ECUB CANIF RX pdu=0
[002770081] ECUB PDUR  RX canif=0 com=0
[002770101] ECUB COM   RX ipdu=0 len=2
[002770133] ECUB OS    ISR_EXIT Isr_CanRx
[002770133] ECUB OS    TASK_START Task_BswMain prio=4
[002770150] ECUB COM   NOTIFY sig=0
[002770189] ECUB RTE   TRIGGER DRE_LightCtl_VehicleSpeed -> Task_LightCtl
[002770216] ECUB OS    EVENT_SET Task_LightCtl mask=0x2
[002770244] ECUB OS    TASK_END Task_BswMain
[002770266] ECUB RTE   CALL R_Odometer_UpdateSpeed
[002770287] ECUB OS    TASK_WAIT Task_LightCtl mask=0x7
[002780033] ECUB OS    ALARM Alarm_BswMain
[002780035] ECUB OS    ALARM Alarm_LightCtl20ms
[002780057] ECUB OS    EVENT_SET Task_LightCtl mask=0x1
[002780084] ECUB OS    TASK_START Task_BswMain prio=4
[002780121] ECUB OS    TASK_END Task_BswMain
[002780142] ECUB RTE   WRITE P_HeadlightCmd_HeadlightCmd=2
[002780164] ECUB RTE   TRIGGER DRE_Actuator_HeadlightCmd -> Task_LightAct
[002780193] ECUB OS    TASK_WAIT Task_LightCtl mask=0x7
[002780217] ECUB OS    TASK_START Task_LightAct prio=2
[002780238] ECUB RTE   CALL R_Odometer_GetDistance
[002780258] ECUB RTE   WRITE P_HeadlightStatus_HeadlightStatus=2
[002780285] ECUB RTE   WRITE P_OdometerDistance_Distance=84
[002780314] ECUB OS    TASK_END Task_LightAct
[002790033] ECUB OS    ALARM Alarm_BswMain
[002790047] ECUB OS    ISR_ENTER Isr_CanRx
[002790061] ECUB CAN   RX id=0x101 dlc=2 data=b8 05
[002790082] ECUB CANIF RX pdu=0
[002790082] ECUB PDUR  RX canif=0 com=0
[002790102] ECUB COM   RX ipdu=0 len=2
[002790133] ECUB OS    ISR_EXIT Isr_CanRx
[002790133] ECUB OS    TASK_START Task_BswMain prio=4
[002790151] ECUB COM   NOTIFY sig=0
[002790189] ECUB RTE   TRIGGER DRE_LightCtl_VehicleSpeed -> Task_LightCtl
[002790216] ECUB OS    EVENT_SET Task_LightCtl mask=0x2
[002790245] ECUB OS    TASK_END Task_BswMain
[002790266] ECUB RTE   CALL R_Odometer_UpdateSpeed
[002790287] ECUB OS    TASK_WAIT Task_LightCtl mask=0x7
[002799833] ECUB OS    ISR_ENTER Isr_CanRx
[002799833] ECUB CAN   RX id=0x301 dlc=1 data=14
[002799871] ECUB CANIF RX pdu=1
[002799883] ECUB PDUR  RX canif=1 com=1
[002799900] ECUB COM   RX ipdu=1 len=1
[002799917] ECUB OS    ISR_EXIT Isr_CanRx
[002800035] ECUB OS    ALARM Alarm_BswMain
[002800035] ECUB OS    ALARM Alarm_LightCtl20ms
[002800057] ECUB OS    EVENT_SET Task_LightCtl mask=0x1
[002800078] ECUB OS    TASK_START Task_BswMain prio=4
[002800106] ECUB OS    TASK_END Task_BswMain
[002800142] ECUB RTE   WRITE P_HeadlightCmd_HeadlightCmd=2
[002800164] ECUB RTE   TRIGGER DRE_Actuator_HeadlightCmd -> Task_LightAct
[002800193] ECUB OS    TASK_WAIT Task_LightCtl mask=0x7
[002800217] ECUB OS    TASK_START Task_LightAct prio=2
[002800238] ECUB RTE   CALL R_Odometer_GetDistance
[002800259] ECUB RTE   WRITE P_HeadlightStatus_HeadlightStatus=2
[002800285] ECUB RTE   WRITE P_OdometerDistance_Distance=84
[002800314] ECUB OS    TASK_END Task_LightAct
[002802833] ECUB OS    ISR_ENTER Isr_CanRx
[002802833] ECUB CAN   RX id=0x3f0 dlc=1 data=00
[002802871] ECUB CANIF RX pdu=2
[002802884] ECUB PDUR  RX canif=2 com=2
[002802900] ECUB COM   RX ipdu=2 len=1
[002802917] ECUB OS    ISR_EXIT Isr_CanRx
[002810033] ECUB OS    ALARM Alarm_BswMain
[002810048] ECUB OS    ISR_ENTER Isr_CanRx
[002810068] ECUB CAN   RX id=0x101 dlc=2 data=b8 05
[002810068] ECUB CANIF RX pdu=0
[002810090] ECUB PDUR  RX canif=0 com=0
[002810117] ECUB COM   RX ipdu=0 len=2
[002810135] ECUB OS    ISR_EXIT Isr_CanRx
[002810154] ECUB OS    TASK_START Task_BswMain prio=4
[002810176] ECUB COM   NOTIFY sig=0
[002810189] ECUB RTE   TRIGGER DRE_LightCtl_VehicleSpeed -> Task_LightCtl
[002810216] ECUB OS    EVENT_SET Task_LightCtl mask=0x2
[002810242] ECUB COM   TX ipdu=3 len=6
[002810257] ECUB PDUR  TX com=3 canif=0
[002810276] ECUB CAN   TX id=0x201 dlc=6 data=02 00 54 00 00 00
[002810302] ECUB CANIF TX pdu=0
[002810318] ECUB OS    TASK_END Task_BswMain
[002810340] ECUB RTE   CALL R_Odometer_UpdateSpeed
[002810361] ECUB OS    TASK_WAIT Task_LightCtl mask=0x7
[002820033] ECUB OS    ALARM Alarm_BswMain
[002820035] ECUB OS    ALARM Alarm_LightCtl20ms
[002820057] ECUB OS    EVENT_SET Task_LightCtl mask=0x1
[002820085] ECUB OS    TASK_START Task_BswMain prio=4
[002820122] ECUB OS    TASK_END Task_BswMain
[002820143] ECUB RTE   WRITE P_HeadlightCmd_HeadlightCmd=2
[002820165] ECUB RTE   TRIGGER DRE_Actuator_HeadlightCmd -> Task_LightAct
[002820194] ECUB OS    TASK_WAIT Task_LightCtl mask=0x7
[002820218] ECUB OS    TASK_START Task_LightAct prio=2
[002820239] ECUB RTE   CALL R_Odometer_GetDistance
[002820260] ECUB RTE   WRITE P_HeadlightStatus_HeadlightStatus=2
[002820286] ECUB RTE   WRITE P_OdometerDistance_Distance=85
[002820315] ECUB OS    TASK_END Task_LightAct
[002830033] ECUB OS    ALARM Alarm_BswMain
[002830048] ECUB OS    ISR_ENTER Isr_CanRx
[002830062] ECUB CAN   RX id=0x101 dlc=2 data=b8 05
[002830082] ECUB CANIF RX pdu=0
[002830082] ECUB PDUR  RX canif=0 com=0
[002830102] ECUB COM   RX ipdu=0 len=2
[002830133] ECUB OS    ISR_EXIT Isr_CanRx
[002830133] ECUB OS    TASK_START Task_BswMain prio=4
[002830151] ECUB COM   NOTIFY sig=0
[002830190] ECUB RTE   TRIGGER DRE_LightCtl_VehicleSpeed -> Task_LightCtl
[002830217] ECUB OS    EVENT_SET Task_LightCtl mask=0x2
[002830245] ECUB OS    TASK_END Task_BswMain
[002830267] ECUB RTE   CALL R_Odometer_UpdateSpeed
[002830288] ECUB OS    TASK_WAIT Task_LightCtl mask=0x7
[002840034] ECUB OS    ALARM Alarm_BswMain
[002840036] ECUB OS    ALARM Alarm_LightCtl20ms
[002840057] ECUB OS    EVENT_SET Task_LightCtl mask=0x1
[002840085] ECUB OS    TASK_START Task_BswMain prio=4
[002840122] ECUB OS    TASK_END Task_BswMain
[002840142] ECUB RTE   WRITE P_HeadlightCmd_HeadlightCmd=2
[002840165] ECUB RTE   TRIGGER DRE_Actuator_HeadlightCmd -> Task_LightAct
[002840193] ECUB OS    TASK_WAIT Task_LightCtl mask=0x7
[002840218] ECUB OS    TASK_START Task_LightAct prio=2
[002840239] ECUB RTE   CALL R_Odometer_GetDistance
[002840259] ECUB RTE   WRITE P_HeadlightStatus_HeadlightStatus=2
[002840286] ECUB RTE   WRITE P_OdometerDistance_Distance=86
[002840315] ECUB OS    TASK_END Task_LightAct
[002850034] ECUB OS    ALARM Alarm_BswMain
[002850048] ECUB OS    ISR_ENTER Isr_CanRx
[002850062] ECUB CAN   RX id=0x101 dlc=2 data=b8 05
[002850082] ECUB CANIF RX pdu=0
[002850102] ECUB PDUR  RX canif=0 com=0
[002850102] ECUB COM   RX ipdu=0 len=2
[002850134] ECUB OS    ISR_EXIT Isr_CanRx
[002850134] ECUB OS    TASK_START Task_BswMain prio=4
[002850151] ECUB COM   NOTIFY sig=0
[002850190] ECUB RTE   TRIGGER DRE_LightCtl_VehicleSpeed -> Task_LightCtl
[002850217] ECUB OS    EVENT_SET Task_LightCtl mask=0x2
[002850245] ECUB OS    TASK_END Task_BswMain
[002850267] ECUB RTE   CALL R_Odometer_UpdateSpeed
[002850288] ECUB OS    TASK_WAIT Task_LightCtl mask=0x7
[002860034] ECUB OS    ALARM Alarm_BswMain
[002860036] ECUB OS    ALARM Alarm_LightCtl20ms
[002860058] ECUB OS    EVENT_SET Task_LightCtl mask=0x1
[002860093] ECUB OS    TASK_START Task_BswMain prio=4
[002860122] ECUB OS    TASK_END Task_BswMain
[002860143] ECUB RTE   WRITE P_HeadlightCmd_HeadlightCmd=2
[002860165] ECUB RTE   TRIGGER DRE_Actuator_HeadlightCmd -> Task_LightAct
[002860193] ECUB OS    TASK_WAIT Task_LightCtl mask=0x7
[002860218] ECUB OS    TASK_START Task_LightAct prio=2
[002860239] ECUB RTE   CALL R_Odometer_GetDistance
[002860259] ECUB RTE   WRITE P_HeadlightStatus_HeadlightStatus=2
[002860286] ECUB RTE   WRITE P_OdometerDistance_Distance=87
[002860315] ECUB OS    TASK_END Task_LightAct
[002870034] ECUB OS    ALARM Alarm_BswMain
[002870034] ECUB OS    ISR_ENTER Isr_CanRx
[002870062] ECUB CAN   RX id=0x101 dlc=2 data=b8 05
[002870083] ECUB CANIF RX pdu=0
[002870083] ECUB PDUR  RX canif=0 com=0
[002870103] ECUB COM   RX ipdu=0 len=2
[002870134] ECUB OS    ISR_EXIT Isr_CanRx
[002870134] ECUB OS    TASK_START Task_BswMain prio=4
[002870152] ECUB COM   NOTIFY sig=0
[002870190] ECUB RTE   TRIGGER DRE_LightCtl_VehicleSpeed -> Task_LightCtl
[002870217] ECUB OS    EVENT_SET Task_LightCtl mask=0x2
[002870246] ECUB OS    TASK_END Task_BswMain
[002870267] ECUB RTE   CALL R_Odometer_UpdateSpeed
[002870288] ECUB OS    TASK_WAIT Task_LightCtl mask=0x7
[002880034] ECUB OS    ALARM Alarm_BswMain
[002880036] ECUB OS    ALARM Alarm_LightCtl20ms
[002880058] ECUB OS    EVENT_SET Task_LightCtl mask=0x1
[002880085] ECUB OS    TASK_START Task_BswMain prio=4
[002880122] ECUB OS    TASK_END Task_BswMain
[002880143] ECUB RTE   WRITE P_HeadlightCmd_HeadlightCmd=2
[002880165] ECUB RTE   TRIGGER DRE_Actuator_HeadlightCmd -> Task_LightAct
[002880194] ECUB OS    TASK_WAIT Task_LightCtl mask=0x7
[002880218] ECUB OS    TASK_START Task_LightAct prio=2
[002880239] ECUB RTE   CALL R_Odometer_GetDistance
[002880260] ECUB RTE   WRITE P_HeadlightStatus_HeadlightStatus=2
[002880286] ECUB RTE   WRITE P_OdometerDistance_Distance=88
[002880315] ECUB OS    TASK_END Task_LightAct
[002890034] ECUB OS    ALARM Alarm_BswMain
[002890034] ECUB OS    ISR_ENTER Isr_CanRx
[002890063] ECUB CAN   RX id=0x101 dlc=2 data=b8 05
[002890083] ECUB CANIF RX pdu=0
[002890083] ECUB PDUR  RX canif=0 com=0
[002890103] ECUB COM   RX ipdu=0 len=2
[002890134] ECUB OS    ISR_EXIT Isr_CanRx
[002890134] ECUB OS    TASK_START Task_BswMain prio=4
[002890152] ECUB COM   NOTIFY sig=0
[002890190] ECUB RTE   TRIGGER DRE_LightCtl_VehicleSpeed -> Task_LightCtl
[002890217] ECUB OS    EVENT_SET Task_LightCtl mask=0x2
[002890246] ECUB OS    TASK_END Task_BswMain
[002890267] ECUB RTE   CALL R_Odometer_UpdateSpeed
[002890289] ECUB OS    TASK_WAIT Task_LightCtl mask=0x7
[002899834] ECUB OS    ISR_ENTER Isr_CanRx
[002899834] ECUB CAN   RX id=0x301 dlc=1 data=14
[002899872] ECUB CANIF RX pdu=1
[002899885] ECUB PDUR  RX canif=1 com=1
[002899901] ECUB COM   RX ipdu=1 len=1
[002899918] ECUB OS    ISR_EXIT Isr_CanRx
[002900034] ECUB OS    ALARM Alarm_BswMain
[002900036] ECUB OS    ALARM Alarm_LightCtl20ms
[002900058] ECUB OS    EVENT_SET Task_LightCtl mask=0x1
[002900079] ECUB OS    TASK_START Task_BswMain prio=4
[002900107] ECUB OS    TASK_END Task_BswMain
[002900143] ECUB RTE   WRITE P_HeadlightCmd_HeadlightCmd=2
[002900165] ECUB RTE   TRIGGER DRE_Actuator_HeadlightCmd -> Task_LightAct
[002900194] ECUB OS    TASK_WAIT Task_LightCtl mask=0x7
[002900219] ECUB OS    TASK_START Task_LightAct prio=2
[002900239] ECUB RTE   CALL R_Odometer_GetDistance
[002900260] ECUB RTE   WRITE P_HeadlightStatus_HeadlightStatus=2
[002900286] ECUB RTE   WRITE P_OdometerDistance_Distance=89
[002900316] ECUB OS    TASK_END Task_LightAct
[002902935] ECUB OS    ISR_ENTER Isr_CanRx
[002902952] ECUB CAN   RX id=0x3f0 dlc=1 data=00
[002902973] ECUB CANIF RX pdu=2
[002902985] ECUB PDUR  RX canif=2 com=2
[002903001] ECUB COM   RX ipdu=2 len=1
[002903018] ECUB OS    ISR_EXIT Isr_CanRx
[002910034] ECUB OS    ALARM Alarm_BswMain
[002910049] ECUB OS    ISR_ENTER Isr_CanRx
[002910063] ECUB CAN   RX id=0x101 dlc=2 data=b8 05
[002910083] ECUB CANIF RX pdu=0
[002910103] ECUB PDUR  RX canif=0 com=0
[002910103] ECUB COM   RX ipdu=0 len=2
[002910134] ECUB OS    ISR_EXIT Isr_CanRx
[002910134] ECUB OS    TASK_START Task_BswMain prio=4
[002910152] ECUB COM   NOTIFY sig=0
[002910191] ECUB RTE   TRIGGER DRE_LightCtl_VehicleSpeed -> Task_LightCtl
[002910218] ECUB OS    EVENT_SET Task_LightCtl mask=0x2
[002910243] ECUB COM   TX ipdu=3 len=6
[002910259] ECUB PDUR  TX com=3 canif=0
[002910277] ECUB CAN   TX id=0x201 dlc=6 data=02 00 59 00 00 00
[002910303] ECUB CANIF TX pdu=0
[002910319] ECUB OS    TASK_END Task_BswMain
[002910341] ECUB RTE   CALL R_Odometer_UpdateSpeed
[002910362] ECUB OS    TASK_WAIT Task_LightCtl mask=0x7
[002920035] ECUB OS    ALARM Alarm_BswMain
[002920037] ECUB OS    ALARM Alarm_LightCtl20ms
[002920058] ECUB OS    EVENT_SET Task_LightCtl mask=0x1
[002920086] ECUB OS    TASK_START Task_BswMain prio=4
[002920123] ECUB OS    TASK_END Task_BswMain
[002920144] ECUB RTE   WRITE P_HeadlightCmd_HeadlightCmd=2
[002920166] ECUB RTE   TRIGGER DRE_Actuator_HeadlightCmd -> Task_LightAct
[002920195] ECUB OS    TASK_WAIT Task_LightCtl mask=0x7
[002920220] ECUB OS    TASK_START Task_LightAct prio=2
[002920240] ECUB RTE   CALL R_Odometer_GetDistance
[002920261] ECUB RTE   WRITE P_HeadlightStatus_HeadlightStatus=2
[002920287] ECUB RTE   WRITE P_OdometerDistance_Distance=89
[002920316] ECUB OS    TASK_END Task_LightAct
[002930035] ECUB OS    ALARM Alarm_BswMain
[002930049] ECUB OS    ISR_ENTER Isr_CanRx
[002930063] ECUB CAN   RX id=0x101 dlc=2 data=b8 05
[002930083] ECUB CANIF RX pdu=0
[002930083] ECUB PDUR  RX canif=0 com=0
[002930103] ECUB COM   RX ipdu=0 len=2
[002930135] ECUB OS    ISR_EXIT Isr_CanRx
[002930135] ECUB OS    TASK_START Task_BswMain prio=4
[002930152] ECUB COM   NOTIFY sig=0
[002930191] ECUB RTE   TRIGGER DRE_LightCtl_VehicleSpeed -> Task_LightCtl
[002930218] ECUB OS    EVENT_SET Task_LightCtl mask=0x2
[002930246] ECUB OS    TASK_END Task_BswMain
[002930268] ECUB RTE   CALL R_Odometer_UpdateSpeed
[002930289] ECUB OS    TASK_WAIT Task_LightCtl mask=0x7
[002940035] ECUB OS    ALARM Alarm_BswMain
[002940037] ECUB OS    ALARM Alarm_LightCtl20ms
[002940059] ECUB OS    EVENT_SET Task_LightCtl mask=0x1
[002940086] ECUB OS    TASK_START Task_BswMain prio=4
[002940123] ECUB OS    TASK_END Task_BswMain
[002940144] ECUB RTE   WRITE P_HeadlightCmd_HeadlightCmd=2
[002940166] ECUB RTE   TRIGGER DRE_Actuator_HeadlightCmd -> Task_LightAct
[002940194] ECUB OS    TASK_WAIT Task_LightCtl mask=0x7
[002940219] ECUB OS    TASK_START Task_LightAct prio=2
[002940240] ECUB RTE   CALL R_Odometer_GetDistance
[002940260] ECUB RTE   WRITE P_HeadlightStatus_HeadlightStatus=2
[002940287] ECUB RTE   WRITE P_OdometerDistance_Distance=90
[002940316] ECUB OS    TASK_END Task_LightAct
[002950035] ECUB OS    ALARM Alarm_BswMain
[002950049] ECUB OS    ISR_ENTER Isr_CanRx
[002950063] ECUB CAN   RX id=0x101 dlc=2 data=b8 05
[002950084] ECUB CANIF RX pdu=0
[002950084] ECUB PDUR  RX canif=0 com=0
[002950103] ECUB COM   RX ipdu=0 len=2
[002950135] ECUB OS    ISR_EXIT Isr_CanRx
[002950135] ECUB OS    TASK_START Task_BswMain prio=4
[002950153] ECUB COM   NOTIFY sig=0
[002950191] ECUB RTE   TRIGGER DRE_LightCtl_VehicleSpeed -> Task_LightCtl
[002950218] ECUB OS    EVENT_SET Task_LightCtl mask=0x2
[002950246] ECUB OS    TASK_END Task_BswMain
[002950268] ECUB RTE   CALL R_Odometer_UpdateSpeed
[002950289] ECUB OS    TASK_WAIT Task_LightCtl mask=0x7
[002960035] ECUB OS    ALARM Alarm_BswMain
[002960037] ECUB OS    ALARM Alarm_LightCtl20ms
[002960059] ECUB OS    EVENT_SET Task_LightCtl mask=0x1
[002960086] ECUB OS    TASK_START Task_BswMain prio=4
[002960123] ECUB OS    TASK_END Task_BswMain
[002960144] ECUB RTE   WRITE P_HeadlightCmd_HeadlightCmd=2
[002960166] ECUB RTE   TRIGGER DRE_Actuator_HeadlightCmd -> Task_LightAct
[002960195] ECUB OS    TASK_WAIT Task_LightCtl mask=0x7
[002960219] ECUB OS    TASK_START Task_LightAct prio=2
[002960240] ECUB RTE   CALL R_Odometer_GetDistance
[002960261] ECUB RTE   WRITE P_HeadlightStatus_HeadlightStatus=2
[002960287] ECUB RTE   WRITE P_OdometerDistance_Distance=91
[002960316] ECUB OS    TASK_END Task_LightAct
[002970035] ECUB OS    ALARM Alarm_BswMain
[002970050] ECUB OS    ISR_ENTER Isr_CanRx
[002970063] ECUB CAN   RX id=0x101 dlc=2 data=b8 05
[002970084] ECUB CANIF RX pdu=0
[002970104] ECUB PDUR  RX canif=0 com=0
[002970104] ECUB COM   RX ipdu=0 len=2
[002970135] ECUB OS    ISR_EXIT Isr_CanRx
[002970135] ECUB OS    TASK_START Task_BswMain prio=4
[002970153] ECUB COM   NOTIFY sig=0
[002970191] ECUB RTE   TRIGGER DRE_LightCtl_VehicleSpeed -> Task_LightCtl
[002970218] ECUB OS    EVENT_SET Task_LightCtl mask=0x2
[002970247] ECUB OS    TASK_END Task_BswMain
[002970268] ECUB RTE   CALL R_Odometer_UpdateSpeed
[002970290] ECUB OS    TASK_WAIT Task_LightCtl mask=0x7
[002980035] ECUB OS    ALARM Alarm_BswMain
[002980037] ECUB OS    ALARM Alarm_LightCtl20ms
[002980059] ECUB OS    EVENT_SET Task_LightCtl mask=0x1
[002980086] ECUB OS    TASK_START Task_BswMain prio=4
[002980123] ECUB OS    TASK_END Task_BswMain
[002980144] ECUB RTE   WRITE P_HeadlightCmd_HeadlightCmd=2
[002980166] ECUB RTE   TRIGGER DRE_Actuator_HeadlightCmd -> Task_LightAct
[002980195] ECUB OS    TASK_WAIT Task_LightCtl mask=0x7
[002980220] ECUB OS    TASK_START Task_LightAct prio=2
[002980240] ECUB RTE   CALL R_Odometer_GetDistance
[002980261] ECUB RTE   WRITE P_HeadlightStatus_HeadlightStatus=2
[002980287] ECUB RTE   WRITE P_OdometerDistance_Distance=92
[002980316] ECUB OS    TASK_END Task_LightAct
[002990035] ECUB OS    ALARM Alarm_BswMain
[002990050] ECUB OS    ISR_ENTER Isr_CanRx
[002990064] ECUB CAN   RX id=0x101 dlc=2 data=b8 05
[002990084] ECUB CANIF RX pdu=0
[002990104] ECUB PDUR  RX canif=0 com=0
[002990104] ECUB COM   RX ipdu=0 len=2
[002990135] ECUB OS    ISR_EXIT Isr_CanRx
[002990135] ECUB OS    TASK_START Task_BswMain prio=4
[002990153] ECUB COM   NOTIFY sig=0
[002990192] ECUB RTE   TRIGGER DRE_LightCtl_VehicleSpeed -> Task_LightCtl
[002990219] ECUB OS    EVENT_SET Task_LightCtl mask=0x2
[002990247] ECUB OS    TASK_END Task_BswMain
[002990269] ECUB RTE   CALL R_Odometer_UpdateSpeed
[002990289] ECUB SWC   Odometer dist_m=93
[002990305] ECUB OS    TASK_WAIT Task_LightCtl mask=0x7
[002999935] ECUB OS    ISR_ENTER Isr_CanRx
[002999953] ECUB CAN   RX id=0x301 dlc=1 data=14
[002999973] ECUB CANIF RX pdu=1
[002999973] ECUB PDUR  RX canif=1 com=1
[002999997] ECUB COM   RX ipdu=1 len=1
[003000018] ECUB OS    ISR_EXIT Isr_CanRx
[003000036] ECUB OS    ALARM Alarm_BswMain
[003000038] ECUB OS    ALARM Alarm_LightCtl20ms
[003000059] ECUB OS    EVENT_SET Task_LightCtl mask=0x1
[003000081] ECUB OS    TASK_START Task_BswMain prio=4
[003000108] ECUB OS    TASK_END Task_BswMain
[003000143] ECUB RTE   WRITE P_HeadlightCmd_HeadlightCmd=2
[003000165] ECUB RTE   TRIGGER DRE_Actuator_HeadlightCmd -> Task_LightAct
[003000194] ECUB OS    TASK_WAIT Task_LightCtl mask=0x7
[003000218] ECUB OS    TASK_START Task_LightAct prio=2
[003000239] ECUB RTE   CALL R_Odometer_GetDistance
[003000260] ECUB RTE   WRITE P_HeadlightStatus_HeadlightStatus=2
[003000286] ECUB RTE   WRITE P_OdometerDistance_Distance=93
[003000315] ECUB OS    TASK_END Task_LightAct
[003002836] ECUB OS    ISR_ENTER Isr_CanRx
[003002853] ECUB CAN   RX id=0x3f0 dlc=1 data=01
[003002874] ECUB CANIF RX pdu=2
[003002886] ECUB PDUR  RX canif=2 com=2
[003002903] ECUB COM   RX ipdu=2 len=1
[003002919] ECUB OS    ISR_EXIT Isr_CanRx
[003010036] ECUB OS    ALARM Alarm_BswMain
[003010050] ECUB OS    ISR_ENTER Isr_CanRx
[003010064] ECUB CAN   RX id=0x101 dlc=2 data=b8 05
[003010084] ECUB CANIF RX pdu=0
[003010084] ECUB PDUR  RX canif=0 com=0
[003010104] ECUB COM   RX ipdu=0 len=2
[003010136] ECUB OS    ISR_EXIT Isr_CanRx
[003010142] ECUB OS    TASK_START Task_BswMain prio=4
[003010170] ECUB COM   NOTIFY sig=0
[003010192] ECUB RTE   TRIGGER DRE_LightCtl_VehicleSpeed -> Task_LightCtl
[003010219] ECUB OS    EVENT_SET Task_LightCtl mask=0x2
[003010244] ECUB COM   TX ipdu=3 len=6
[003010260] ECUB PDUR  TX com=3 canif=0
[003010278] ECUB CAN   TX id=0x201 dlc=6 data=02 00 5d 00 00 00
[003010304] ECUB CANIF TX pdu=0
[003010319] ECUB BSW   BSWM RULE R_EcuModeRequest TRUE
[003010339] ECUB RTE   MODE EcuMode=POST_RUN
[003010355] ECUB RTE   TRIGGER MSE_LightCtl_EnterPostRun -> Task_LightCtl
[003010382] ECUB OS    EVENT_SET Task_LightCtl mask=0x4
[003010403] ECUB BSW   BSWM ACTION Rte_SwitchPostRun rc=0
[003010425] ECUB OS    TASK_END Task_BswMain
[003010447] ECUB RTE   CALL R_Odometer_UpdateSpeed
[003010467] ECUB RTE   WRITE P_HeadlightCmd_HeadlightCmd=0
[003010490] ECUB RTE   TRIGGER DRE_Actuator_HeadlightCmd -> Task_LightAct
[003010517] ECUB SWC   LightCtl cmd=0 speed=1464 ambient=20 postrun=1
[003010546] ECUB OS    TASK_WAIT Task_LightCtl mask=0x7
[003010571] ECUB OS    TASK_START Task_LightAct prio=2
[003010591] ECUB RTE   CALL R_Odometer_GetDistance
[003010612] ECUB RTE   CALL R_LightHw_SetHeadlight
[003010631] ECUB BSW   IOHWAB LIGHT state=0
[003010647] ECUB SWC   Actuator state=0 dist=93
[003010666] ECUB RTE   WRITE P_HeadlightStatus_HeadlightStatus=0
[003010692] ECUB RTE   WRITE P_OdometerDistance_Distance=93
[003010721] ECUB OS    TASK_END Task_LightAct
[003020037] ECUB OS    ALARM Alarm_BswMain
[003020038] ECUB OS    ALARM Alarm_LightCtl20ms
[003020060] ECUB OS    EVENT_SET Task_LightCtl mask=0x1
[003020095] ECUB OS    TASK_START Task_BswMain prio=4
[003020124] ECUB OS    TASK_END Task_BswMain
[003020144] ECUB OS    TASK_WAIT Task_LightCtl mask=0x7
[003030036] ECUB OS    ALARM Alarm_BswMain
[003030050] ECUB OS    ISR_ENTER Isr_CanRx
[003030064] ECUB CAN   RX id=0x101 dlc=2 data=b8 05
[003030064] ECUB CANIF RX pdu=0
[003030085] ECUB PDUR  RX canif=0 com=0
[003030104] ECUB COM   RX ipdu=0 len=2
[003030136] ECUB OS    ISR_EXIT Isr_CanRx
[003030154] ECUB OS    TASK_START Task_BswMain prio=4
[003030154] ECUB COM   NOTIFY sig=0
[003030192] ECUB RTE   TRIGGER DRE_LightCtl_VehicleSpeed -> Task_LightCtl
[003030219] ECUB OS    EVENT_SET Task_LightCtl mask=0x2
[003030247] ECUB OS    TASK_END Task_BswMain
[003030269] ECUB RTE   CALL R_Odometer_UpdateSpeed
[003030290] ECUB OS    TASK_WAIT Task_LightCtl mask=0x7
[003040037] ECUB OS    ALARM Alarm_BswMain
[003040038] ECUB OS    ALARM Alarm_LightCtl20ms
[003040060] ECUB OS    EVENT_SET Task_LightCtl mask=0x1
[003040087] ECUB OS    TASK_START Task_BswMain prio=4
[003040124] ECUB OS    TASK_END Task_BswMain
[003040143] ECUB OS    TASK_WAIT Task_LightCtl mask=0x7
[003050036] ECUB OS    ALARM Alarm_BswMain
[003050051] ECUB OS    ISR_ENTER Isr_CanRx
[003050064] ECUB CAN   RX id=0x101 dlc=2 data=b8 05
[003050085] ECUB CANIF RX pdu=0
[003050085] ECUB PDUR  RX canif=0 com=0
[003050105] ECUB COM   RX ipdu=0 len=2
[003050136] ECUB OS    ISR_EXIT Isr_CanRx
[003050136] ECUB OS    TASK_START Task_BswMain prio=4
[003050154] ECUB COM   NOTIFY sig=0
[003050192] ECUB RTE   TRIGGER DRE_LightCtl_VehicleSpeed -> Task_LightCtl
[003050219] ECUB OS    EVENT_SET Task_LightCtl mask=0x2
[003050248] ECUB OS    TASK_END Task_BswMain
[003050269] ECUB RTE   CALL R_Odometer_UpdateSpeed
[003050290] ECUB OS    TASK_WAIT Task_LightCtl mask=0x7
[003060036] ECUB OS    ALARM Alarm_BswMain
[003060038] ECUB OS    ALARM Alarm_LightCtl20ms
[003060060] ECUB OS    EVENT_SET Task_LightCtl mask=0x1
[003060087] ECUB OS    TASK_START Task_BswMain prio=4
[003060124] ECUB OS    TASK_END Task_BswMain
[003060143] ECUB OS    TASK_WAIT Task_LightCtl mask=0x7
[003070036] ECUB OS    ALARM Alarm_BswMain
[003070051] ECUB OS    ISR_ENTER Isr_CanRx
[003070065] ECUB CAN   RX id=0x101 dlc=2 data=b8 05
[003070085] ECUB CANIF RX pdu=0
[003070105] ECUB PDUR  RX canif=0 com=0
[003070105] ECUB COM   RX ipdu=0 len=2
[003070136] ECUB OS    ISR_EXIT Isr_CanRx
[003070136] ECUB OS    TASK_START Task_BswMain prio=4
[003070179] ECUB COM   NOTIFY sig=0
[003070193] ECUB RTE   TRIGGER DRE_LightCtl_VehicleSpeed -> Task_LightCtl
[003070219] ECUB OS    EVENT_SET Task_LightCtl mask=0x2
[003070248] ECUB OS    TASK_END Task_BswMain
[003070270] ECUB RTE   CALL R_Odometer_UpdateSpeed
[003070291] ECUB OS    TASK_WAIT Task_LightCtl mask=0x7
[003080038] ECUB OS    ALARM Alarm_BswMain
[003080038] ECUB OS    ALARM Alarm_LightCtl20ms
[003080060] ECUB OS    EVENT_SET Task_LightCtl mask=0x1
[003080088] ECUB OS    TASK_START Task_BswMain prio=4
[003080125] ECUB OS    TASK_END Task_BswMain
[003080144] ECUB OS    TASK_WAIT Task_LightCtl mask=0x7
[003090037] ECUB OS    ALARM Alarm_BswMain
[003090051] ECUB OS    ISR_ENTER Isr_CanRx
[003090065] ECUB CAN   RX id=0x101 dlc=2 data=b8 05
[003090085] ECUB CANIF RX pdu=0
[003090105] ECUB PDUR  RX canif=0 com=0
[003090122] ECUB COM   RX ipdu=0 len=2
[003090137] ECUB OS    ISR_EXIT Isr_CanRx
[003090154] ECUB OS    TASK_START Task_BswMain prio=4
[003090179] ECUB COM   NOTIFY sig=0
[003090193] ECUB RTE   TRIGGER DRE_LightCtl_VehicleSpeed -> Task_LightCtl
[003090220] ECUB OS    EVENT_SET Task_LightCtl mask=0x2
[003090248] ECUB OS    TASK_END Task_BswMain
[003090270] ECUB RTE   CALL R_Odometer_UpdateSpeed
[003090291] ECUB OS    TASK_WAIT Task_LightCtl mask=0x7
[003099837] ECUB OS    ISR_ENTER Isr_CanRx
[003099854] ECUB CAN   RX id=0x301 dlc=1 data=14
[003099875] ECUB CANIF RX pdu=1
[003099887] ECUB PDUR  RX canif=1 com=1
[003099904] ECUB COM   RX ipdu=1 len=1
[003099920] ECUB OS    ISR_EXIT Isr_CanRx
[003100037] ECUB OS    ALARM Alarm_BswMain
[003100039] ECUB OS    ALARM Alarm_LightCtl20ms
[003100060] ECUB OS    EVENT_SET Task_LightCtl mask=0x1
[003100082] ECUB OS    TASK_START Task_BswMain prio=4
[003100109] ECUB OS    TASK_END Task_BswMain
[003100144] ECUB OS    TASK_WAIT Task_LightCtl mask=0x7
[003102837] ECUB OS    ISR_ENTER Isr_CanRx
[003102855] ECUB CAN   RX id=0x3f0 dlc=1 data=01
[003102875] ECUB CANIF RX pdu=2
[003102887] ECUB PDUR  RX canif=2 com=2
[003102904] ECUB COM   RX ipdu=2 len=1
[003102920] ECUB OS    ISR_EXIT Isr_CanRx
[003110037] ECUB OS    ALARM Alarm_BswMain
[003110048] ECUB OS    ISR_ENTER Isr_CanRx
[003110068] ECUB CAN   RX id=0x101 dlc=2 data=b8 05
[003110090] ECUB CANIF RX pdu=0
[003110106] ECUB PDUR  RX canif=0 com=0
[003110122] ECUB COM   RX ipdu=0 len=2
[003110138] ECUB OS    ISR_EXIT Isr_CanRx
[003110157] ECUB OS    TASK_START Task_BswMain prio=4
[003110179] ECUB COM   NOTIFY sig=0
[003110193] ECUB RTE   TRIGGER DRE_LightCtl_VehicleSpeed -> Task_LightCtl
[003110220] ECUB OS    EVENT_SET Task_LightCtl mask=0x2
[003110246] ECUB COM   TX ipdu=3 len=6
[003110261] ECUB PDUR  TX com=3 canif=0
[003110280] ECUB CAN   TX id=0x201 dlc=6 data=00 00 5d 00 00 00
[003110305] ECUB CANIF TX pdu=0
[003110322] ECUB OS    TASK_END Task_BswMain
[003110343] ECUB RTE   CALL R_Odometer_UpdateSpeed
[003110365] ECUB OS    TASK_WAIT Task_LightCtl mask=0x7
[003120038] ECUB OS    ALARM Alarm_BswMain
[003120039] ECUB OS    ALARM Alarm_LightCtl20ms
[003120061] ECUB OS    EVENT_SET Task_LightCtl mask=0x1
[003120088] ECUB OS    TASK_START Task_BswMain prio=4
[003120126] ECUB OS    TASK_END Task_BswMain
[003120145] ECUB OS    TASK_WAIT Task_LightCtl mask=0x7
[003130037] ECUB OS    ALARM Alarm_BswMain
[003130052] ECUB OS    ISR_ENTER Isr_CanRx
[003130065] ECUB CAN   RX id=0x101 dlc=2 data=b8 05
[003130086] ECUB CANIF RX pdu=0
[003130086] ECUB PDUR  RX canif=0 com=0
[003130106] ECUB COM   RX ipdu=0 len=2
[003130137] ECUB OS    ISR_EXIT Isr_CanRx
[003130137] ECUB OS    TASK_START Task_BswMain prio=4
[003130155] ECUB COM   NOTIFY sig=0
[003130193] ECUB RTE   TRIGGER DRE_LightCtl_VehicleSpeed -> Task_LightCtl
[003130220] ECUB OS    EVENT_SET Task_LightCtl mask=0x2
[003130249] ECUB OS    TASK_END Task_BswMain
[003130270] ECUB RTE   CALL R_Odometer_UpdateSpeed
[003130291] ECUB OS    TASK_WAIT Task_LightCtl mask=0x7
[003140039] ECUB OS    ALARM Alarm_BswMain
[003140039] ECUB OS    ALARM Alarm_LightCtl20ms
[003140061] ECUB OS    EVENT_SET Task_LightCtl mask=0x1
[003140088] ECUB OS    TASK_START Task_BswMain prio=4
[003140125] ECUB OS    TASK_END Task_BswMain
[003140144] ECUB OS    TASK_WAIT Task_LightCtl mask=0x7
[003150037] ECUB OS    ALARM Alarm_BswMain
[003150052] ECUB OS    ISR_ENTER Isr_CanRx
[003150066] ECUB CAN   RX id=0x101 dlc=2 data=b8 05
[003150086] ECUB CANIF RX pdu=0
[003150106] ECUB PDUR  RX canif=0 com=0
[003150106] ECUB COM   RX ipdu=0 len=2
[003150137] ECUB OS    ISR_EXIT Isr_CanRx
[003150137] ECUB OS    TASK_START Task_BswMain prio=4
[003150155] ECUB COM   NOTIFY sig=0
[003150193] ECUB RTE   TRIGGER DRE_LightCtl_VehicleSpeed -> Task_LightCtl
[003150220] ECUB OS    EVENT_SET Task_LightCtl mask=0x2
[003150249] ECUB OS    TASK_END Task_BswMain
[003150270] ECUB RTE   CALL R_Odometer_UpdateSpeed
[003150292] ECUB OS    TASK_WAIT Task_LightCtl mask=0x7
[003160037] ECUB OS    ALARM Alarm_BswMain
[003160039] ECUB OS    ALARM Alarm_LightCtl20ms
[003160061] ECUB OS    EVENT_SET Task_LightCtl mask=0x1
[003160089] ECUB OS    TASK_START Task_BswMain prio=4
[003160125] ECUB OS    TASK_END Task_BswMain
[003160145] ECUB OS    TASK_WAIT Task_LightCtl mask=0x7
[003170038] ECUB OS    ALARM Alarm_BswMain
[003170052] ECUB OS    ISR_ENTER Isr_CanRx
[003170066] ECUB CAN   RX id=0x101 dlc=2 data=b8 05
[003170086] ECUB CANIF RX pdu=0
[003170086] ECUB PDUR  RX canif=0 com=0
[003170106] ECUB COM   RX ipdu=0 len=2
[003170138] ECUB OS    ISR_EXIT Isr_CanRx
[003170138] ECUB OS    TASK_START Task_BswMain prio=4
[003170155] ECUB COM   NOTIFY sig=0
[003170194] ECUB RTE   TRIGGER DRE_LightCtl_VehicleSpeed -> Task_LightCtl
[003170221] ECUB OS    EVENT_SET Task_LightCtl mask=0x2
[003170249] ECUB OS    TASK_END Task_BswMain
[003170271] ECUB RTE   CALL R_Odometer_UpdateSpeed
[003170292] ECUB OS    TASK_WAIT Task_LightCtl mask=0x7
[003180038] ECUB OS    ALARM Alarm_BswMain
[003180040] ECUB OS    ALARM Alarm_LightCtl20ms
[003180061] ECUB OS    EVENT_SET Task_LightCtl mask=0x1
[003180089] ECUB OS    TASK_START Task_BswMain prio=4
[003180126] ECUB OS    TASK_END Task_BswMain
[003180145] ECUB OS    TASK_WAIT Task_LightCtl mask=0x7
[003190038] ECUB OS    ALARM Alarm_BswMain
[003190052] ECUB OS    ISR_ENTER Isr_CanRx
[003190066] ECUB CAN   RX id=0x101 dlc=2 data=b8 05
[003190086] ECUB CANIF RX pdu=0
[003190106] ECUB PDUR  RX canif=0 com=0
[003190106] ECUB COM   RX ipdu=0 len=2
[003190138] ECUB OS    ISR_EXIT Isr_CanRx
[003190138] ECUB OS    TASK_START Task_BswMain prio=4
[003190180] ECUB COM   NOTIFY sig=0
[003190194] ECUB RTE   TRIGGER DRE_LightCtl_VehicleSpeed -> Task_LightCtl
[003190221] ECUB OS    EVENT_SET Task_LightCtl mask=0x2
[003190249] ECUB OS    TASK_END Task_BswMain
[003190271] ECUB RTE   CALL R_Odometer_UpdateSpeed
[003190292] ECUB OS    TASK_WAIT Task_LightCtl mask=0x7
[003199939] ECUB OS    ISR_ENTER Isr_CanRx
[003199939] ECUB CAN   RX id=0x301 dlc=1 data=14
[003199972] ECUB CANIF RX pdu=1
[003199976] ECUB PDUR  RX canif=1 com=1
[003200000] ECUB COM   RX ipdu=1 len=1
[003200020] ECUB OS    ISR_EXIT Isr_CanRx
[003200038] ECUB OS    ALARM Alarm_BswMain
[003200040] ECUB OS    ALARM Alarm_LightCtl20ms
[003200062] ECUB OS    EVENT_SET Task_LightCtl mask=0x1
[003200083] ECUB OS    TASK_START Task_BswMain prio=4
[003200110] ECUB OS    TASK_END Task_BswMain
[003200144] ECUB OS    TASK_WAIT Task_LightCtl mask=0x7
[003202939] ECUB OS    ISR_ENTER Isr_CanRx
[003202956] ECUB CAN   RX id=0x3f0 dlc=1 data=01
[003202976] ECUB CANIF RX pdu=2
[003202988] ECUB PDUR  RX canif=2 com=2
[003203005] ECUB COM   RX ipdu=2 len=1
[003203022] ECUB OS    ISR_EXIT Isr_CanRx
[003210038] ECUB OS    ALARM Alarm_BswMain
[003210048] ECUB OS    ISR_ENTER Isr_CanRx
[003210068] ECUB CAN   RX id=0x101 dlc=2 data=b8 05
[003210068] ECUB CANIF RX pdu=0
[003210090] ECUB PDUR  RX canif=0 com=0
[003210090] ECUB COM   RX ipdu=0 len=2
[003210139] ECUB OS    ISR_EXIT Isr_CanRx
[003210159] ECUB OS    TASK_START Task_BswMain prio=4
[003210181] ECUB COM   NOTIFY sig=0
[003210194] ECUB RTE   TRIGGER DRE_LightCtl_VehicleSpeed -> Task_LightCtl
[003210221] ECUB OS    EVENT_SET Task_LightCtl mask=0x2
[003210247] ECUB COM   TX ipdu=3 len=6
[003210262] ECUB PDUR  TX com=3 canif=0
[003210281] ECUB CAN   TX id=0x201 dlc=6 data=00 00 5d 00 00 00
[003210307] ECUB CANIF TX pdu=0
[003210323] ECUB OS    TASK_END Task_BswMain
[003210345] ECUB RTE   CALL R_Odometer_UpdateSpeed
[003210366] ECUB OS    TASK_WAIT Task_LightCtl mask=0x7
[003220038] ECUB OS    ALARM Alarm_BswMain
[003220040] ECUB OS    ALARM Alarm_LightCtl20ms
[003220062] ECUB OS    EVENT_SET Task_LightCtl mask=0x1
[003220089] ECUB OS    TASK_START Task_BswMain prio=4
[003220127] ECUB OS    TASK_END Task_BswMain
[003220146] ECUB OS    TASK_WAIT Task_LightCtl mask=0x7
[003230038] ECUB OS    ALARM Alarm_BswMain
[003230053] ECUB OS    ISR_ENTER Isr_CanRx
[003230067] ECUB CAN   RX id=0x101 dlc=2 data=b8 05
[003230087] ECUB CANIF RX pdu=0
[003230087] ECUB PDUR  RX canif=0 com=0
[003230107] ECUB COM   RX ipdu=0 len=2
[003230138] ECUB OS    ISR_EXIT Isr_CanRx
[003230138] ECUB OS    TASK_START Task_BswMain prio=4
[003230181] ECUB COM   NOTIFY sig=0
[003230194] ECUB RTE   TRIGGER DRE_LightCtl_VehicleSpeed -> Task_LightCtl
[003230221] ECUB OS    EVENT_SET Task_LightCtl mask=0x2
[003230250] ECUB OS    TASK_END Task_BswMain
[003230271] ECUB RTE   CALL R_Odometer_UpdateSpeed
[003230293] ECUB OS    TASK_WAIT Task_LightCtl mask=0x7
[003240038] ECUB OS    ALARM Alarm_BswMain
[003240040] ECUB OS    ALARM Alarm_LightCtl20ms
[003240062] ECUB OS    EVENT_SET Task_LightCtl mask=0x1
[003240090] ECUB OS    TASK_START Task_BswMain prio=4
[003240126] ECUB OS    TASK_END Task_BswMain
[003240146] ECUB OS    TASK_WAIT Task_LightCtl mask=0x7
[003250039] ECUB OS    ALARM Alarm_BswMain
[003250039] ECUB OS    ISR_ENTER Isr_CanRx
[003250067] ECUB CAN   RX id=0x101 dlc=2 data=b8 05
[003250087] ECUB CANIF RX pdu=0
[003250087] ECUB PDUR  RX canif=0 com=0
[003250107] ECUB COM   RX ipdu=0 len=2
[003250139] ECUB OS    ISR_EXIT Isr_CanRx
[003250139] ECUB OS    TASK_START Task_BswMain prio=4
[003250156] ECUB COM   NOTIFY sig=0
[003250195] ECUB RTE   TRIGGER DRE_LightCtl_VehicleSpeed -> Task_LightCtl
[003250222] ECUB OS    EVENT_SET Task_LightCtl mask=0x2
[003250250] ECUB OS    TASK_END Task_BswMain
[003250272] ECUB RTE   CALL R_Odometer_UpdateSpeed
[003250293] ECUB OS    TASK_WAIT Task_LightCtl mask=0x7
[003260039] ECUB OS    ALARM Alarm_BswMain
[003260041] ECUB OS    ALARM Alarm_LightCtl20ms
[003260062] ECUB OS    EVENT_SET Task_LightCtl mask=0x1
[003260098] ECUB OS    TASK_START Task_BswMain prio=4
[003260127] ECUB OS    TASK_END Task_BswMain
[003260146] ECUB OS    TASK_WAIT Task_LightCtl mask=0x7
[003270039] ECUB OS    ALARM Alarm_BswMain
[003270053] ECUB OS    ISR_ENTER Isr_CanRx
[003270067] ECUB CAN   RX id=0x101 dlc=2 data=b8 05
[003270087] ECUB CANIF RX pdu=0
[003270087] ECUB PDUR  RX canif=0 com=0
[003270107] ECUB COM   RX ipdu=0 len=2
[003270139] ECUB OS    ISR_EXIT Isr_CanRx
[003270139] ECUB OS    TASK_START Task_BswMain prio=4
[003270156] ECUB COM   NOTIFY sig=0
[003270195] ECUB RTE   TRIGGER DRE_LightCtl_VehicleSpeed -> Task_LightCtl
[003270222] ECUB OS    EVENT_SET Task_LightCtl mask=0x2
[003270250] ECUB OS    TASK_END Task_BswMain
[003270272] ECUB RTE   CALL R_Odometer_UpdateSpeed
[003270293] ECUB OS    TASK_WAIT Task_LightCtl mask=0x7
[003280040] ECUB OS    ALARM Alarm_BswMain
[003280041] ECUB OS    ALARM Alarm_LightCtl20ms
[003280063] ECUB OS    EVENT_SET Task_LightCtl mask=0x1
[003280090] ECUB OS    TASK_START Task_BswMain prio=4
[003280127] ECUB OS    TASK_END Task_BswMain
[003280146] ECUB OS    TASK_WAIT Task_LightCtl mask=0x7
[003290039] ECUB OS    ALARM Alarm_BswMain
[003290053] ECUB OS    ISR_ENTER Isr_CanRx
[003290067] ECUB CAN   RX id=0x101 dlc=2 data=b8 05
[003290088] ECUB CANIF RX pdu=0
[003290088] ECUB PDUR  RX canif=0 com=0
[003290108] ECUB COM   RX ipdu=0 len=2
[003290139] ECUB OS    ISR_EXIT Isr_CanRx
[003290139] ECUB OS    TASK_START Task_BswMain prio=4
[003290157] ECUB COM   NOTIFY sig=0
[003290195] ECUB RTE   TRIGGER DRE_LightCtl_VehicleSpeed -> Task_LightCtl
[003290222] ECUB OS    EVENT_SET Task_LightCtl mask=0x2
[003290251] ECUB OS    TASK_END Task_BswMain
[003290272] ECUB RTE   CALL R_Odometer_UpdateSpeed
[003290293] ECUB OS    TASK_WAIT Task_LightCtl mask=0x7
[003299940] ECUB OS    ISR_ENTER Isr_CanRx
[003299957] ECUB CAN   RX id=0x301 dlc=1 data=14
[003299977] ECUB CANIF RX pdu=1
[003299977] ECUB PDUR  RX canif=1 com=1
[003300001] ECUB COM   RX ipdu=1 len=1
[003300021] ECUB OS    ISR_EXIT Isr_CanRx
[003300039] ECUB OS    ALARM Alarm_BswMain
[003300041] ECUB OS    ALARM Alarm_LightCtl20ms
[003300063] ECUB OS    EVENT_SET Task_LightCtl mask=0x1
[003300084] ECUB OS    TASK_START Task_BswMain prio=4
[003300112] ECUB OS    TASK_END Task_BswMain
[003300145] ECUB OS    TASK_WAIT Task_LightCtl mask=0x7
[003302940] ECUB OS    ISR_ENTER Isr_CanRx
[003302957] ECUB CAN   RX id=0x3f0 dlc=1 data=01
[003302977] ECUB CANIF RX pdu=2
[003302990] ECUB PDUR  RX canif=2 com=2
[003303006] ECUB COM   RX ipdu=2 len=1
[003303023] ECUB OS    ISR_EXIT Isr_CanRx
[003310039] ECUB OS    ALARM Alarm_BswMain
[003310054] ECUB OS    ISR_ENTER Isr_CanRx
[003310068] ECUB CAN   RX id=0x101 dlc=2 data=b8 05
[003310088] ECUB CANIF RX pdu=0
[003310088] ECUB PDUR  RX canif=0 com=0
[003310108] ECUB COM   RX ipdu=0 len=2
[003310139] ECUB OS    ISR_EXIT Isr_CanRx
[003310139] ECUB OS    TASK_START Task_BswMain prio=4
[003310173] ECUB COM   NOTIFY sig=0
[003310195] ECUB RTE   TRIGGER DRE_LightCtl_VehicleSpeed -> Task_LightCtl
[003310222] ECUB OS    EVENT_SET Task_LightCtl mask=0x2
[003310248] ECUB COM   TX ipdu=3 len=6
[003310263] ECUB PDUR  TX com=3 canif=0
[003310282] ECUB CAN   TX id=0x201 dlc=6 data=00 00 5d 00 00 00
[003310308] ECUB CANIF TX pdu=0
[003310324] ECUB OS    TASK_END Task_BswMain
[003310346] ECUB RTE   CALL R_Odometer_UpdateSpeed
[003310367] ECUB OS    TASK_WAIT Task_LightCtl mask=0x7
[003320039] ECUB OS    ALARM Alarm_BswMain
[003320041] ECUB OS    ALARM Alarm_LightCtl20ms
[003320063] ECUB OS    EVENT_SET Task_LightCtl mask=0x1
[003320091] ECUB OS    TASK_START Task_BswMain prio=4
[003320128] ECUB OS    TASK_END Task_BswMain
[003320147] ECUB OS    TASK_WAIT Task_LightCtl mask=0x7
[003330039] ECUB OS    ALARM Alarm_BswMain
[003330048] ECUB OS    ISR_ENTER Isr_CanRx
[003330068] ECUB CAN   RX id=0x101 dlc=2 data=b8 05
[003330090] ECUB CANIF RX pdu=0
[003330090] ECUB PDUR  RX canif=0 com=0
[003330117] ECUB COM   RX ipdu=0 len=2
[003330141] ECUB OS    ISR_EXIT Isr_CanRx
[003330160] ECUB OS    TASK_START Task_BswMain prio=4
[003330182] ECUB COM   NOTIFY sig=0
[003330196] ECUB RTE   TRIGGER DRE_LightCtl_VehicleSpeed -> Task_LightCtl
[003330223] ECUB OS    EVENT_SET Task_LightCtl mask=0x2
[003330251] ECUB OS    TASK_END Task_BswMain
[003330273] ECUB RTE   CALL R_Odometer_UpdateSpeed
[003330294] ECUB OS    TASK_WAIT Task_LightCtl mask=0x7
[003340040] ECUB OS    ALARM Alarm_BswMain
[003340042] ECUB OS    ALARM Alarm_LightCtl20ms
[003340063] ECUB OS    EVENT_SET Task_LightCtl mask=0x1
[003340091] ECUB OS    TASK_START Task_BswMain prio=4
[003340128] ECUB OS    TASK_END Task_BswMain
[003340147] ECUB OS    TASK_WAIT Task_LightCtl mask=0x7
[003350040] ECUB OS    ALARM Alarm_BswMain
[003350048] ECUB OS    ISR_ENTER Isr_CanRx
[003350068] ECUB CAN   RX id=0x101 dlc=2 data=b8 05
[003350090] ECUB CANIF RX pdu=0
[003350090] ECUB PDUR  RX canif=0 com=0
[003350117] ECUB COM   RX ipdu=0 len=2
[003350141] ECUB OS    ISR_EXIT Isr_CanRx
[003350160] ECUB OS    TASK_START Task_BswMain prio=4
[003350182] ECUB COM   NOTIFY sig=0
[003350196] ECUB RTE   TRIGGER DRE_LightCtl_VehicleSpeed -> Task_LightCtl
[003350223] ECUB OS    EVENT_SET Task_LightCtl mask=0x2
[003350251] ECUB OS    TASK_END Task_BswMain
[003350273] ECUB RTE   CALL R_Odometer_UpdateSpeed
[003350294] ECUB OS    TASK_WAIT Task_LightCtl mask=0x7
[003360041] ECUB OS    ALARM Alarm_BswMain
[003360042] ECUB OS    ALARM Alarm_LightCtl20ms
[003360064] ECUB OS    EVENT_SET Task_LightCtl mask=0x1
[003360099] ECUB OS    TASK_START Task_BswMain prio=4
[003360128] ECUB OS    TASK_END Task_BswMain
[003360147] ECUB OS    TASK_WAIT Task_LightCtl mask=0x7
[003370040] ECUB OS    ALARM Alarm_BswMain
[003370040] ECUB OS    ISR_ENTER Isr_CanRx
[003370068] ECUB CAN   RX id=0x101 dlc=2 data=b8 05
[003370089] ECUB CANIF RX pdu=0
[003370089] ECUB PDUR  RX canif=0 com=0
[003370109] ECUB COM   RX ipdu=0 len=2
[003370140] ECUB OS    ISR_EXIT Isr_CanRx
[003370140] ECUB OS    TASK_START Task_BswMain prio=4
[003370158] ECUB COM   NOTIFY sig=0
[003370196] ECUB RTE   TRIGGER DRE_LightCtl_VehicleSpeed -> Task_LightCtl
[003370223] ECUB OS    EVENT_SET Task_LightCtl mask=0x2
[003370252] ECUB OS    TASK_END Task_BswMain
[003370273] ECUB RTE   CALL R_Odometer_UpdateSpeed
[003370294] ECUB OS    TASK_WAIT Task_LightCtl mask=0x7
[003380040] ECUB OS    ALARM Alarm_BswMain
[003380042] ECUB OS    ALARM Alarm_LightCtl20ms
[003380064] ECUB OS    EVENT_SET Task_LightCtl mask=0x1
[003380091] ECUB OS    TASK_START Task_BswMain prio=4
[003380128] ECUB OS    TASK_END Task_BswMain
[003380147] ECUB OS    TASK_WAIT Task_LightCtl mask=0x7
[003390040] ECUB OS    ALARM Alarm_BswMain
[003390055] ECUB OS    ISR_ENTER Isr_CanRx
[003390069] ECUB CAN   RX id=0x101 dlc=2 data=b8 05
[003390089] ECUB CANIF RX pdu=0
[003390109] ECUB PDUR  RX canif=0 com=0
[003390109] ECUB COM   RX ipdu=0 len=2
[003390140] ECUB OS    ISR_EXIT Isr_CanRx
[003390140] ECUB OS    TASK_START Task_BswMain prio=4
[003390158] ECUB COM   NOTIFY sig=0
[003390196] ECUB RTE   TRIGGER DRE_LightCtl_VehicleSpeed -> Task_LightCtl
[003390223] ECUB OS    EVENT_SET Task_LightCtl mask=0x2
[003390252] ECUB OS    TASK_END Task_BswMain
[003390273] ECUB RTE   CALL R_Odometer_UpdateSpeed
[003390295] ECUB OS    TASK_WAIT Task_LightCtl mask=0x7
[003399840] ECUB OS    ISR_ENTER Isr_CanRx
[003399858] ECUB CAN   RX id=0x301 dlc=1 data=14
[003399878] ECUB CANIF RX pdu=1
[003399891] ECUB PDUR  RX canif=1 com=1
[003399907] ECUB COM   RX ipdu=1 len=1
[003399924] ECUB OS    ISR_EXIT Isr_CanRx
[003400042] ECUB OS    ALARM Alarm_BswMain
[003400042] ECUB OS    ALARM Alarm_LightCtl20ms
[003400064] ECUB OS    EVENT_SET Task_LightCtl mask=0x1
[003400085] ECUB OS    TASK_START Task_BswMain prio=4
[003400113] ECUB OS    TASK_END Task_BswMain
[003400147] ECUB OS    TASK_WAIT Task_LightCtl mask=0x7
[003402840] ECUB OS    ISR_ENTER Isr_CanRx
[003402858] ECUB CAN   RX id=0x3f0 dlc=1 data=01
[003402879] ECUB CANIF RX pdu=2
[003402891] ECUB PDUR  RX canif=2 com=2
[003402907] ECUB COM   RX ipdu=2 len=1
[003402924] ECUB OS    ISR_EXIT Isr_CanRx
[003410040] ECUB OS    ALARM Alarm_BswMain
[003410055] ECUB OS    ISR_ENTER Isr_CanRx
[003410069] ECUB CAN   RX id=0x101 dlc=2 data=b8 05
[003410089] ECUB CANIF RX pdu=0
[003410089] ECUB PDUR  RX canif=0 com=0
[003410109] ECUB COM   RX ipdu=0 len=2
[003410140] ECUB OS    ISR_EXIT Isr_CanRx
[003410140] ECUB OS    TASK_START Task_BswMain prio=4
[003410183] ECUB COM   NOTIFY sig=0
[003410197] ECUB RTE   TRIGGER DRE_LightCtl_VehicleSpeed -> Task_LightCtl
[003410224] ECUB OS    EVENT_SET Task_LightCtl mask=0x2
[003410249] ECUB COM   TX ipdu=3 len=6
[003410265] ECUB PDUR  TX com=3 canif=0
[003410283] ECUB CAN   TX id=0x201 dlc=6 data=00 00 5d 00 00 00
[003410309] ECUB CANIF TX pdu=0
[003410325] ECUB OS    TASK_END Task_BswMain
[003410347] ECUB RTE   CALL R_Odometer_UpdateSpeed
[003410368] ECUB OS    TASK_WAIT Task_LightCtl mask=0x7
[003420041] ECUB OS    ALARM Alarm_BswMain
[003420043] ECUB OS    ALARM Alarm_LightCtl20ms
[003420064] ECUB OS    EVENT_SET Task_LightCtl mask=0x1
[003420092] ECUB OS    TASK_START Task_BswMain prio=4
[003420129] ECUB OS    TASK_END Task_BswMain
[003420148] ECUB OS    TASK_WAIT Task_LightCtl mask=0x7
[003430041] ECUB OS    ALARM Alarm_BswMain
[003430041] ECUB OS    ISR_ENTER Isr_CanRx
[003430069] ECUB CAN   RX id=0x101 dlc=2 data=b8 05
[003430089] ECUB CANIF RX pdu=0
[003430089] ECUB PDUR  RX canif=0 com=0
[003430109] ECUB COM   RX ipdu=0 len=2
[003430141] ECUB OS    ISR_EXIT Isr_CanRx
[003430141] ECUB OS    TASK_START Task_BswMain prio=4
[003430175] ECUB COM   NOTIFY sig=0
[003430197] ECUB RTE   TRIGGER DRE_LightCtl_VehicleSpeed -> Task_LightCtl
[003430224] ECUB OS    EVENT_SET Task_LightCtl mask=0x2
[003430252] ECUB OS    TASK_END Task_BswMain
[003430274] ECUB RTE   CALL R_Odometer_UpdateSpeed
[003430295] ECUB OS    TASK_WAIT Task_LightCtl mask=0x7
[003440041] ECUB OS    ALARM Alarm_BswMain
[003440043] ECUB OS    ALARM Alarm_LightCtl20ms
[003440065] ECUB OS    EVENT_SET Task_LightCtl mask=0x1
[003440092] ECUB OS    TASK_START Task_BswMain prio=4
[003440129] ECUB OS    TASK_END Task_BswMain
[003440148] ECUB OS    TASK_WAIT Task_LightCtl mask=0x7
[003450041] ECUB OS    ALARM Alarm_BswMain
[003450041] ECUB OS    ISR_ENTER Isr_CanRx
[003450069] ECUB CAN   RX id=0x101 dlc=2 data=b8 05
[003450090] ECUB CANIF RX pdu=0
[003450090] ECUB PDUR  RX canif=0 com=0
[003450109] ECUB COM   RX ipdu=0 len=2
[003450141] ECUB OS    ISR_EXIT Isr_CanRx
[003450141] ECUB OS    TASK_START Task_BswMain prio=4
[003450159] ECUB COM   NOTIFY sig=0
[003450197] ECUB RTE   TRIGGER DRE_LightCtl_VehicleSpeed -> Task_LightCtl
[003450224] ECUB OS    EVENT_SET Task_LightCtl mask=0x2
[003450252] ECUB OS    TASK_END Task_BswMain
[003450274] ECUB RTE   CALL R_Odometer_UpdateSpeed
[003450295] ECUB OS    TASK_WAIT Task_LightCtl mask=0x7
[003460041] ECUB OS    ALARM Alarm_BswMain
[003460043] ECUB OS    ALARM Alarm_LightCtl20ms
[003460065] ECUB OS    EVENT_SET Task_LightCtl mask=0x1
[003460092] ECUB OS    TASK_START Task_BswMain prio=4
[003460129] ECUB OS    TASK_END Task_BswMain
[003460148] ECUB OS    TASK_WAIT Task_LightCtl mask=0x7
[003470041] ECUB OS    ALARM Alarm_BswMain
[003470056] ECUB OS    ISR_ENTER Isr_CanRx
[003470069] ECUB CAN   RX id=0x101 dlc=2 data=b8 05
[003470090] ECUB CANIF RX pdu=0
[003470090] ECUB PDUR  RX canif=0 com=0
[003470110] ECUB COM   RX ipdu=0 len=2
[003470141] ECUB OS    ISR_EXIT Isr_CanRx
[003470141] ECUB OS    TASK_START Task_BswMain prio=4
[003470159] ECUB COM   NOTIFY sig=0
[003470197] ECUB RTE   TRIGGER DRE_LightCtl_VehicleSpeed -> Task_LightCtl
[003470224] ECUB OS    EVENT_SET Task_LightCtl mask=0x2
[003470253] ECUB OS    TASK_END Task_BswMain
[003470274] ECUB RTE   CALL R_Odometer_UpdateSpeed
[003470296] ECUB OS    TASK_WAIT Task_LightCtl mask=0x7
[003480041] ECUB OS    ALARM Alarm_BswMain
[003480043] ECUB OS    ALARM Alarm_LightCtl20ms
[003480065] ECUB OS    EVENT_SET Task_LightCtl mask=0x1
[003480092] ECUB OS    TASK_START Task_BswMain prio=4
[003480129] ECUB OS    TASK_END Task_BswMain
[003480148] ECUB OS    TASK_WAIT Task_LightCtl mask=0x7
[003490041] ECUB OS    ALARM Alarm_BswMain
[003490056] ECUB OS    ISR_ENTER Isr_CanRx
[003490070] ECUB CAN   RX id=0x101 dlc=2 data=b8 05
[003490090] ECUB CANIF RX pdu=0
[003490090] ECUB PDUR  RX canif=0 com=0
[003490110] ECUB COM   RX ipdu=0 len=2
[003490141] ECUB OS    ISR_EXIT Isr_CanRx
[003490141] ECUB OS    TASK_START Task_BswMain prio=4
[003490159] ECUB COM   NOTIFY sig=0
[003490198] ECUB RTE   TRIGGER DRE_LightCtl_VehicleSpeed -> Task_LightCtl
[003490225] ECUB OS    EVENT_SET Task_LightCtl mask=0x2
[003490253] ECUB OS    TASK_END Task_BswMain
[003490275] ECUB RTE   CALL R_Odometer_UpdateSpeed
[003490296] ECUB OS    TASK_WAIT Task_LightCtl mask=0x7
[003499941] ECUB OS    ISR_ENTER Isr_CanRx
[003499959] ECUB CAN   RX id=0x301 dlc=1 data=14
[003499979] ECUB CANIF RX pdu=1
[003499979] ECUB PDUR  RX canif=1 com=1
[003500003] ECUB COM   RX ipdu=1 len=1
[003500024] ECUB OS    ISR_EXIT Isr_CanRx
[003500042] ECUB OS    ALARM Alarm_BswMain
[003500044] ECUB OS    ALARM Alarm_LightCtl20ms
[003500065] ECUB OS    EVENT_SET Task_LightCtl mask=0x1
[003500087] ECUB OS    TASK_START Task_BswMain prio=4
[003500114] ECUB OS    TASK_END Task_BswMain
[003500147] ECUB OS    TASK_WAIT Task_LightCtl mask=0x7
[003502842] ECUB OS    ISR_ENTER Isr_CanRx
[003502859] ECUB CAN   RX id=0x3f0 dlc=1 data=00
[003502880] ECUB CANIF RX pdu=2
[003502892] ECUB PDUR  RX canif=2 com=2
[003502909] ECUB COM   RX ipdu=2 len=1
[003502925] ECUB OS    ISR_EXIT Isr_CanRx
[003510042] ECUB OS    ALARM Alarm_BswMain
[003510042] ECUB OS    ISR_ENTER Isr_CanRx
[003510070] ECUB CAN   RX id=0x101 dlc=2 data=b8 05
[003510090] ECUB CANIF RX pdu=0
[003510090] ECUB PDUR  RX canif=0 com=0
[003510110] ECUB COM   RX ipdu=0 len=2
[003510142] ECUB OS    ISR_EXIT Isr_CanRx
[003510148] ECUB OS    TASK_START Task_BswMain prio=4
[003510176] ECUB COM   NOTIFY sig=0
[003510176] ECUB RTE   TRIGGER DRE_LightCtl_VehicleSpeed -> Task_LightCtl
[003510225] ECUB OS    EVENT_SET Task_LightCtl mask=0x2
[003510250] ECUB COM   TX ipdu=3 len=6
[003510266] ECUB PDUR  TX com=3 canif=0
[003510284] ECUB CAN   TX id=0x201 dlc=6 data=00 00 5d 00 00 00
[003510310] ECUB CANIF TX pdu=0
[003510325] ECUB BSW   BSWM RULE R_EcuModeRequest FALSE
[003510345] ECUB RTE   MODE EcuMode=RUN
[003510360] ECUB RTE   TRIGGER MSE_LightCtl_EnterRun -> Task_LightCtl
[003510386] ECUB OS    EVENT_SET Task_LightCtl mask=0x4
[003510407] ECUB BSW   BSWM ACTION Rte_SwitchRun2 rc=0
[003510428] ECUB OS    TASK_END Task_BswMain
[003510449] ECUB RTE   CALL R_Odometer_UpdateSpeed
[003510471] ECUB OS    TASK_WAIT Task_LightCtl mask=0x7
[003520043] ECUB OS    ALARM Alarm_BswMain
[003520044] ECUB OS    ALARM Alarm_LightCtl20ms
[003520066] ECUB OS    EVENT_SET Task_LightCtl mask=0x1
[003520093] ECUB OS    TASK_START Task_BswMain prio=4
[003520130] ECUB OS    TASK_END Task_BswMain
[003520151] ECUB SWC   LightCtl cmd=2 speed=1464 ambient=20 postrun=0
[003520179] ECUB RTE   WRITE P_HeadlightCmd_HeadlightCmd=2
[003520201] ECUB RTE   TRIGGER DRE_Actuator_HeadlightCmd -> Task_LightAct
[003520230] ECUB OS    TASK_WAIT Task_LightCtl mask=0x7
[003520255] ECUB OS    TASK_START Task_LightAct prio=2
[003520275] ECUB RTE   CALL R_Odometer_GetDistance
[003520296] ECUB RTE   CALL R_LightHw_SetHeadlight
[003520315] ECUB BSW   IOHWAB LIGHT state=2
[003520331] ECUB SWC   Actuator state=2 dist=114
[003520350] ECUB RTE   WRITE P_HeadlightStatus_HeadlightStatus=2
[003520377] ECUB RTE   WRITE P_OdometerDistance_Distance=114
[003520406] ECUB OS    TASK_END Task_LightAct
[003530042] ECUB OS    ALARM Alarm_BswMain
[003530056] ECUB OS    ISR_ENTER Isr_CanRx
[003530070] ECUB CAN   RX id=0x101 dlc=2 data=b8 05
[003530091] ECUB CANIF RX pdu=0
[003530091] ECUB PDUR  RX canif=0 com=0
[003530110] ECUB COM   RX ipdu=0 len=2
[003530142] ECUB OS    ISR_EXIT Isr_CanRx
[003530142] ECUB OS    TASK_START Task_BswMain prio=4
[003530160] ECUB COM   NOTIFY sig=0
[003530198] ECUB RTE   TRIGGER DRE_LightCtl_VehicleSpeed -> Task_LightCtl
[003530225] ECUB OS    EVENT_SET Task_LightCtl mask=0x2
[003530253] ECUB OS    TASK_END Task_BswMain
[003530275] ECUB RTE   CALL R_Odometer_UpdateSpeed
[003530296] ECUB OS    TASK_WAIT Task_LightCtl mask=0x7
[003540042] ECUB OS    ALARM Alarm_BswMain
[003540044] ECUB OS    ALARM Alarm_LightCtl20ms
[003540066] ECUB OS    EVENT_SET Task_LightCtl mask=0x1
[003540093] ECUB OS    TASK_START Task_BswMain prio=4
[003540130] ECUB OS    TASK_END Task_BswMain
[003540151] ECUB RTE   WRITE P_HeadlightCmd_HeadlightCmd=2
[003540173] ECUB RTE   TRIGGER DRE_Actuator_HeadlightCmd -> Task_LightAct
[003540202] ECUB OS    TASK_WAIT Task_LightCtl mask=0x7
[003540226] ECUB OS    TASK_START Task_LightAct prio=2
[003540247] ECUB RTE   CALL R_Odometer_GetDistance
[003540268] ECUB RTE   WRITE P_HeadlightStatus_HeadlightStatus=2
[003540294] ECUB RTE   WRITE P_OdometerDistance_Distance=115
[003540324] ECUB OS    TASK_END Task_LightAct
[003550042] ECUB OS    ALARM Alarm_BswMain
[003550057] ECUB OS    ISR_ENTER Isr_CanRx
[003550070] ECUB CAN   RX id=0x101 dlc=2 data=b8 05
[003550091] ECUB CANIF RX pdu=0
[003550111] ECUB PDUR  RX canif=0 com=0
[003550111] ECUB COM   RX ipdu=0 len=2
[003550142] ECUB OS    ISR_EXIT Isr_CanRx
[003550142] ECUB OS    TASK_START Task_BswMain prio=4
[003550160] ECUB COM   NOTIFY sig=0
[003550198] ECUB RTE   TRIGGER DRE_LightCtl_VehicleSpeed -> Task_LightCtl
[003550225] ECUB OS    EVENT_SET Task_LightCtl mask=0x2
[003550254] ECUB OS    TASK_END Task_BswMain
[003550275] ECUB RTE   CALL R_Odometer_UpdateSpeed
[003550296] ECUB OS    TASK_WAIT Task_LightCtl mask=0x7
[003560042] ECUB OS    ALARM Alarm_BswMain
[003560044] ECUB OS    ALARM Alarm_LightCtl20ms
[003560066] ECUB OS    EVENT_SET Task_LightCtl mask=0x1
[003560093] ECUB OS    TASK_START Task_BswMain prio=4
[003560130] ECUB OS    TASK_END Task_BswMain
[003560151] ECUB RTE   WRITE P_HeadlightCmd_HeadlightCmd=2
[003560173] ECUB RTE   TRIGGER DRE_Actuator_HeadlightCmd -> Task_LightAct
[003560202] ECUB OS    TASK_WAIT Task_LightCtl mask=0x7
[003560227] ECUB OS    TASK_START Task_LightAct prio=2
[003560247] ECUB RTE   CALL R_Odometer_GetDistance
[003560268] ECUB RTE   WRITE P_HeadlightStatus_HeadlightStatus=2
[003560294] ECUB RTE   WRITE P_OdometerDistance_Distance=115
[003560324] ECUB OS    TASK_END Task_LightAct
[003570042] ECUB OS    ALARM Alarm_BswMain
[003570048] ECUB OS    ISR_ENTER Isr_CanRx
[003570068] ECUB CAN   RX id=0x101 dlc=2 data=b8 05
[003570090] ECUB CANIF RX pdu=0
[003570090] ECUB PDUR  RX canif=0 com=0
[003570117] ECUB COM   RX ipdu=0 len=2
[003570144] ECUB OS    ISR_EXIT Isr_CanRx
[003570163] ECUB OS    TASK_START Task_BswMain prio=4
[003570185] ECUB COM   NOTIFY sig=0
[003570199] ECUB RTE   TRIGGER DRE_LightCtl_VehicleSpeed -> Task_LightCtl
[003570225] ECUB OS    EVENT_SET Task_LightCtl mask=0x2
[003570254] ECUB OS    TASK_END Task_BswMain
[003570276] ECUB RTE   CALL R_Odometer_UpdateSpeed
[003570297] ECUB OS    TASK_WAIT Task_LightCtl mask=0x7
[003580042] ECUB OS    ALARM Alarm_BswMain
[003580044] ECUB OS    ALARM Alarm_LightCtl20ms
[003580044] ECUB OS    EVENT_SET Task_LightCtl mask=0x1
[003580066] ECUB OS    TASK_START Task_BswMain prio=4
[003580131] ECUB OS    TASK_END Task_BswMain
[003580151] ECUB RTE   WRITE P_HeadlightCmd_HeadlightCmd=2
[003580173] ECUB RTE   TRIGGER DRE_Actuator_HeadlightCmd -> Task_LightAct
[003580202] ECUB OS    TASK_WAIT Task_LightCtl mask=0x7
[003580227] ECUB OS    TASK_START Task_LightAct prio=2
[003580248] ECUB RTE   CALL R_Odometer_GetDistance
[003580268] ECUB RTE   WRITE P_HeadlightStatus_HeadlightStatus=2
[003580294] ECUB RTE   WRITE P_OdometerDistance_Distance=116
[003580324] ECUB OS    TASK_END Task_LightAct
[003590043] ECUB OS    ALARM Alarm_BswMain
[003590057] ECUB OS    ISR_ENTER Isr_CanRx
[003590071] ECUB CAN   RX id=0x101 dlc=2 data=b8 05
[003590091] ECUB CANIF RX pdu=0
[003590091] ECUB PDUR  RX canif=0 com=0
[003590111] ECUB COM   RX ipdu=0 len=2
[003590143] ECUB OS    ISR_EXIT Isr_CanRx
[003590143] ECUB OS    TASK_START Task_BswMain prio=4
[003590160] ECUB COM   NOTIFY sig=0
[003590199] ECUB RTE   TRIGGER DRE_LightCtl_VehicleSpeed -> Task_LightCtl
[003590226] ECUB OS    EVENT_SET Task_LightCtl mask=0x2
[003590254] ECUB OS    TASK_END Task_BswMain
[003590276] ECUB RTE   CALL R_Odometer_UpdateSpeed
[003590297] ECUB OS    TASK_WAIT Task_LightCtl mask=0x7
[003599843] ECUB OS    ISR_ENTER Isr_CanRx
[003599860] ECUB CAN   RX id=0x301 dlc=1 data=14
[003599881] ECUB CANIF RX pdu=1
[003599893] ECUB PDUR  RX canif=1 com=1
[003599910] ECUB COM   RX ipdu=1 len=1
[003599926] ECUB OS    ISR_EXIT Isr_CanRx
[003600043] ECUB OS    ALARM Alarm_BswMain
[003600045] ECUB OS    ALARM Alarm_LightCtl20ms
[003600066] ECUB OS    EVENT_SET Task_LightCtl mask=0x1
[003600088] ECUB OS    TASK_START Task_BswMain prio=4
[003600088] ECUB OS    TASK_END Task_BswMain
[003600152] ECUB RTE   WRITE P_HeadlightCmd_HeadlightCmd=2
[003600174] ECUB RTE   TRIGGER DRE_Actuator_HeadlightCmd -> Task_LightAct
[003600202] ECUB OS    TASK_WAIT Task_LightCtl mask=0x7
[003600227] ECUB OS    TASK_START Task_LightAct prio=2
[003600248] ECUB RTE   CALL R_Odometer_GetDistance
[003600268] ECUB RTE   WRITE P_HeadlightStatus_HeadlightStatus=2
[003600295] ECUB RTE   WRITE P_OdometerDistance_Distance=117
[003600324] ECUB OS    TASK_END Task_LightAct
[003602843] ECUB OS    ISR_ENTER Isr_CanRx
[003602861] ECUB CAN   RX id=0x3f0 dlc=1 data=00
[003602881] ECUB CANIF RX pdu=2
[003602893] ECUB PDUR  RX canif=2 com=2
[003602910] ECUB COM   RX ipdu=2 len=1
[003602926] ECUB OS    ISR_EXIT Isr_CanRx
[003610043] ECUB OS    ALARM Alarm_BswMain
[003610057] ECUB OS    ISR_ENTER Isr_CanRx
[003610071] ECUB CAN   RX id=0x101 dlc=2 data=b8 05
[003610091] ECUB CANIF RX pdu=0
[003610091] ECUB PDUR  RX canif=0 com=0
[003610111] ECUB COM   RX ipdu=0 len=2
[003610143] ECUB OS    ISR_EXIT Isr_CanRx
[003610143] ECUB OS    TASK_START Task_BswMain prio=4
[003610161] ECUB COM   NOTIFY sig=0
[003610199] ECUB RTE   TRIGGER DRE_LightCtl_VehicleSpeed -> Task_LightCtl
[003610226] ECUB OS    EVENT_SET Task_LightCtl mask=0x2
[003610252] ECUB COM   TX ipdu=3 len=6
[003610267] ECUB PDUR  TX com=3 canif=0
[003610286] ECUB CAN   TX id=0x201 dlc=6 data=02 00 75 00 00 00
[003610311] ECUB CANIF TX pdu=0
[003610328] ECUB OS    TASK_END Task_BswMain
[003610349] ECUB RTE   CALL R_Odometer_UpdateSpeed
[003610371] ECUB OS    TASK_WAIT Task_LightCtl mask=0x7
[003620043] ECUB OS    ALARM Alarm_BswMain
[003620045] ECUB OS    ALARM Alarm_LightCtl20ms
[003620067] ECUB OS    EVENT_SET Task_LightCtl mask=0x1
[003620094] ECUB OS    TASK_START Task_BswMain prio=4
[003620132] ECUB OS    TASK_END Task_BswMain
[003620152] ECUB RTE   WRITE P_HeadlightCmd_HeadlightCmd=2
[003620175] ECUB RTE   TRIGGER DRE_Actuator_HeadlightCmd -> Task_LightAct
[003620203] ECUB OS    TASK_WAIT Task_LightCtl mask=0x7
[003620228] ECUB OS    TASK_START Task_LightAct prio=2
[003620249] ECUB RTE   CALL R_Odometer_GetDistance
[003620269] ECUB RTE   WRITE P_HeadlightStatus_HeadlightStatus=2
[003620296] ECUB RTE   WRITE P_OdometerDistance_Distance=118
[003620325] ECUB OS    TASK_END Task_LightAct
[003630043] ECUB OS    ALARM Alarm_BswMain
[003630058] ECUB OS    ISR_ENTER Isr_CanRx
[003630071] ECUB CAN   RX id=0x101 dlc=2 data=b8 05
[003630092] ECUB CANIF RX pdu=0
[003630112] ECUB PDUR  RX canif=0 com=0
[003630112] ECUB COM   RX ipdu=0 len=2
[003630143] ECUB OS    ISR_EXIT Isr_CanRx
[003630143] ECUB OS    TASK_START Task_BswMain prio=4
[003630161] ECUB COM   NOTIFY sig=0
[003630199] ECUB RTE   TRIGGER DRE_LightCtl_VehicleSpeed -> Task_LightCtl
[003630226] ECUB OS    EVENT_SET Task_LightCtl mask=0x2
[003630255] ECUB OS    TASK_END Task_BswMain
[003630276] ECUB RTE   CALL R_Odometer_UpdateSpeed
[003630297] ECUB OS    TASK_WAIT Task_LightCtl mask=0x7
[003640043] ECUB OS    ALARM Alarm_BswMain
[003640045] ECUB OS    ALARM Alarm_LightCtl20ms
[003640067] ECUB OS    EVENT_SET Task_LightCtl mask=0x1
[003640094] ECUB OS    TASK_START Task_BswMain prio=4
[003640131] ECUB OS    TASK_END Task_BswMain
[003640152] ECUB RTE   WRITE P_HeadlightCmd_HeadlightCmd=2
[003640174] ECUB RTE   TRIGGER DRE_Actuator_HeadlightCmd -> Task_LightAct
[003640203] ECUB OS    TASK_WAIT Task_LightCtl mask=0x7
[003640228] ECUB OS    TASK_START Task_LightAct prio=2
[003640248] ECUB RTE   CALL R_Odometer_GetDistance
[003640269] ECUB RTE   WRITE P_HeadlightStatus_HeadlightStatus=2
[003640295] ECUB RTE   WRITE P_OdometerDistance_Distance=119
[003640325] ECUB OS    TASK_END Task_LightAct
[003650043] ECUB OS    ALARM Alarm_BswMain
[003650058] ECUB OS    ISR_ENTER Isr_CanRx
[003650072] ECUB CAN   RX id=0x101 dlc=2 data=b8 05
[003650092] ECUB CANIF RX pdu=0
[003650112] ECUB PDUR  RX canif=0 com=0
[003650129] ECUB COM   RX ipdu=0 len=2
[003650143] ECUB OS    ISR_EXIT Isr_CanRx
[003650143] ECUB OS    TASK_START Task_BswMain prio=4
[003650161] ECUB COM   NOTIFY sig=0
[003650199] ECUB RTE   TRIGGER DRE_LightCtl_VehicleSpeed -> Task_LightCtl
[003650226] ECUB OS    EVENT_SET Task_LightCtl mask=0x2
[003650255] ECUB OS    TASK_END Task_BswMain
[003650276] ECUB RTE   CALL R_Odometer_UpdateSpeed
[003650298] ECUB OS    TASK_WAIT Task_LightCtl mask=0x7
[003660043] ECUB OS    ALARM Alarm_BswMain
[003660045] ECUB OS    ALARM Alarm_LightCtl20ms
[003660067] ECUB OS    EVENT_SET Task_LightCtl mask=0x1
[003660095] ECUB OS    TASK_START Task_BswMain prio=4
[003660131] ECUB OS    TASK_END Task_BswMain
[003660152] ECUB RTE   WRITE P_HeadlightCmd_HeadlightCmd=2
[003660174] ECUB RTE   TRIGGER DRE_Actuator_HeadlightCmd -> Task_LightAct
[003660203] ECUB OS    TASK_WAIT Task_LightCtl mask=0x7
[003660228] ECUB OS    TASK_START Task_LightAct prio=2
[003660248] ECUB RTE   CALL R_Odometer_GetDistance
[003660269] ECUB RTE   WRITE P_HeadlightStatus_HeadlightStatus=2
[003660295] ECUB RTE   WRITE P_OdometerDistance_Distance=119
[003660325] ECUB OS    TASK_END Task_LightAct
[003670045] ECUB OS    ALARM Alarm_BswMain
[003670062] ECUB OS    ISR_ENTER Isr_CanRx
[003670068] ECUB CAN   RX id=0x101 dlc=2 data=b8 05
[003670090] ECUB CANIF RX pdu=0
[003670112] ECUB PDUR  RX canif=0 com=0
[003670129] ECUB COM   RX ipdu=0 len=2
[003670144] ECUB OS    ISR_EXIT Isr_CanRx
[003670164] ECUB OS    TASK_START Task_BswMain prio=4
[003670186] ECUB COM   NOTIFY sig=0
[003670200] ECUB RTE   TRIGGER DRE_LightCtl_VehicleSpeed -> Task_LightCtl
[003670227] ECUB OS    EVENT_SET Task_LightCtl mask=0x2
[003670255] ECUB OS    TASK_END Task_BswMain
[003670277] ECUB RTE   CALL R_Odometer_UpdateSpeed
[003670298] ECUB OS    TASK_WAIT Task_LightCtl mask=0x7
[003680044] ECUB OS    ALARM Alarm_BswMain
[003680046] ECUB OS    ALARM Alarm_LightCtl20ms
[003680067] ECUB OS    EVENT_SET Task_LightCtl mask=0x1
[003680095] ECUB OS    TASK_START Task_BswMain prio=4
[003680132] ECUB OS    TASK_END Task_BswMain
[003680152] ECUB RTE   WRITE P_HeadlightCmd_HeadlightCmd=2
[003680175] ECUB RTE   TRIGGER DRE_Actuator_HeadlightCmd -> Task_LightAct
[003680203] ECUB OS    TASK_WAIT Task_LightCtl mask=0x7
[003680228] ECUB OS    TASK_START Task_LightAct prio=2
[003680249] ECUB RTE   CALL R_Odometer_GetDistance
[003680269] ECUB RTE   WRITE P_HeadlightStatus_HeadlightStatus=2
[003680296] ECUB RTE   WRITE P_OdometerDistance_Distance=120
[003680325] ECUB OS    TASK_END Task_LightAct
[003690044] ECUB OS    ALARM Alarm_BswMain
[003690058] ECUB OS    ISR_ENTER Isr_CanRx
[003690072] ECUB CAN   RX id=0x101 dlc=2 data=b8 05
[003690092] ECUB CANIF RX pdu=0
[003690112] ECUB PDUR  RX canif=0 com=0
[003690112] ECUB COM   RX ipdu=0 len=2
[003690144] ECUB OS    ISR_EXIT Isr_CanRx
[003690144] ECUB OS    TASK_START Task_BswMain prio=4
[003690177] ECUB COM   NOTIFY sig=0
[003690200] ECUB RTE   TRIGGER DRE_LightCtl_VehicleSpeed -> Task_LightCtl
[003690227] ECUB OS    EVENT_SET Task_LightCtl mask=0x2
[003690255] ECUB OS    TASK_END Task_BswMain
[003690277] ECUB RTE   CALL R_Odometer_UpdateSpeed
[003690298] ECUB OS    TASK_WAIT Task_LightCtl mask=0x7
[003699944] ECUB OS    ISR_ENTER Isr_CanRx
[003699945] ECUB CAN   RX id=0x301 dlc=1 data=14
[003699978] ECUB CANIF RX pdu=1
[003699982] ECUB PDUR  RX canif=1 com=1
[003700006] ECUB COM   RX ipdu=1 len=1
[003700026] ECUB OS    ISR_EXIT Isr_CanRx
[003700044] ECUB OS    ALARM Alarm_BswMain
[003700046] ECUB OS    ALARM Alarm_LightCtl20ms
[003700068] ECUB OS    EVENT_SET Task_LightCtl mask=0x1
[003700089] ECUB OS    TASK_START Task_BswMain prio=4
[003700116] ECUB OS    TASK_END Task_BswMain
[003700151] ECUB RTE   WRITE P_HeadlightCmd_HeadlightCmd=2
[003700174] ECUB RTE   TRIGGER DRE_Actuator_HeadlightCmd -> Task_LightAct
[003700202] ECUB OS    TASK_WAIT Task_LightCtl mask=0x7
[003700227] ECUB OS    TASK_START Task_LightAct prio=2
[003700248] ECUB RTE   CALL R_Odometer_GetDistance
[003700268] ECUB RTE   WRITE P_HeadlightStatus_HeadlightStatus=2
[003700295] ECUB RTE   WRITE P_OdometerDistance_Distance=121
[003700324] ECUB OS    TASK_END Task_LightAct
[003702844] ECUB OS    ISR_ENTER Isr_CanRx
[003702862] ECUB CAN   RX id=0x3f0 dlc=1 data=00
[003702882] ECUB CANIF RX pdu=2
[003702894] ECUB PDUR  RX canif=2 com=2
[003702911] ECUB COM   RX ipdu=2 len=1
[003702928] ECUB OS    ISR_EXIT Isr_CanRx
[003710044] ECUB OS    ALARM Alarm_BswMain
[003710044] ECUB OS    ISR_ENTER Isr_CanRx
[003710072] ECUB CAN   RX id=0x101 dlc=2 data=b8 05
[003710093] ECUB CANIF RX pdu=0
[003710093] ECUB PDUR  RX canif=0 com=0
[003710113] ECUB COM   RX ipdu=0 len=2
[003710144] ECUB OS    ISR_EXIT Isr_CanRx
[003710144] ECUB OS    TASK_START Task_BswMain prio=4
[003710162] ECUB COM   NOTIFY sig=0
[003710200] ECUB RTE   TRIGGER DRE_LightCtl_VehicleSpeed -> Task_LightCtl
[003710227] ECUB OS    EVENT_SET Task_LightCtl mask=0x2
[003710253] ECUB COM   TX ipdu=3 len=6
[003710268] ECUB PDUR  TX com=3 canif=0
[003710287] ECUB CAN   TX id=0x201 dlc=6 data=02 00 79 00 00 00
[003710313] ECUB CANIF TX pdu=0
[003710329] ECUB OS    TASK_END Task_BswMain
[003710351] ECUB RTE   CALL R_Odometer_UpdateSpeed
[003710372] ECUB OS    TASK_WAIT Task_LightCtl mask=0x7
[003720044] ECUB OS    ALARM Alarm_BswMain
[003720046] ECUB OS    ALARM Alarm_LightCtl20ms
[003720068] ECUB OS    EVENT_SET Task_LightCtl mask=0x1
[003720095] ECUB OS    TASK_START Task_BswMain prio=4
[003720133] ECUB OS    TASK_END Task_BswMain
[003720154] ECUB RTE   WRITE P_HeadlightCmd_HeadlightCmd=2
[003720176] ECUB RTE   TRIGGER DRE_Actuator_HeadlightCmd -> Task_LightAct
[003720205] ECUB OS    TASK_WAIT Task_LightCtl mask=0x7
[003720229] ECUB OS    TASK_START Task_LightAct prio=2
[003720250] ECUB RTE   CALL R_Odometer_GetDistance
[003720270] ECUB RTE   WRITE P_HeadlightStatus_HeadlightStatus=2
[003720297] ECUB RTE   WRITE P_OdometerDistance_Distance=122
[003720326] ECUB OS    TASK_END Task_LightAct
[003730044] ECUB OS    ALARM Alarm_BswMain
[003730048] ECUB OS    ISR_ENTER Isr_CanRx
[003730068] ECUB CAN   RX id=0x101 dlc=2 data=b8 05
[003730090] ECUB CANIF RX pdu=0
[003730090] ECUB PDUR  RX canif=0 com=0
[003730117] ECUB COM   RX ipdu=0 len=2
[003730146] ECUB OS    ISR_EXIT Isr_CanRx
[003730165] ECUB OS    TASK_START Task_BswMain prio=4
[003730187] ECUB COM   NOTIFY sig=0
[003730200] ECUB RTE   TRIGGER DRE_LightCtl_VehicleSpeed -> Task_LightCtl
[003730227] ECUB OS    EVENT_SET Task_LightCtl mask=0x2
[003730256] ECUB OS    TASK_END Task_BswMain
[003730277] ECUB RTE   CALL R_Odometer_UpdateSpeed
[003730299] ECUB OS    TASK_WAIT Task_LightCtl mask=0x7
[003740046] ECUB OS    ALARM Alarm_BswMain
[003740062] ECUB OS    ALARM Alarm_LightCtl20ms
[003740079] ECUB OS    EVENT_SET Task_LightCtl mask=0x1
[003740104] ECUB OS    TASK_START Task_BswMain prio=4
[003740132] ECUB OS    TASK_END Task_BswMain
[003740153] ECUB RTE   WRITE P_HeadlightCmd_HeadlightCmd=2
[003740175] ECUB RTE   TRIGGER DRE_Actuator_HeadlightCmd -> Task_LightAct
[003740204] ECUB OS    TASK_WAIT Task_LightCtl mask=0x7
[003740229] ECUB OS    TASK_START Task_LightAct prio=2
[003740249] ECUB RTE   CALL R_Odometer_GetDistance
[003740270] ECUB RTE   WRITE P_HeadlightStatus_HeadlightStatus=2
[003740296] ECUB RTE   WRITE P_OdometerDistance_Distance=123
[003740326] ECUB OS    TASK_END Task_LightAct
[003750045] ECUB OS    ALARM Alarm_BswMain
[003750059] ECUB OS    ISR_ENTER Isr_CanRx
[003750073] ECUB CAN   RX id=0x101 dlc=2 data=b8 05
[003750093] ECUB CANIF RX pdu=0
[003750093] ECUB PDUR  RX canif=0 com=0
[003750113] ECUB COM   RX ipdu=0 len=2
[003750145] ECUB OS    ISR_EXIT Isr_CanRx
[003750145] ECUB OS    TASK_START Task_BswMain prio=4
[003750162] ECUB COM   NOTIFY sig=0
[003750201] ECUB RTE   TRIGGER DRE_LightCtl_VehicleSpeed -> Task_LightCtl
[003750228] ECUB OS    EVENT_SET Task_LightCtl mask=0x2
[003750256] ECUB OS    TASK_END Task_BswMain
[003750278] ECUB RTE   CALL R_Odometer_UpdateSpeed
[003750299] ECUB OS    TASK_WAIT Task_LightCtl mask=0x7
[003760045] ECUB OS    ALARM Alarm_BswMain
[003760047] ECUB OS    ALARM Alarm_LightCtl20ms
[003760068] ECUB OS    EVENT_SET Task_LightCtl mask=0x1
[003760096] ECUB OS    TASK_START Task_BswMain prio=4
[003760133] ECUB OS    TASK_END Task_BswMain
[003760153] ECUB RTE   WRITE P_HeadlightCmd_HeadlightCmd=2
[003760176] ECUB RTE   TRIGGER DRE_Actuator_HeadlightCmd -> Task_LightAct
[003760204] ECUB OS    TASK_WAIT Task_LightCtl mask=0x7
[003760229] ECUB OS    TASK_START Task_LightAct prio=2
[003760250] ECUB RTE   CALL R_Odometer_GetDistance
[003760270] ECUB RTE   WRITE P_HeadlightStatus_HeadlightStatus=2
[003760297] ECUB RTE   WRITE P_OdometerDistance_Distance=123
[003760326] ECUB OS    TASK_END Task_LightAct
[003770045] ECUB OS    ALARM Alarm_BswMain
[003770045] ECUB OS    ISR_ENTER Isr_CanRx
[003770073] ECUB CAN   RX id=0x101 dlc=2 data=b8 05
[003770093] ECUB CANIF RX pdu=0
[003770093] ECUB PDUR  RX canif=0 com=0
[003770113] ECUB COM   RX ipdu=0 len=2
[003770145] ECUB OS    ISR_EXIT Isr_CanRx
[003770145] ECUB OS    TASK_START Task_BswMain prio=4
[003770162] ECUB COM   NOTIFY sig=0
[003770201] ECUB RTE   TRIGGER DRE_LightCtl_VehicleSpeed -> Task_LightCtl
[003770228] ECUB OS    EVENT_SET Task_LightCtl mask=0x2
[003770256] ECUB OS    TASK_END Task_BswMain
[003770278] ECUB RTE   CALL R_Odometer_UpdateSpeed
[003770299] ECUB OS    TASK_WAIT Task_LightCtl mask=0x7
[003780045] ECUB OS    ALARM Alarm_BswMain
[003780047] ECUB OS    ALARM Alarm_LightCtl20ms
[003780069] ECUB OS    EVENT_SET Task_LightCtl mask=0x1
[003780096] ECUB OS    TASK_START Task_BswMain prio=4
[003780133] ECUB OS    TASK_END Task_BswMain
[003780154] ECUB RTE   WRITE P_HeadlightCmd_HeadlightCmd=2
[003780176] ECUB RTE   TRIGGER DRE_Actuator_HeadlightCmd -> Task_LightAct
[003780205] ECUB OS    TASK_WAIT Task_LightCtl mask=0x7
[003780229] ECUB OS    TASK_START Task_LightAct prio=2
[003780250] ECUB RTE   CALL R_Odometer_GetDistance
[003780270] ECUB RTE   WRITE P_HeadlightStatus_HeadlightStatus=2
[003780297] ECUB RTE   WRITE P_OdometerDistance_Distance=124
[003780326] ECUB OS    TASK_END Task_LightAct
[003790045] ECUB OS    ALARM Alarm_BswMain
[003790045] ECUB OS    ISR_ENTER Isr_CanRx
[003790073] ECUB CAN   RX id=0x101 dlc=2 data=b8 05
[003790094] ECUB CANIF RX pdu=0
[003790094] ECUB PDUR  RX canif=0 com=0
[003790114] ECUB COM   RX ipdu=0 len=2
[003790145] ECUB OS    ISR_EXIT Isr_CanRx
[003790145] ECUB OS    TASK_START Task_BswMain prio=4
[003790163] ECUB COM   NOTIFY sig=0
[003790201] ECUB RTE   TRIGGER DRE_LightCtl_VehicleSpeed -> Task_LightCtl
[003790228] ECUB OS    EVENT_SET Task_LightCtl mask=0x2
[003790257] ECUB OS    TASK_END Task_BswMain
[003790278] ECUB RTE   CALL R_Odometer_UpdateSpeed
[003790299] ECUB OS    TASK_WAIT Task_LightCtl mask=0x7
[003799845] ECUB OS    ISR_ENTER Isr_CanRx
[003799863] ECUB CAN   RX id=0x301 dlc=1 data=14
[003799883] ECUB CANIF RX pdu=1
[003799895] ECUB PDUR  RX canif=1 com=1
[003799912] ECUB COM   RX ipdu=1 len=1
[003799929] ECUB OS    ISR_EXIT Isr_CanRx
[003800047] ECUB OS    ALARM Alarm_BswMain
[003800047] ECUB OS    ALARM Alarm_LightCtl20ms
[003800069] ECUB OS    EVENT_SET Task_LightCtl mask=0x1
[003800090] ECUB OS    TASK_START Task_BswMain prio=4
[003800118] ECUB OS    TASK_END Task_BswMain
[003800154] ECUB RTE   WRITE P_HeadlightCmd_HeadlightCmd=2
[003800176] ECUB RTE   TRIGGER DRE_Actuator_HeadlightCmd -> Task_LightAct
[003800205] ECUB OS    TASK_WAIT Task_LightCtl mask=0x7
[003800229] ECUB OS    TASK_START Task_LightAct prio=2
[003800250] ECUB RTE   CALL R_Odometer_GetDistance
[003800271] ECUB RTE   WRITE P_HeadlightStatus_HeadlightStatus=2
[003800297] ECUB RTE   WRITE P_OdometerDistance_Distance=125
[003800327] ECUB OS    TASK_END Task_LightAct
[003802846] ECUB OS    ISR_ENTER Isr_CanRx
[003802863] ECUB CAN   RX id=0x3f0 dlc=1 data=00
[003802883] ECUB CANIF RX pdu=2
[003802896] ECUB PDUR  RX canif=2 com=2
[003802912] ECUB COM   RX ipdu=2 len=1
[003802929] ECUB OS    ISR_EXIT Isr_CanRx
[003810045] ECUB OS    ALARM Alarm_BswMain
[003810045] ECUB OS    ISR_ENTER Isr_CanRx
[003810074] ECUB CAN   RX id=0x101 dlc=2 data=b8 05
[003810094] ECUB CANIF RX pdu=0
[003810094] ECUB PDUR  RX canif=0 com=0
[003810114] ECUB COM   RX ipdu=0 len=2
[003810145] ECUB OS    ISR_EXIT Isr_CanRx
[003810145] ECUB OS    TASK_START Task_BswMain prio=4
[003810163] ECUB COM   NOTIFY sig=0
[003810201] ECUB RTE   TRIGGER DRE_LightCtl_VehicleSpeed -> Task_LightCtl
[003810228] ECUB OS    EVENT_SET Task_LightCtl mask=0x2
[003810254] ECUB COM   TX ipdu=3 len=6
[003810269] ECUB PDUR  TX com=3 canif=0
[003810288] ECUB CAN   TX id=0x201 dlc=6 data=02 00 7d 00 00 00
[003810314] ECUB CANIF TX pdu=0
[003810330] ECUB OS    TASK_END Task_BswMain
[003810352] ECUB RTE   CALL R_Odometer_UpdateSpeed
[003810373] ECUB OS    TASK_WAIT Task_LightCtl mask=0x7
[003820045] ECUB OS    ALARM Alarm_BswMain
[003820047] ECUB OS    ALARM Alarm_LightCtl20ms
[003820069] ECUB OS    EVENT_SET Task_LightCtl mask=0x1
[003820097] ECUB OS    TASK_START Task_BswMain prio=4
[003820134] ECUB OS    TASK_END Task_BswMain
[003820155] ECUB RTE   WRITE P_HeadlightCmd_HeadlightCmd=2
[003820177] ECUB RTE   TRIGGER DRE_Actuator_HeadlightCmd -> Task_LightAct
[003820206] ECUB OS    TASK_WAIT Task_LightCtl mask=0x7
[003820230] ECUB OS    TASK_START Task_LightAct prio=2
[003820251] ECUB RTE   CALL R_Odometer_GetDistance
[003820272] ECUB RTE   WRITE P_HeadlightStatus_HeadlightStatus=2
[003820298] ECUB RTE   WRITE P_OdometerDistance_Distance=126
[003820328] ECUB OS    TASK_END Task_LightAct
[003830045] ECUB OS    ALARM Alarm_BswMain
[003830060] ECUB OS    ISR_ENTER Isr_CanRx
[003830074] ECUB CAN   RX id=0x101 dlc=2 data=b8 05
[003830094] ECUB CANIF RX pdu=0
[003830114] ECUB PDUR  RX canif=0 com=0
[003830114] ECUB COM   RX ipdu=0 len=2
[003830145] ECUB OS    ISR_EXIT Isr_CanRx
[003830145] ECUB OS    TASK_START Task_BswMain prio=4
[003830163] ECUB COM   NOTIFY sig=0
[003830202] ECUB RTE   TRIGGER DRE_LightCtl_VehicleSpeed -> Task_LightCtl
[003830229] ECUB OS    EVENT_SET Task_LightCtl mask=0x2
[003830257] ECUB OS    TASK_END Task_BswMain
[003830279] ECUB RTE   CALL R_Odometer_UpdateSpeed
[003830300] ECUB OS    TASK_WAIT Task_LightCtl mask=0x7
[003840047] ECUB OS    ALARM Alarm_BswMain
[003840048] ECUB OS    ALARM Alarm_LightCtl20ms
[003840069] ECUB OS    EVENT_SET Task_LightCtl mask=0x1
[003840097] ECUB OS    TASK_START Task_BswMain prio=4
[003840134] ECUB OS    TASK_END Task_BswMain
[003840154] ECUB RTE   WRITE P_HeadlightCmd_HeadlightCmd=2
[003840177] ECUB RTE   TRIGGER DRE_Actuator_HeadlightCmd -> Task_LightAct
[003840205] ECUB OS    TASK_WAIT Task_LightCtl mask=0x7
[003840230] ECUB OS    TASK_START Task_LightAct prio=2
[003840251] ECUB RTE   CALL R_Odometer_GetDistance
[003840271] ECUB RTE   WRITE P_HeadlightStatus_HeadlightStatus=2
[003840298] ECUB RTE   WRITE P_OdometerDistance_Distance=127
[003840327] ECUB OS    TASK_END Task_LightAct
[003850046] ECUB OS    ALARM Alarm_BswMain
[003850060] ECUB OS    ISR_ENTER Isr_CanRx
[003850074] ECUB CAN   RX id=0x101 dlc=2 data=b8 05
[003850094] ECUB CANIF RX pdu=0
[003850114] ECUB PDUR  RX canif=0 com=0
[003850114] ECUB COM   RX ipdu=0 len=2
[003850146] ECUB OS    ISR_EXIT Isr_CanRx
[003850146] ECUB OS    TASK_START Task_BswMain prio=4
[003850163] ECUB COM   NOTIFY sig=0
[003850202] ECUB RTE   TRIGGER DRE_LightCtl_VehicleSpeed -> Task_LightCtl
[003850229] ECUB OS    EVENT_SET Task_LightCtl mask=0x2
[003850257] ECUB OS    TASK_END Task_BswMain
[003850279] ECUB RTE   CALL R_Odometer_UpdateSpeed
[003850300] ECUB OS    TASK_WAIT Task_LightCtl mask=0x7
[003860047] ECUB OS    ALARM Alarm_BswMain
[003860048] ECUB OS    ALARM Alarm_LightCtl20ms
[003860070] ECUB OS    EVENT_SET Task_LightCtl mask=0x1
[003860097] ECUB OS    TASK_START Task_BswMain prio=4
[003860134] ECUB OS    TASK_END Task_BswMain
[003860155] ECUB RTE   WRITE P_HeadlightCmd_HeadlightCmd=2
[003860177] ECUB RTE   TRIGGER DRE_Actuator_HeadlightCmd -> Task_LightAct
[003860205] ECUB OS    TASK_WAIT Task_LightCtl mask=0x7
[003860230] ECUB OS    TASK_START Task_LightAct prio=2
[003860251] ECUB RTE   CALL R_Odometer_GetDistance
[003860271] ECUB RTE   WRITE P_HeadlightStatus_HeadlightStatus=2
[003860298] ECUB RTE   WRITE P_OdometerDistance_Distance=128
[003860327] ECUB OS    TASK_END Task_LightAct
[003870046] ECUB OS    ALARM Alarm_BswMain
[003870060] ECUB OS    ISR_ENTER Isr_CanRx
[003870074] ECUB CAN   RX id=0x101 dlc=2 data=b8 05
[003870095] ECUB CANIF RX pdu=0
[003870095] ECUB PDUR  RX canif=0 com=0
[003870115] ECUB COM   RX ipdu=0 len=2
[003870146] ECUB OS    ISR_EXIT Isr_CanRx
[003870146] ECUB OS    TASK_START Task_BswMain prio=4
[003870164] ECUB COM   NOTIFY sig=0
[003870202] ECUB RTE   TRIGGER DRE_LightCtl_VehicleSpeed -> Task_LightCtl
[003870229] ECUB OS    EVENT_SET Task_LightCtl mask=0x2
[003870258] ECUB OS    TASK_END Task_BswMain
[003870279] ECUB RTE   CALL R_Odometer_UpdateSpeed
[003870300] ECUB OS    TASK_WAIT Task_LightCtl mask=0x7
[003880047] ECUB OS    ALARM Alarm_BswMain
[003880048] ECUB OS    ALARM Alarm_LightCtl20ms
[003880070] ECUB OS    EVENT_SET Task_LightCtl mask=0x1
[003880097] ECUB OS    TASK_START Task_BswMain prio=4
[003880134] ECUB OS    TASK_END Task_BswMain
[003880155] ECUB RTE   WRITE P_HeadlightCmd_HeadlightCmd=2
[003880177] ECUB RTE   TRIGGER DRE_Actuator_HeadlightCmd -> Task_LightAct
[003880206] ECUB OS    TASK_WAIT Task_LightCtl mask=0x7
[003880230] ECUB OS    TASK_START Task_LightAct prio=2
[003880251] ECUB RTE   CALL R_Odometer_GetDistance
[003880272] ECUB RTE   WRITE P_HeadlightStatus_HeadlightStatus=2
[003880298] ECUB RTE   WRITE P_OdometerDistance_Distance=128
[003880328] ECUB OS    TASK_END Task_LightAct
[003890046] ECUB OS    ALARM Alarm_BswMain
[003890061] ECUB OS    ISR_ENTER Isr_CanRx
[003890075] ECUB CAN   RX id=0x101 dlc=2 data=b8 05
[003890095] ECUB CANIF RX pdu=0
[003890115] ECUB PDUR  RX canif=0 com=0
[003890115] ECUB COM   RX ipdu=0 len=2
[003890146] ECUB OS    ISR_EXIT Isr_CanRx
[003890146] ECUB OS    TASK_START Task_BswMain prio=4
[003890189] ECUB COM   NOTIFY sig=0
[003890202] ECUB RTE   TRIGGER DRE_LightCtl_VehicleSpeed -> Task_LightCtl
[003890229] ECUB OS    EVENT_SET Task_LightCtl mask=0x2
[003890258] ECUB OS    TASK_END Task_BswMain
[003890279] ECUB RTE   CALL R_Odometer_UpdateSpeed
[003890301] ECUB OS    TASK_WAIT Task_LightCtl mask=0x7
[003899947] ECUB OS    ISR_ENTER Isr_CanRx
[003899964] ECUB CAN   RX id=0x301 dlc=1 data=14
[003899984] ECUB CANIF RX pdu=1
[003899984] ECUB PDUR  RX canif=1 com=1
[003900008] ECUB COM   RX ipdu=1 len=1
[003900028] ECUB OS    ISR_EXIT Isr_CanRx
[003900046] ECUB OS    ALARM Alarm_BswMain
[003900048] ECUB OS    ALARM Alarm_LightCtl20ms
[003900070] ECUB OS    EVENT_SET Task_LightCtl mask=0x1
[003900091] ECUB OS    TASK_START Task_BswMain prio=4
[003900119] ECUB OS    TASK_END Task_BswMain
[003900154] ECUB RTE   WRITE P_HeadlightCmd_HeadlightCmd=2
[003900176] ECUB RTE   TRIGGER DRE_Actuator_HeadlightCmd -> Task_LightAct
[003900205] ECUB OS    TASK_WAIT Task_LightCtl mask=0x7
[003900229] ECUB OS    TASK_START Task_LightAct prio=2
[003900250] ECUB RTE   CALL R_Odometer_GetDistance
[003900270] ECUB RTE   WRITE P_HeadlightStatus_HeadlightStatus=2
[003900297] ECUB RTE   WRITE P_OdometerDistance_Distance=129
[003900327] ECUB OS    TASK_END Task_LightAct
[003902847] ECUB OS    ISR_ENTER Isr_CanRx
[003902864] ECUB CAN   RX id=0x3f0 dlc=1 data=00
[003902885] ECUB CANIF RX pdu=2
[003902897] ECUB PDUR  RX canif=2 com=2
[003902913] ECUB COM   RX ipdu=2 len=1
[003902930] ECUB OS    ISR_EXIT Isr_CanRx
[003910046] ECUB OS    ALARM Alarm_BswMain
[003910061] ECUB OS    ISR_ENTER Isr_CanRx
[003910075] ECUB CAN   RX id=0x101 dlc=2 data=b8 05
[003910095] ECUB CANIF RX pdu=0
[003910115] ECUB PDUR  RX canif=0 com=0
[003910115] ECUB COM   RX ipdu=0 len=2
[003910146] ECUB OS    ISR_EXIT Isr_CanRx
[003910146] ECUB OS    TASK_START Task_BswMain prio=4
[003910164] ECUB COM   NOTIFY sig=0
[003910203] ECUB RTE   TRIGGER DRE_LightCtl_VehicleSpeed -> Task_LightCtl
[003910230] ECUB OS    EVENT_SET Task_LightCtl mask=0x2
[003910255] ECUB COM   TX ipdu=3 len=6
[003910271] ECUB PDUR  TX com=3 canif=0
[003910289] ECUB CAN   TX id=0x201 dlc=6 data=02 00 81 00 00 00
[003910315] ECUB CANIF TX pdu=0
[003910331] ECUB OS    TASK_END Task_BswMain
[003910353] ECUB RTE   CALL R_Odometer_UpdateSpeed
[003910374] ECUB OS    TASK_WAIT Task_LightCtl mask=0x7
[003920047] ECUB OS    ALARM Alarm_BswMain
[003920049] ECUB OS    ALARM Alarm_LightCtl20ms
[003920070] ECUB OS    EVENT_SET Task_LightCtl mask=0x1
[003920098] ECUB OS    TASK_START Task_BswMain prio=4
[003920135] ECUB OS    TASK_END Task_BswMain
[003920156] ECUB RTE   WRITE P_HeadlightCmd_HeadlightCmd=2
[003920178] ECUB RTE   TRIGGER DRE_Actuator_HeadlightCmd -> Task_LightAct
[003920207] ECUB OS    TASK_WAIT Task_LightCtl mask=0x7
[003920232] ECUB OS    TASK_START Task_LightAct prio=2
[003920252] ECUB RTE   CALL R_Odometer_GetDistance
[003920273] ECUB RTE   WRITE P_HeadlightStatus_HeadlightStatus=2
[003920299] ECUB RTE   WRITE P_OdometerDistance_Distance=130
[003920329] ECUB OS    TASK_END Task_LightAct
[003930047] ECUB OS    ALARM Alarm_BswMain
[003930061] ECUB OS    ISR_ENTER Isr_CanRx
[003930075] ECUB CAN   RX id=0x101 dlc=2 data=b8 05
[003930095] ECUB CANIF RX pdu=0
[003930095] ECUB PDUR  RX canif=0 com=0
[003930115] ECUB COM   RX ipdu=0 len=2
[003930147] ECUB OS    ISR_EXIT Isr_CanRx
[003930147] ECUB OS    TASK_START Task_BswMain prio=4
[003930164] ECUB COM   NOTIFY sig=0
[003930203] ECUB RTE   TRIGGER DRE_LightCtl_VehicleSpeed -> Task_LightCtl
[003930230] ECUB OS    EVENT_SET Task_LightCtl mask=0x2
[003930258] ECUB OS    TASK_END Task_BswMain
[003930280] ECUB RTE   CALL R_Odometer_UpdateSpeed
[003930301] ECUB OS    TASK_WAIT Task_LightCtl mask=0x7
[003940047] ECUB OS    ALARM Alarm_BswMain
[003940049] ECUB OS    ALARM Alarm_LightCtl20ms
[003940071] ECUB OS    EVENT_SET Task_LightCtl mask=0x1
[003940098] ECUB OS    TASK_START Task_BswMain prio=4
[003940135] ECUB OS    TASK_END Task_BswMain
[003940156] ECUB RTE   WRITE P_HeadlightCmd_HeadlightCmd=2
[003940178] ECUB RTE   TRIGGER DRE_Actuator_HeadlightCmd -> Task_LightAct
[003940206] ECUB OS    TASK_WAIT Task_LightCtl mask=0x7
[003940231] ECUB OS    TASK_START Task_LightAct prio=2
[003940252] ECUB RTE   CALL R_Odometer_GetDistance
[003940272] ECUB RTE   WRITE P_HeadlightStatus_HeadlightStatus=2
[003940299] ECUB RTE   WRITE P_OdometerDistance_Distance=131
[003940328] ECUB OS    TASK_END Task_LightAct
[003950047] ECUB OS    ALARM Alarm_BswMain
[003950061] ECUB OS    ISR_ENTER Isr_CanRx
[003950075] ECUB CAN   RX id=0x101 dlc=2 data=b8 05
[003950096] ECUB CANIF RX pdu=0
[003950115] ECUB PDUR  RX canif=0 com=0
[003950115] ECUB COM   RX ipdu=0 len=2
[003950147] ECUB OS    ISR_EXIT Isr_CanRx
[003950147] ECUB OS    TASK_START Task_BswMain prio=4
[003950165] ECUB COM   NOTIFY sig=0
[003950203] ECUB RTE   TRIGGER DRE_LightCtl_VehicleSpeed -> Task_LightCtl
[003950230] ECUB OS    EVENT_SET Task_LightCtl mask=0x2
[003950258] ECUB OS    TASK_END Task_BswMain
[003950280] ECUB RTE   CALL R_Odometer_UpdateSpeed
[003950301] ECUB OS    TASK_WAIT Task_LightCtl mask=0x7
[003960047] ECUB OS    ALARM Alarm_BswMain
[003960049] ECUB OS    ALARM Alarm_LightCtl20ms
[003960071] ECUB OS    EVENT_SET Task_LightCtl mask=0x1
[003960098] ECUB OS    TASK_START Task_BswMain prio=4
[003960135] ECUB OS    TASK_END Task_BswMain
[003960156] ECUB RTE   WRITE P_HeadlightCmd_HeadlightCmd=2
[003960178] ECUB RTE   TRIGGER DRE_Actuator_HeadlightCmd -> Task_LightAct
[003960207] ECUB OS    TASK_WAIT Task_LightCtl mask=0x7
[003960231] ECUB OS    TASK_START Task_LightAct prio=2
[003960252] ECUB RTE   CALL R_Odometer_GetDistance
[003960273] ECUB RTE   WRITE P_HeadlightStatus_HeadlightStatus=2
[003960299] ECUB RTE   WRITE P_OdometerDistance_Distance=132
[003960329] ECUB OS    TASK_END Task_LightAct
[003970047] ECUB OS    ALARM Alarm_BswMain
[003970062] ECUB OS    ISR_ENTER Isr_CanRx
[003970075] ECUB CAN   RX id=0x101 dlc=2 data=b8 05
[003970096] ECUB CANIF RX pdu=0
[003970096] ECUB PDUR  RX canif=0 com=0
[003970116] ECUB COM   RX ipdu=0 len=2
[003970147] ECUB OS    ISR_EXIT Isr_CanRx
[003970147] ECUB OS    TASK_START Task_BswMain prio=4
[003970165] ECUB COM   NOTIFY sig=0
[003970203] ECUB RTE   TRIGGER DRE_LightCtl_VehicleSpeed -> Task_LightCtl
[003970230] ECUB OS    EVENT_SET Task_LightCtl mask=0x2
[003970259] ECUB OS    TASK_END Task_BswMain
[003970280] ECUB RTE   CALL R_Odometer_UpdateSpeed
[003970302] ECUB OS    TASK_WAIT Task_LightCtl mask=0x7
[003980047] ECUB OS    ALARM Alarm_BswMain
[003980049] ECUB OS    ALARM Alarm_LightCtl20ms
[003980071] ECUB OS    EVENT_SET Task_LightCtl mask=0x1
[003980098] ECUB OS    TASK_START Task_BswMain prio=4
[003980135] ECUB OS    TASK_END Task_BswMain
[003980156] ECUB RTE   WRITE P_HeadlightCmd_HeadlightCmd=2
[003980178] ECUB RTE   TRIGGER DRE_Actuator_HeadlightCmd -> Task_LightAct
[003980207] ECUB OS    TASK_WAIT Task_LightCtl mask=0x7
[003980232] ECUB OS    TASK_START Task_LightAct prio=2
[003980252] ECUB RTE   CALL R_Odometer_GetDistance
[003980273] ECUB RTE   WRITE P_HeadlightStatus_HeadlightStatus=2
[003980299] ECUB RTE   WRITE P_OdometerDistance_Distance=132
[003980329] ECUB OS    TASK_END Task_LightAct
[003990047] ECUB OS    ALARM Alarm_BswMain
[003990062] ECUB OS    ISR_ENTER Isr_CanRx
[003990076] ECUB CAN   RX id=0x101 dlc=2 data=b8 05
[003990096] ECUB CANIF RX pdu=0
[003990096] ECUB PDUR  RX canif=0 com=0
[003990116] ECUB COM   RX ipdu=0 len=2
[003990147] ECUB OS    ISR_EXIT Isr_CanRx
[003990147] ECUB OS    TASK_START Task_BswMain prio=4
[003990165] ECUB COM   NOTIFY sig=0
[003990204] ECUB RTE   TRIGGER DRE_LightCtl_VehicleSpeed -> Task_LightCtl
[003990231] ECUB OS    EVENT_SET Task_LightCtl mask=0x2
[003990259] ECUB OS    TASK_END Task_BswMain
[003990281] ECUB RTE   CALL R_Odometer_UpdateSpeed
[003990301] ECUB SWC   Odometer dist_m=133
[003990318] ECUB OS    TASK_WAIT Task_LightCtl mask=0x7
