[000000000] ECUA BSW   ECUM STATE STARTUP
[000000000] ECUA BSW   ECUM INIT_ZERO
[000000000] ECUA BSW   MCU clock=80000000
[000000000] ECUA BSW   ECUM INIT_ONE
[000000000] ECUA OS    STARTOS mode=0
[000000100] ECUA OS    TASK_START Task_Init prio=10
[000000115] ECUA BSW   ECUM STARTUP_TWO
[000000120] ECUA BSW   SCHM START
[000000120] ECUA BSW   SCHM INIT
[000000138] ECUA BSW   SCHM TIMING
[000000152] ECUA BSW   BSWM RULE R_Startup TRUE
[000000175] ECUA BSW   BSWM ACTION EcuM_AL_DriverInitTwo rc=0
[000000205] ECUA BSW   BSWM ACTION Can_Init rc=0
[000000226] ECUA BSW   BSWM ACTION CanIf_Init rc=0
[000000245] ECUA BSW   BSWM ACTION PduR_Init rc=0
[000000265] ECUA BSW   BSWM ACTION Com_Init rc=0
[000000284] ECUA RTE   START
[000000294] ECUA BSW   BSWM ACTION Rte_Start rc=0
[000000300] ECUA BSW   BSWM ACTION EcuM_RequestRUN rc=0
[000000318] ECUA BSW   BSWM RULE R_Run FALSE
[000000328] ECUA BSW   ECUM STATE RUN
[000000346] ECUA BSW   BSWM RULE R_Startup FALSE
[000000366] ECUA BSW   BSWM RULE R_Run TRUE
[000000383] ECUA CANIF MODE ctrl=0 mode=1
[000000400] ECUA BSW   BSWM ACTION CanIf_Start rc=0
[000000430] ECUA COM   GROUP_START 0
[000000431] ECUA BSW   BSWM ACTION Com_IpduGroupStart rc=0
[000000446] ECUA RTE   MODE EcuMode=RUN
[000000483] ECUA BSW   BSWM ACTION Rte_SwitchRun rc=0
[000000500] ECUA OS    TASK_END Task_Init
[000010001] ECUA OS    ALARM Alarm_BswMain
[000010017] ECUA OS    ALARM Alarm_Swc10ms
[000010037] ECUA OS    TASK_START Task_BswMain prio=3
[000010059] ECUA COM   TX ipdu=0 len=2
[000010074] ECUA PDUR  TX com=0 canif=0
[000010092] ECUA CAN   TX id=0x101 dlc=2 data=00 00
[000010101] ECUA CANIF TX pdu=0
[000010118] ECUA OS    TASK_END Task_BswMain
[000010134] ECUA OS    TASK_START Task_Swc10ms prio=2
[000010166] ECUA RTE   CALL R_WheelSpeed_GetWheelSpeed
[000010187] ECUA BSW   IOHWAB ADC raw=0
[000010200] ECUA RTE   WRITE P_VehicleSpeed_VehicleSpeed=0
[000010219] ECUA OS    TASK_END Task_Swc10ms
[000020001] ECUA OS    ALARM Alarm_BswMain
[000020017] ECUA OS    ALARM Alarm_Swc10ms
[000020037] ECUA OS    TASK_START Task_BswMain prio=3
[000020061] ECUA OS    TASK_END Task_BswMain
[000020081] ECUA OS    TASK_START Task_Swc10ms prio=2
[000020100] ECUA RTE   CALL R_WheelSpeed_GetWheelSpeed
[000020117] ECUA RTE   WRITE P_VehicleSpeed_VehicleSpeed=0
[000020134] ECUA OS    TASK_END Task_Swc10ms
[000030001] ECUA OS    ALARM Alarm_BswMain
[000030018] ECUA OS    ALARM Alarm_Swc10ms
[000030037] ECUA OS    TASK_START Task_BswMain prio=3
[000030059] ECUA COM   TX ipdu=0 len=2
[000030075] ECUA PDUR  TX com=0 canif=0
[000030092] ECUA CAN   TX id=0x101 dlc=2 data=00 00
[000030113] ECUA CANIF TX pdu=0
[000030118] ECUA OS    TASK_END Task_BswMain
[000030135] ECUA OS    TASK_START Task_Swc10ms prio=2
[000030156] ECUA RTE   CALL R_WheelSpeed_GetWheelSpeed
[000030184] ECUA RTE   WRITE P_VehicleSpeed_VehicleSpeed=0
[000030214] ECUA OS    TASK_END Task_Swc10ms
[000040001] ECUA OS    ALARM Alarm_BswMain
[000040018] ECUA OS    ALARM Alarm_Swc10ms
[000040037] ECUA OS    TASK_START Task_BswMain prio=3
[000040061] ECUA OS    TASK_END Task_BswMain
[000040081] ECUA OS    TASK_START Task_Swc10ms prio=2
[000040100] ECUA RTE   CALL R_WheelSpeed_GetWheelSpeed
[000040118] ECUA RTE   WRITE P_VehicleSpeed_VehicleSpeed=0
[000040134] ECUA OS    TASK_END Task_Swc10ms
[000050002] ECUA OS    ALARM Alarm_BswMain
[000050018] ECUA OS    ALARM Alarm_Swc10ms
[000050038] ECUA OS    TASK_START Task_BswMain prio=3
[000050060] ECUA COM   TX ipdu=0 len=2
[000050075] ECUA PDUR  TX com=0 canif=0
[000050092] ECUA CAN   TX id=0x101 dlc=2 data=00 00
[000050113] ECUA CANIF TX pdu=0
[000050118] ECUA OS    TASK_END Task_BswMain
[000050135] ECUA OS    TASK_START Task_Swc10ms prio=2
[000050167] ECUA RTE   CALL R_WheelSpeed_GetWheelSpeed
[000050184] ECUA RTE   WRITE P_VehicleSpeed_VehicleSpeed=0
[000050214] ECUA OS    TASK_END Task_Swc10ms
[000060002] ECUA OS    ALARM Alarm_BswMain
[000060018] ECUA OS    ALARM Alarm_Swc10ms
[000060038] ECUA OS    TASK_START Task_BswMain prio=3
[000060061] ECUA OS    TASK_END Task_BswMain
[000060081] ECUA OS    TASK_START Task_Swc10ms prio=2
[000060100] ECUA RTE   CALL R_WheelSpeed_GetWheelSpeed
[000060118] ECUA RTE   WRITE P_VehicleSpeed_VehicleSpeed=0
[000060134] ECUA OS    TASK_END Task_Swc10ms
[000070002] ECUA OS    ALARM Alarm_BswMain
[000070018] ECUA OS    ALARM Alarm_Swc10ms
[000070038] ECUA OS    TASK_START Task_BswMain prio=3
[000070060] ECUA COM   TX ipdu=0 len=2
[000070075] ECUA PDUR  TX com=0 canif=0
[000070093] ECUA CAN   TX id=0x101 dlc=2 data=00 00
[000070113] ECUA CANIF TX pdu=0
[000070118] ECUA OS    TASK_END Task_BswMain
[000070135] ECUA OS    TASK_START Task_Swc10ms prio=2
[000070156] ECUA RTE   CALL R_WheelSpeed_GetWheelSpeed
[000070185] ECUA RTE   WRITE P_VehicleSpeed_VehicleSpeed=0
[000070214] ECUA OS    TASK_END Task_Swc10ms
[000080002] ECUA OS    ALARM Alarm_BswMain
[000080018] ECUA OS    ALARM Alarm_Swc10ms
[000080038] ECUA OS    TASK_START Task_BswMain prio=3
[000080062] ECUA OS    TASK_END Task_BswMain
[000080082] ECUA OS    TASK_START Task_Swc10ms prio=2
[000080100] ECUA RTE   CALL R_WheelSpeed_GetWheelSpeed
[000080118] ECUA RTE   WRITE P_VehicleSpeed_VehicleSpeed=0
[000080135] ECUA OS    TASK_END Task_Swc10ms
[000090002] ECUA OS    ALARM Alarm_BswMain
[000090018] ECUA OS    ALARM Alarm_Swc10ms
[000090038] ECUA OS    TASK_START Task_BswMain prio=3
[000090060] ECUA COM   TX ipdu=0 len=2
[000090075] ECUA PDUR  TX com=0 canif=0
[000090093] ECUA CAN   TX id=0x101 dlc=2 data=00 00
[000090102] ECUA CANIF TX pdu=0
[000090119] ECUA OS    TASK_END Task_BswMain
[000090135] ECUA OS    TASK_START Task_Swc10ms prio=2
[000090156] ECUA RTE   CALL R_WheelSpeed_GetWheelSpeed
[000090185] ECUA RTE   WRITE P_VehicleSpeed_VehicleSpeed=0
[000090215] ECUA OS    TASK_END Task_Swc10ms
[000100001] ECUA OS    ALARM Alarm_BswMain
[000100001] ECUA OS    ALARM Alarm_Swc10ms
[000100018] ECUA OS    TASK_START Task_BswMain prio=3
[000100050] ECUA OS    TASK_END Task_BswMain
[000100067] ECUA OS    TASK_START Task_Swc10ms prio=2
[000100101] ECUA RTE   CALL R_WheelSpeed_GetWheelSpeed
[000100117] ECUA SWC   SpeedSensor raw=0 speed=0
[000100134] ECUA RTE   WRITE P_VehicleSpeed_VehicleSpeed=0
[000100159] ECUA OS    TASK_END Task_Swc10ms
[000110002] ECUA OS    ALARM Alarm_BswMain
[000110019] ECUA OS    ALARM Alarm_Swc10ms
[000110038] ECUA OS    TASK_START Task_BswMain prio=3
[000110061] ECUA COM   TX ipdu=0 len=2
[000110076] ECUA PDUR  TX com=0 canif=0
[000110094] ECUA CAN   TX id=0x101 dlc=2 data=00 00
[000110115] ECUA CANIF TX pdu=0
[000110119] ECUA OS    TASK_END Task_BswMain
[000110136] ECUA OS    TASK_START Task_Swc10ms prio=2
[000110157] ECUA RTE   CALL R_WheelSpeed_GetWheelSpeed
[000110186] ECUA RTE   WRITE P_VehicleSpeed_VehicleSpeed=0
[000110216] ECUA OS    TASK_END Task_Swc10ms
[000120002] ECUA OS    ALARM Alarm_BswMain
[000120019] ECUA OS    ALARM Alarm_Swc10ms
[000120039] ECUA OS    TASK_START Task_BswMain prio=3
[000120062] ECUA OS    TASK_END Task_BswMain
[000120083] ECUA OS    TASK_START Task_Swc10ms prio=2
[000120102] ECUA RTE   CALL R_WheelSpeed_GetWheelSpeed
[000120119] ECUA RTE   WRITE P_VehicleSpeed_VehicleSpeed=0
[000120135] ECUA OS    TASK_END Task_Swc10ms
[000130001] ECUA OS    ALARM Alarm_BswMain
[000130017] ECUA OS    ALARM Alarm_Swc10ms
[000130037] ECUA OS    TASK_START Task_BswMain prio=3
[000130059] ECUA COM   TX ipdu=0 len=2
[000130075] ECUA PDUR  TX com=0 canif=0
[000130092] ECUA CAN   TX id=0x101 dlc=2 data=00 00
[000130113] ECUA CANIF TX pdu=0
[000130119] ECUA OS    TASK_END Task_BswMain
[000130136] ECUA OS    TASK_START Task_Swc10ms prio=2
[000130157] ECUA RTE   CALL R_WheelSpeed_GetWheelSpeed
[000130186] ECUA RTE   WRITE P_VehicleSpeed_VehicleSpeed=0
[000130215] ECUA OS    TASK_END Task_Swc10ms
[000140003] ECUA OS    ALARM Alarm_BswMain
[000140019] ECUA OS    ALARM Alarm_Swc10ms
[000140039] ECUA OS    TASK_START Task_BswMain prio=3
[000140063] ECUA OS    TASK_END Task_BswMain
[000140083] ECUA OS    TASK_START Task_Swc10ms prio=2
[000140103] ECUA RTE   CALL R_WheelSpeed_GetWheelSpeed
[000140119] ECUA RTE   WRITE P_VehicleSpeed_VehicleSpeed=0
[000140135] ECUA OS    TASK_END Task_Swc10ms
[000150003] ECUA OS    ALARM Alarm_BswMain
[000150019] ECUA OS    ALARM Alarm_Swc10ms
[000150039] ECUA OS    TASK_START Task_BswMain prio=3
[000150061] ECUA COM   TX ipdu=0 len=2
[000150077] ECUA PDUR  TX com=0 canif=0
[000150094] ECUA CAN   TX id=0x101 dlc=2 data=00 00
[000150115] ECUA CANIF TX pdu=0
[000150119] ECUA OS    TASK_END Task_BswMain
[000150136] ECUA OS    TASK_START Task_Swc10ms prio=2
[000150157] ECUA RTE   CALL R_WheelSpeed_GetWheelSpeed
[000150186] ECUA RTE   WRITE P_VehicleSpeed_VehicleSpeed=0
[000150217] ECUA OS    TASK_END Task_Swc10ms
[000160003] ECUA OS    ALARM Alarm_BswMain
[000160019] ECUA OS    ALARM Alarm_Swc10ms
[000160039] ECUA OS    TASK_START Task_BswMain prio=3
[000160063] ECUA OS    TASK_END Task_BswMain
[000160083] ECUA OS    TASK_START Task_Swc10ms prio=2
[000160103] ECUA RTE   CALL R_WheelSpeed_GetWheelSpeed
[000160119] ECUA RTE   WRITE P_VehicleSpeed_VehicleSpeed=0
[000160136] ECUA OS    TASK_END Task_Swc10ms
[000170003] ECUA OS    ALARM Alarm_BswMain
[000170019] ECUA OS    ALARM Alarm_Swc10ms
[000170039] ECUA OS    TASK_START Task_BswMain prio=3
[000170061] ECUA COM   TX ipdu=0 len=2
[000170077] ECUA PDUR  TX com=0 canif=0
[000170094] ECUA CAN   TX id=0x101 dlc=2 data=00 00
[000170115] ECUA CANIF TX pdu=0
[000170120] ECUA OS    TASK_END Task_BswMain
[000170137] ECUA OS    TASK_START Task_Swc10ms prio=2
[000170169] ECUA RTE   CALL R_WheelSpeed_GetWheelSpeed
[000170186] ECUA RTE   WRITE P_VehicleSpeed_VehicleSpeed=0
[000170217] ECUA OS    TASK_END Task_Swc10ms
[000180003] ECUA OS    ALARM Alarm_BswMain
[000180019] ECUA OS    ALARM Alarm_Swc10ms
[000180039] ECUA OS    TASK_START Task_BswMain prio=3
[000180063] ECUA OS    TASK_END Task_BswMain
[000180083] ECUA OS    TASK_START Task_Swc10ms prio=2
[000180103] ECUA RTE   CALL R_WheelSpeed_GetWheelSpeed
[000180103] ECUA RTE   WRITE P_VehicleSpeed_VehicleSpeed=0
[000180136] ECUA OS    TASK_END Task_Swc10ms
[000190001] ECUA OS    ALARM Alarm_BswMain
[000190017] ECUA OS    ALARM Alarm_Swc10ms
[000190037] ECUA OS    TASK_START Task_BswMain prio=3
[000190059] ECUA COM   TX ipdu=0 len=2
[000190075] ECUA PDUR  TX com=0 canif=0
[000190092] ECUA CAN   TX id=0x101 dlc=2 data=00 00
[000190113] ECUA CANIF TX pdu=0
[000190120] ECUA OS    TASK_END Task_BswMain
[000190137] ECUA OS    TASK_START Task_Swc10ms prio=2
[000190158] ECUA RTE   CALL R_WheelSpeed_GetWheelSpeed
[000190187] ECUA RTE   WRITE P_VehicleSpeed_VehicleSpeed=0
[000190215] ECUA OS    TASK_END Task_Swc10ms
[000200003] ECUA OS    ALARM Alarm_BswMain
[000200020] ECUA OS    ALARM Alarm_Swc10ms
[000200040] ECUA OS    TASK_START Task_BswMain prio=3
[000200063] ECUA OS    TASK_END Task_BswMain
[000200084] ECUA OS    TASK_START Task_Swc10ms prio=2
[000200103] ECUA RTE   CALL R_WheelSpeed_GetWheelSpeed
[000200120] ECUA SWC   SpeedSensor raw=0 speed=0
[000200136] ECUA RTE   WRITE P_VehicleSpeed_VehicleSpeed=0
[000200157] ECUA OS    TASK_END Task_Swc10ms
[000210003] ECUA OS    ALARM Alarm_BswMain
[000210020] ECUA OS    ALARM Alarm_Swc10ms
[000210040] ECUA OS    TASK_START Task_BswMain prio=3
[000210062] ECUA COM   TX ipdu=0 len=2
[000210077] ECUA PDUR  TX com=0 canif=0
[000210095] ECUA CAN   TX id=0x101 dlc=2 data=00 00
[000210116] ECUA CANIF TX pdu=0
[000210120] ECUA OS    TASK_END Task_BswMain
[000210137] ECUA OS    TASK_START Task_Swc10ms prio=2
[000210169] ECUA RTE   CALL R_WheelSpeed_GetWheelSpeed
[000210187] ECUA RTE   WRITE P_VehicleSpeed_VehicleSpeed=14
[000210218] ECUA OS    TASK_END Task_Swc10ms
[000220004] ECUA OS    ALARM Alarm_BswMain
[000220020] ECUA OS    ALARM Alarm_Swc10ms
[000220040] ECUA OS    TASK_START Task_BswMain prio=3
[000220064] ECUA OS    TASK_END Task_BswMain
[000220084] ECUA OS    TASK_START Task_Swc10ms prio=2
[000220104] ECUA RTE   CALL R_WheelSpeed_GetWheelSpeed
[000220120] ECUA RTE   WRITE P_VehicleSpeed_VehicleSpeed=29
[000220136] ECUA OS    TASK_END Task_Swc10ms
[000230004] ECUA OS    ALARM Alarm_BswMain
[000230020] ECUA OS    ALARM Alarm_Swc10ms
[000230040] ECUA OS    TASK_START Task_BswMain prio=3
[000230062] ECUA COM   TX ipdu=0 len=2
[000230077] ECUA PDUR  TX com=0 canif=0
[000230095] ECUA CAN   TX id=0x101 dlc=2 data=1d 00
[000230104] ECUA CANIF TX pdu=0
[000230120] ECUA OS    TASK_END Task_BswMain
[000230137] ECUA OS    TASK_START Task_Swc10ms prio=2
[000230159] ECUA RTE   CALL R_WheelSpeed_GetWheelSpeed
[000230187] ECUA RTE   WRITE P_VehicleSpeed_VehicleSpeed=43
[000230218] ECUA OS    TASK_END Task_Swc10ms
[000240004] ECUA OS    ALARM Alarm_BswMain
[000240020] ECUA OS    ALARM Alarm_Swc10ms
[000240040] ECUA OS    TASK_START Task_BswMain prio=3
[000240064] ECUA OS    TASK_END Task_BswMain
[000240084] ECUA OS    TASK_START Task_Swc10ms prio=2
[000240104] ECUA RTE   CALL R_WheelSpeed_GetWheelSpeed
[000240120] ECUA RTE   WRITE P_VehicleSpeed_VehicleSpeed=58
[000240137] ECUA OS    TASK_END Task_Swc10ms
[000250004] ECUA OS    ALARM Alarm_BswMain
[000250020] ECUA OS    ALARM Alarm_Swc10ms
[000250040] ECUA OS    TASK_START Task_BswMain prio=3
[000250062] ECUA COM   TX ipdu=0 len=2
[000250078] ECUA PDUR  TX com=0 canif=0
[000250095] ECUA CAN   TX id=0x101 dlc=2 data=3a 00
[000250104] ECUA CANIF TX pdu=0
[000250121] ECUA OS    TASK_END Task_BswMain
[000250137] ECUA OS    TASK_START Task_Swc10ms prio=2
[000250159] ECUA RTE   CALL R_WheelSpeed_GetWheelSpeed
[000250187] ECUA RTE   WRITE P_VehicleSpeed_VehicleSpeed=72
[000250218] ECUA OS    TASK_END Task_Swc10ms
[000260004] ECUA OS    ALARM Alarm_BswMain
[000260020] ECUA OS    ALARM Alarm_Swc10ms
[000260040] ECUA OS    TASK_START Task_BswMain prio=3
[000260064] ECUA OS    TASK_END Task_BswMain
[000260084] ECUA OS    TASK_START Task_Swc10ms prio=2
[000260104] ECUA RTE   CALL R_WheelSpeed_GetWheelSpeed
[000260104] ECUA RTE   WRITE P_VehicleSpeed_VehicleSpeed=87
[000260120] ECUA OS    TASK_END Task_Swc10ms
[000270004] ECUA OS    ALARM Alarm_BswMain
[000270021] ECUA OS    ALARM Alarm_Swc10ms
[000270040] ECUA OS    TASK_START Task_BswMain prio=3
[000270063] ECUA COM   TX ipdu=0 len=2
[000270078] ECUA PDUR  TX com=0 canif=0
[000270096] ECUA CAN   TX id=0x101 dlc=2 data=57 00
[000270117] ECUA CANIF TX pdu=0
[000270121] ECUA OS    TASK_END Task_BswMain
[000270138] ECUA OS    TASK_START Task_Swc10ms prio=2
[000270159] ECUA RTE   CALL R_WheelSpeed_GetWheelSpeed
[000270188] ECUA RTE   WRITE P_VehicleSpeed_VehicleSpeed=102
[000270219] ECUA OS    TASK_END Task_Swc10ms
[000280001] ECUA OS    ALARM Alarm_BswMain
[000280017] ECUA OS    ALARM Alarm_Swc10ms
[000280037] ECUA OS    TASK_START Task_BswMain prio=3
[000280061] ECUA OS    TASK_END Task_BswMain
[000280081] ECUA OS    TASK_START Task_Swc10ms prio=2
[000280101] ECUA RTE   CALL R_WheelSpeed_GetWheelSpeed
[000280121] ECUA RTE   WRITE P_VehicleSpeed_VehicleSpeed=116
[000280137] ECUA OS    TASK_END Task_Swc10ms
[000290004] ECUA OS    ALARM Alarm_BswMain
[000290021] ECUA OS    ALARM Alarm_Swc10ms
[000290041] ECUA OS    TASK_START Task_BswMain prio=3
[000290063] ECUA COM   TX ipdu=0 len=2
[000290078] ECUA PDUR  TX com=0 canif=0
[000290096] ECUA CAN   TX id=0x101 dlc=2 data=74 00
[000290104] ECUA CANIF TX pdu=0
[000290121] ECUA OS    TASK_END Task_BswMain
[000290138] ECUA OS    TASK_START Task_Swc10ms prio=2
[000290159] ECUA RTE   CALL R_WheelSpeed_GetWheelSpeed
[000290188] ECUA RTE   WRITE P_VehicleSpeed_VehicleSpeed=131
[000290219] ECUA OS    TASK_END Task_Swc10ms
[000300005] ECUA OS    ALARM Alarm_BswMain
[000300021] ECUA OS    ALARM Alarm_Swc10ms
[000300041] ECUA OS    TASK_START Task_BswMain prio=3
[000300065] ECUA OS    TASK_END Task_BswMain
[000300085] ECUA OS    TASK_START Task_Swc10ms prio=2
[000300105] ECUA RTE   CALL R_WheelSpeed_GetWheelSpeed
[000300121] ECUA SWC   SpeedSensor raw=299 speed=146
[000300137] ECUA RTE   WRITE P_VehicleSpeed_VehicleSpeed=146
[000300162] ECUA OS    TASK_END Task_Swc10ms
[000310001] ECUA OS    ALARM Alarm_BswMain
[000310017] ECUA OS    ALARM Alarm_Swc10ms
[000310037] ECUA OS    TASK_START Task_BswMain prio=3
[000310059] ECUA COM   TX ipdu=0 len=2
[000310075] ECUA PDUR  TX com=0 canif=0
[000310092] ECUA CAN   TX id=0x101 dlc=2 data=92 00
[000310113] ECUA CANIF TX pdu=0
[000310121] ECUA OS    TASK_END Task_BswMain
[000310138] ECUA OS    TASK_START Task_Swc10ms prio=2
[000310160] ECUA RTE   CALL R_WheelSpeed_GetWheelSpeed
[000310188] ECUA RTE   WRITE P_VehicleSpeed_VehicleSpeed=160
[000310216] ECUA OS    TASK_END Task_Swc10ms
[000320005] ECUA OS    ALARM Alarm_BswMain
[000320021] ECUA OS    ALARM Alarm_Swc10ms
[000320041] ECUA OS    TASK_START Task_BswMain prio=3
[000320065] ECUA OS    TASK_END Task_BswMain
[000320085] ECUA OS    TASK_START Task_Swc10ms prio=2
[000320103] ECUA RTE   CALL R_WheelSpeed_GetWheelSpeed
[000320121] ECUA RTE   WRITE P_VehicleSpeed_VehicleSpeed=175
[000320138] ECUA OS    TASK_END Task_Swc10ms
[000330001] ECUA OS    ALARM Alarm_BswMain
[000330017] ECUA OS    ALARM Alarm_Swc10ms
[000330037] ECUA OS    TASK_START Task_BswMain prio=3
[000330059] ECUA COM   TX ipdu=0 len=2
[000330075] ECUA PDUR  TX com=0 canif=0
[000330092] ECUA CAN   TX id=0x101 dlc=2 data=af 00
[000330113] ECUA CANIF TX pdu=0
[000330122] ECUA OS    TASK_END Task_BswMain
[000330138] ECUA OS    TASK_START Task_Swc10ms prio=2
[000330160] ECUA RTE   CALL R_WheelSpeed_GetWheelSpeed
[000330188] ECUA RTE   WRITE P_VehicleSpeed_VehicleSpeed=190
[000330204] ECUA OS    TASK_END Task_Swc10ms
[000340005] ECUA OS    ALARM Alarm_BswMain
[000340021] ECUA OS    ALARM Alarm_Swc10ms
[000340041] ECUA OS    TASK_START Task_BswMain prio=3
[000340065] ECUA OS    TASK_END Task_BswMain
[000340085] ECUA OS    TASK_START Task_Swc10ms prio=2
[000340105] ECUA RTE   CALL R_WheelSpeed_GetWheelSpeed
[000340121] ECUA RTE   WRITE P_VehicleSpeed_VehicleSpeed=204
[000340138] ECUA OS    TASK_END Task_Swc10ms
[000350005] ECUA OS    ALARM Alarm_BswMain
[000350022] ECUA OS    ALARM Alarm_Swc10ms
[000350041] ECUA OS    TASK_START Task_BswMain prio=3
[000350064] ECUA COM   TX ipdu=0 len=2
[000350079] ECUA PDUR  TX com=0 canif=0
[000350097] ECUA CAN   TX id=0x101 dlc=2 data=cc 00
[000350118] ECUA CANIF TX pdu=0
[000350122] ECUA OS    TASK_END Task_BswMain
[000350139] ECUA OS    TASK_START Task_Swc10ms prio=2
[000350160] ECUA RTE   CALL R_WheelSpeed_GetWheelSpeed
[000350189] ECUA RTE   WRITE P_VehicleSpeed_VehicleSpeed=219
[000350220] ECUA OS    TASK_END Task_Swc10ms
[000360005] ECUA OS    ALARM Alarm_BswMain
[000360022] ECUA OS    ALARM Alarm_Swc10ms
[000360041] ECUA OS    TASK_START Task_BswMain prio=3
[000360065] ECUA OS    TASK_END Task_BswMain
[000360086] ECUA OS    TASK_START Task_Swc10ms prio=2
[000360105] ECUA RTE   CALL R_WheelSpeed_GetWheelSpeed
[000360122] ECUA RTE   WRITE P_VehicleSpeed_VehicleSpeed=233
[000360138] ECUA OS    TASK_END Task_Swc10ms
[000370001] ECUA OS    ALARM Alarm_BswMain
[000370017] ECUA OS    ALARM Alarm_Swc10ms
[000370037] ECUA OS    TASK_START Task_BswMain prio=3
[000370059] ECUA COM   TX ipdu=0 len=2
[000370075] ECUA PDUR  TX com=0 canif=0
[000370092] ECUA CAN   TX id=0x101 dlc=2 data=e9 00
[000370113] ECUA CANIF TX pdu=0
[000370122] ECUA OS    TASK_END Task_BswMain
[000370139] ECUA OS    TASK_START Task_Swc10ms prio=2
[000370160] ECUA RTE   CALL R_WheelSpeed_GetWheelSpeed
[000370189] ECUA RTE   WRITE P_VehicleSpeed_VehicleSpeed=248
[000370205] ECUA OS    TASK_END Task_Swc10ms
[000380006] ECUA OS    ALARM Alarm_BswMain
[000380022] ECUA OS    ALARM Alarm_Swc10ms
[000380042] ECUA OS    TASK_START Task_BswMain prio=3
[000380066] ECUA OS    TASK_END Task_BswMain
[000380086] ECUA OS    TASK_START Task_Swc10ms prio=2
[000380105] ECUA RTE   CALL R_WheelSpeed_GetWheelSpeed
[000380122] ECUA RTE   WRITE P_VehicleSpeed_VehicleSpeed=263
[000380138] ECUA OS    TASK_END Task_Swc10ms
[000390006] ECUA OS    ALARM Alarm_BswMain
[000390022] ECUA OS    ALARM Alarm_Swc10ms
[000390042] ECUA OS    TASK_START Task_BswMain prio=3
[000390064] ECUA COM   TX ipdu=0 len=2
[000390079] ECUA PDUR  TX com=0 canif=0
[000390097] ECUA CAN   TX id=0x101 dlc=2 data=07 01
[000390106] ECUA CANIF TX pdu=0
[000390122] ECUA OS    TASK_END Task_BswMain
[000390139] ECUA OS    TASK_START Task_Swc10ms prio=2
[000390160] ECUA RTE   CALL R_WheelSpeed_GetWheelSpeed
[000390189] ECUA RTE   WRITE P_VehicleSpeed_VehicleSpeed=278
[000390220] ECUA OS    TASK_END Task_Swc10ms
[000400006] ECUA OS    ALARM Alarm_BswMain
[000400022] ECUA OS    ALARM Alarm_Swc10ms
[000400042] ECUA OS    TASK_START Task_BswMain prio=3
[000400066] ECUA OS    TASK_END Task_BswMain
[000400086] ECUA OS    TASK_START Task_Swc10ms prio=2
[000400104] ECUA RTE   CALL R_WheelSpeed_GetWheelSpeed
[000400122] ECUA SWC   SpeedSensor raw=599 speed=292
[000400139] ECUA RTE   WRITE P_VehicleSpeed_VehicleSpeed=292
[000400164] ECUA OS    TASK_END Task_Swc10ms
[000410006] ECUA OS    ALARM Alarm_BswMain
[000410022] ECUA OS    ALARM Alarm_Swc10ms
[000410042] ECUA OS    TASK_START Task_BswMain prio=3
[000410064] ECUA COM   TX ipdu=0 len=2
[000410080] ECUA PDUR  TX com=0 canif=0
[000410097] ECUA CAN   TX id=0x101 dlc=2 data=24 01
[000410118] ECUA CANIF TX pdu=0
[000410123] ECUA OS    TASK_END Task_BswMain
[000410139] ECUA OS    TASK_START Task_Swc10ms prio=2
[000410161] ECUA RTE   CALL R_WheelSpeed_GetWheelSpeed
[000410189] ECUA RTE   WRITE P_VehicleSpeed_VehicleSpeed=307
[000410221] ECUA OS    TASK_END Task_Swc10ms
[000420001] ECUA OS    ALARM Alarm_BswMain
[000420017] ECUA OS    ALARM Alarm_Swc10ms
[000420037] ECUA OS    TASK_START Task_BswMain prio=3
[000420061] ECUA OS    TASK_END Task_BswMain
[000420081] ECUA OS    TASK_START Task_Swc10ms prio=2
[000420101] ECUA RTE   CALL R_WheelSpeed_GetWheelSpeed
[000420122] ECUA RTE   WRITE P_VehicleSpeed_VehicleSpeed=321
[000420139] ECUA OS    TASK_END Task_Swc10ms
[000430006] ECUA OS    ALARM Alarm_BswMain
[000430022] ECUA OS    ALARM Alarm_Swc10ms
[000430042] ECUA OS    TASK_START Task_BswMain prio=3
[000430065] ECUA COM   TX ipdu=0 len=2
[000430080] ECUA PDUR  TX com=0 canif=0
[000430098] ECUA CAN   TX id=0x101 dlc=2 data=41 01
[000430118] ECUA CANIF TX pdu=0
[000430123] ECUA OS    TASK_END Task_BswMain
[000430140] ECUA OS    TASK_START Task_Swc10ms prio=2
[000430172] ECUA RTE   CALL R_WheelSpeed_GetWheelSpeed
[000430190] ECUA RTE   WRITE P_VehicleSpeed_VehicleSpeed=336
[000430221] ECUA OS    TASK_END Task_Swc10ms
[000440006] ECUA OS    ALARM Alarm_BswMain
[000440023] ECUA OS    ALARM Alarm_Swc10ms
[000440042] ECUA OS    TASK_START Task_BswMain prio=3
[000440066] ECUA OS    TASK_END Task_BswMain
[000440086] ECUA OS    TASK_START Task_Swc10ms prio=2
[000440106] ECUA RTE   CALL R_WheelSpeed_GetWheelSpeed
[000440123] ECUA RTE   WRITE P_VehicleSpeed_VehicleSpeed=351
[000440139] ECUA OS    TASK_END Task_Swc10ms
[000450006] ECUA OS    ALARM Alarm_BswMain
[000450023] ECUA OS    ALARM Alarm_Swc10ms
[000450043] ECUA OS    TASK_START Task_BswMain prio=3
[000450065] ECUA COM   TX ipdu=0 len=2
[000450080] ECUA PDUR  TX com=0 canif=0
[000450098] ECUA CAN   TX id=0x101 dlc=2 data=5f 01
[000450106] ECUA CANIF TX pdu=0
[000450123] ECUA OS    TASK_END Task_BswMain
[000450140] ECUA OS    TASK_START Task_Swc10ms prio=2
[000450161] ECUA RTE   CALL R_WheelSpeed_GetWheelSpeed
[000450190] ECUA RTE   WRITE P_VehicleSpeed_VehicleSpeed=366
[000450221] ECUA OS    TASK_END Task_Swc10ms
[000460006] ECUA OS    ALARM Alarm_BswMain
[000460023] ECUA OS    ALARM Alarm_Swc10ms
[000460043] ECUA OS    TASK_START Task_BswMain prio=3
[000460066] ECUA OS    TASK_END Task_BswMain
[000460087] ECUA OS    TASK_START Task_Swc10ms prio=2
[000460106] ECUA RTE   CALL R_WheelSpeed_GetWheelSpeed
[000460123] ECUA RTE   WRITE P_VehicleSpeed_VehicleSpeed=380
[000460139] ECUA OS    TASK_END Task_Swc10ms
[000470007] ECUA OS    ALARM Alarm_BswMain
[000470023] ECUA OS    ALARM Alarm_Swc10ms
[000470043] ECUA OS    TASK_START Task_BswMain prio=3
[000470065] ECUA COM   TX ipdu=0 len=2
[000470080] ECUA PDUR  TX com=0 canif=0
[000470098] ECUA CAN   TX id=0x101 dlc=2 data=7c 01
[000470107] ECUA CANIF TX pdu=0
[000470123] ECUA OS    TASK_END Task_BswMain
[000470140] ECUA OS    TASK_START Task_Swc10ms prio=2
[000470161] ECUA RTE   CALL R_WheelSpeed_GetWheelSpeed
[000470190] ECUA RTE   WRITE P_VehicleSpeed_VehicleSpeed=395
[000470221] ECUA OS    TASK_END Task_Swc10ms
[000480007] ECUA OS    ALARM Alarm_BswMain
[000480023] ECUA OS    ALARM Alarm_Swc10ms
[000480043] ECUA OS    TASK_START Task_BswMain prio=3
[000480067] ECUA OS    TASK_END Task_BswMain
[000480087] ECUA OS    TASK_START Task_Swc10ms prio=2
[000480107] ECUA RTE   CALL R_WheelSpeed_GetWheelSpeed
[000480123] ECUA RTE   WRITE P_VehicleSpeed_VehicleSpeed=409
[000480140] ECUA OS    TASK_END Task_Swc10ms
[000490001] ECUA OS    ALARM Alarm_BswMain
[000490017] ECUA OS    ALARM Alarm_Swc10ms
[000490037] ECUA OS    TASK_START Task_BswMain prio=3
[000490059] ECUA COM   TX ipdu=0 len=2
[000490075] ECUA PDUR  TX com=0 canif=0
[000490092] ECUA CAN   TX id=0x101 dlc=2 data=99 01
[000490107] ECUA CANIF TX pdu=0
[000490124] ECUA OS    TASK_END Task_BswMain
[000490140] ECUA OS    TASK_START Task_Swc10ms prio=2
[000490162] ECUA RTE   CALL R_WheelSpeed_GetWheelSpeed
[000490189] ECUA RTE   WRITE P_VehicleSpeed_VehicleSpeed=424
[000490206] ECUA OS    TASK_END Task_Swc10ms
[000500007] ECUA OS    ALARM Alarm_BswMain
[000500023] ECUA OS    ALARM Alarm_Swc10ms
[000500043] ECUA OS    TASK_START Task_BswMain prio=3
[000500067] ECUA OS    TASK_END Task_BswMain
[000500087] ECUA OS    TASK_START Task_Swc10ms prio=2
[000500107] ECUA RTE   CALL R_WheelSpeed_GetWheelSpeed
[000500123] ECUA SWC   SpeedSensor raw=900 speed=439
[000500140] ECUA RTE   WRITE P_VehicleSpeed_VehicleSpeed=439
[000500165] ECUA OS    TASK_END Task_Swc10ms
[000510007] ECUA OS    ALARM Alarm_BswMain
[000510023] ECUA OS    ALARM Alarm_Swc10ms
[000510043] ECUA OS    TASK_START Task_BswMain prio=3
[000510066] ECUA COM   TX ipdu=0 len=2
[000510081] ECUA PDUR  TX com=0 canif=0
[000510099] ECUA CAN   TX id=0x101 dlc=2 data=b7 01
[000510107] ECUA CANIF TX pdu=0
[000510124] ECUA OS    TASK_END Task_BswMain
[000510141] ECUA OS    TASK_START Task_Swc10ms prio=2
[000510162] ECUA RTE   CALL R_WheelSpeed_GetWheelSpeed
[000510174] ECUA BSW   IOHWAB ADC raw=929
[000510206] ECUA RTE   WRITE P_VehicleSpeed_VehicleSpeed=453
[000510225] ECUA OS    TASK_END Task_Swc10ms
[000520007] ECUA OS    ALARM Alarm_BswMain
[000520024] ECUA OS    ALARM Alarm_Swc10ms
[000520043] ECUA OS    TASK_START Task_BswMain prio=3
[000520067] ECUA OS    TASK_END Task_BswMain
[000520087] ECUA OS    TASK_START Task_Swc10ms prio=2
[000520107] ECUA RTE   CALL R_WheelSpeed_GetWheelSpeed
[000520124] ECUA RTE   WRITE P_VehicleSpeed_VehicleSpeed=468
[000520140] ECUA OS    TASK_END Task_Swc10ms
[000530007] ECUA OS    ALARM Alarm_BswMain
[000530024] ECUA OS    ALARM Alarm_Swc10ms
[000530044] ECUA OS    TASK_START Task_BswMain prio=3
[000530066] ECUA COM   TX ipdu=0 len=2
[000530081] ECUA PDUR  TX com=0 canif=0
[000530099] ECUA CAN   TX id=0x101 dlc=2 data=d4 01
[000530120] ECUA CANIF TX pdu=0
[000530124] ECUA OS    TASK_END Task_BswMain
[000530141] ECUA OS    TASK_START Task_Swc10ms prio=2
[000530173] ECUA RTE   CALL R_WheelSpeed_GetWheelSpeed
[000530191] ECUA RTE   WRITE P_VehicleSpeed_VehicleSpeed=483
[000530222] ECUA OS    TASK_END Task_Swc10ms
[000540007] ECUA OS    ALARM Alarm_BswMain
[000540024] ECUA OS    ALARM Alarm_Swc10ms
[000540044] ECUA OS    TASK_START Task_BswMain prio=3
[000540067] ECUA OS    TASK_END Task_BswMain
[000540088] ECUA OS    TASK_START Task_Swc10ms prio=2
[000540107] ECUA RTE   CALL R_WheelSpeed_GetWheelSpeed
[000540124] ECUA RTE   WRITE P_VehicleSpeed_VehicleSpeed=497
[000540124] ECUA OS    TASK_END Task_Swc10ms
[000550008] ECUA OS    ALARM Alarm_BswMain
[000550024] ECUA OS    ALARM Alarm_Swc10ms
[000550044] ECUA OS    TASK_START Task_BswMain prio=3
[000550066] ECUA COM   TX ipdu=0 len=2
[000550081] ECUA PDUR  TX com=0 canif=0
[000550099] ECUA CAN   TX id=0x101 dlc=2 data=f1 01
[000550108] ECUA CANIF TX pdu=0
[000550124] ECUA OS    TASK_END Task_BswMain
[000550141] ECUA OS    TASK_START Task_Swc10ms prio=2
[000550162] ECUA RTE   CALL R_WheelSpeed_GetWheelSpeed
[000550191] ECUA RTE   WRITE P_VehicleSpeed_VehicleSpeed=512
[000550222] ECUA OS    TASK_END Task_Swc10ms
[000560008] ECUA OS    ALARM Alarm_BswMain
[000560024] ECUA OS    ALARM Alarm_Swc10ms
[000560044] ECUA OS    TASK_START Task_BswMain prio=3
[000560068] ECUA OS    TASK_END Task_BswMain
[000560088] ECUA OS    TASK_START Task_Swc10ms prio=2
[000560108] ECUA RTE   CALL R_WheelSpeed_GetWheelSpeed
[000560124] ECUA RTE   WRITE P_VehicleSpeed_VehicleSpeed=527
[000560141] ECUA OS    TASK_END Task_Swc10ms
[000570008] ECUA OS    ALARM Alarm_BswMain
[000570024] ECUA OS    ALARM Alarm_Swc10ms
[000570044] ECUA OS    TASK_START Task_BswMain prio=3
[000570066] ECUA COM   TX ipdu=0 len=2
[000570082] ECUA PDUR  TX com=0 canif=0
[000570099] ECUA CAN   TX id=0x101 dlc=2 data=0f 02
[000570108] ECUA CANIF TX pdu=0
[000570125] ECUA OS    TASK_END Task_BswMain
[000570141] ECUA OS    TASK_START Task_Swc10ms prio=2
[000570163] ECUA RTE   CALL R_WheelSpeed_GetWheelSpeed
[000570191] ECUA RTE   WRITE P_VehicleSpeed_VehicleSpeed=541
[000570222] ECUA OS    TASK_END Task_Swc10ms
[000580008] ECUA OS    ALARM Alarm_BswMain
[000580024] ECUA OS    ALARM Alarm_Swc10ms
[000580044] ECUA OS    TASK_START Task_BswMain prio=3
[000580068] ECUA OS    TASK_END Task_BswMain
[000580088] ECUA OS    TASK_START Task_Swc10ms prio=2
[000580108] ECUA RTE   CALL R_WheelSpeed_GetWheelSpeed
[000580124] ECUA RTE   WRITE P_VehicleSpeed_VehicleSpeed=556
[000580141] ECUA OS    TASK_END Task_Swc10ms
[000590008] ECUA OS    ALARM Alarm_BswMain
[000590024] ECUA OS    ALARM Alarm_Swc10ms
[000590044] ECUA OS    TASK_START Task_BswMain prio=3
[000590067] ECUA COM   TX ipdu=0 len=2
[000590082] ECUA PDUR  TX com=0 canif=0
[000590100] ECUA CAN   TX id=0x101 dlc=2 data=2c 02
[000590108] ECUA CANIF TX pdu=0
[000590125] ECUA OS    TASK_END Task_BswMain
[000590142] ECUA OS    TASK_START Task_Swc10ms prio=2
[000590163] ECUA RTE   CALL R_WheelSpeed_GetWheelSpeed
[000590192] ECUA RTE   WRITE P_VehicleSpeed_VehicleSpeed=570
[000590223] ECUA OS    TASK_END Task_Swc10ms
[000600008] ECUA OS    ALARM Alarm_BswMain
[000600025] ECUA OS    ALARM Alarm_Swc10ms
[000600044] ECUA OS    TASK_START Task_BswMain prio=3
[000600068] ECUA OS    TASK_END Task_BswMain
[000600088] ECUA OS    TASK_START Task_Swc10ms prio=2
[000600108] ECUA RTE   CALL R_WheelSpeed_GetWheelSpeed
[000600125] ECUA SWC   SpeedSensor raw=1200 speed=586
[000600141] ECUA RTE   WRITE P_VehicleSpeed_VehicleSpeed=586
[000600166] ECUA OS    TASK_END Task_Swc10ms
[000610001] ECUA OS    ALARM Alarm_BswMain
[000610017] ECUA OS    ALARM Alarm_Swc10ms
[000610037] ECUA OS    TASK_START Task_BswMain prio=3
[000610059] ECUA COM   TX ipdu=0 len=2
[000610075] ECUA PDUR  TX com=0 canif=0
[000610092] ECUA CAN   TX id=0x101 dlc=2 data=4a 02
[000610108] ECUA CANIF TX pdu=0
[000610125] ECUA OS    TASK_END Task_BswMain
[000610142] ECUA OS    TASK_START Task_Swc10ms prio=2
[000610163] ECUA RTE   CALL R_WheelSpeed_GetWheelSpeed
[000610189] ECUA RTE   WRITE P_VehicleSpeed_VehicleSpeed=600
[000610208] ECUA OS    TASK_END Task_Swc10ms
[000620008] ECUA OS    ALARM Alarm_BswMain
[000620025] ECUA OS    ALARM Alarm_Swc10ms
[000620045] ECUA OS    TASK_START Task_BswMain prio=3
[000620068] ECUA OS    TASK_END Task_BswMain
[000620089] ECUA OS    TASK_START Task_Swc10ms prio=2
[000620108] ECUA RTE   CALL R_WheelSpeed_GetWheelSpeed
[000620125] ECUA RTE   WRITE P_VehicleSpeed_VehicleSpeed=615
[000620141] ECUA OS    TASK_END Task_Swc10ms
[000630009] ECUA OS    ALARM Alarm_BswMain
[000630025] ECUA OS    ALARM Alarm_Swc10ms
[000630045] ECUA OS    TASK_START Task_BswMain prio=3
[000630067] ECUA COM   TX ipdu=0 len=2
[000630082] ECUA PDUR  TX com=0 canif=0
[000630100] ECUA CAN   TX id=0x101 dlc=2 data=67 02
[000630121] ECUA CANIF TX pdu=0
[000630125] ECUA OS    TASK_END Task_BswMain
[000630142] ECUA OS    TASK_START Task_Swc10ms prio=2
[000630175] ECUA RTE   CALL R_WheelSpeed_GetWheelSpeed
[000630192] ECUA RTE   WRITE P_VehicleSpeed_VehicleSpeed=629
[000630223] ECUA OS    TASK_END Task_Swc10ms
[000640001] ECUA OS    ALARM Alarm_BswMain
[000640017] ECUA OS    ALARM Alarm_Swc10ms
[000640037] ECUA OS    TASK_START Task_BswMain prio=3
[000640061] ECUA OS    TASK_END Task_BswMain
[000640081] ECUA OS    TASK_START Task_Swc10ms prio=2
[000640101] ECUA RTE   CALL R_WheelSpeed_GetWheelSpeed
[000640123] ECUA RTE   WRITE P_VehicleSpeed_VehicleSpeed=644
[000640141] ECUA OS    TASK_END Task_Swc10ms
[000650009] ECUA OS    ALARM Alarm_BswMain
[000650025] ECUA OS    ALARM Alarm_Swc10ms
[000650045] ECUA OS    TASK_START Task_BswMain prio=3
[000650067] ECUA COM   TX ipdu=0 len=2
[000650083] ECUA PDUR  TX com=0 canif=0
[000650100] ECUA CAN   TX id=0x101 dlc=2 data=84 02
[000650109] ECUA CANIF TX pdu=0
[000650125] ECUA OS    TASK_END Task_BswMain
[000650142] ECUA OS    TASK_START Task_Swc10ms prio=2
[000650164] ECUA RTE   CALL R_WheelSpeed_GetWheelSpeed
[000650192] ECUA RTE   WRITE P_VehicleSpeed_VehicleSpeed=658
[000650223] ECUA OS    TASK_END Task_Swc10ms
[000660009] ECUA OS    ALARM Alarm_BswMain
[000660025] ECUA OS    ALARM Alarm_Swc10ms
[000660045] ECUA OS    TASK_START Task_BswMain prio=3
[000660069] ECUA OS    TASK_END Task_BswMain
[000660089] ECUA OS    TASK_START Task_Swc10ms prio=2
[000660109] ECUA RTE   CALL R_WheelSpeed_GetWheelSpeed
[000660125] ECUA RTE   WRITE P_VehicleSpeed_VehicleSpeed=673
[000660142] ECUA OS    TASK_END Task_Swc10ms
[000670009] ECUA OS    ALARM Alarm_BswMain
[000670025] ECUA OS    ALARM Alarm_Swc10ms
[000670045] ECUA OS    TASK_START Task_BswMain prio=3
[000670067] ECUA COM   TX ipdu=0 len=2
[000670083] ECUA PDUR  TX com=0 canif=0
[000670100] ECUA CAN   TX id=0x101 dlc=2 data=a1 02
[000670121] ECUA CANIF TX pdu=0
[000670126] ECUA OS    TASK_END Task_BswMain
[000670143] ECUA OS    TASK_START Task_Swc10ms prio=2
[000670175] ECUA RTE   CALL R_WheelSpeed_GetWheelSpeed
[000670193] ECUA RTE   WRITE P_VehicleSpeed_VehicleSpeed=688
[000670224] ECUA OS    TASK_END Task_Swc10ms
[000680009] ECUA OS    ALARM Alarm_BswMain
[000680025] ECUA OS    ALARM Alarm_Swc10ms
[000680045] ECUA OS    TASK_START Task_BswMain prio=3
[000680069] ECUA OS    TASK_END Task_BswMain
[000680089] ECUA OS    TASK_START Task_Swc10ms prio=2
[000680108] ECUA RTE   CALL R_WheelSpeed_GetWheelSpeed
[000680125] ECUA RTE   WRITE P_VehicleSpeed_VehicleSpeed=702
[000680142] ECUA OS    TASK_END Task_Swc10ms
[000690001] ECUA OS    ALARM Alarm_BswMain
[000690017] ECUA OS    ALARM Alarm_Swc10ms
[000690037] ECUA OS    TASK_START Task_BswMain prio=3
[000690059] ECUA COM   TX ipdu=0 len=2
[000690075] ECUA PDUR  TX com=0 canif=0
[000690092] ECUA CAN   TX id=0x101 dlc=2 data=be 02
[000690109] ECUA CANIF TX pdu=0
[000690126] ECUA OS    TASK_END Task_BswMain
[000690143] ECUA OS    TASK_START Task_Swc10ms prio=2
[000690164] ECUA RTE   CALL R_WheelSpeed_GetWheelSpeed
[000690189] ECUA RTE   WRITE P_VehicleSpeed_VehicleSpeed=717
[000690209] ECUA OS    TASK_END Task_Swc10ms
[000700009] ECUA OS    ALARM Alarm_BswMain
[000700026] ECUA OS    ALARM Alarm_Swc10ms
[000700046] ECUA OS    TASK_START Task_BswMain prio=3
[000700069] ECUA OS    TASK_END Task_BswMain
[000700090] ECUA OS    TASK_START Task_Swc10ms prio=2
[000700109] ECUA RTE   CALL R_WheelSpeed_GetWheelSpeed
[000700126] ECUA SWC   SpeedSensor raw=1499 speed=732
[000700142] ECUA RTE   WRITE P_VehicleSpeed_VehicleSpeed=732
[000700167] ECUA OS    TASK_END Task_Swc10ms
[000710009] ECUA OS    ALARM Alarm_BswMain
[000710026] ECUA OS    ALARM Alarm_Swc10ms
[000710046] ECUA OS    TASK_START Task_BswMain prio=3
[000710068] ECUA COM   TX ipdu=0 len=2
[000710083] ECUA PDUR  TX com=0 canif=0
[000710101] ECUA CAN   TX id=0x101 dlc=2 data=dc 02
[000710122] ECUA CANIF TX pdu=0
[000710126] ECUA OS    TASK_END Task_BswMain
[000710143] ECUA OS    TASK_START Task_Swc10ms prio=2
[000710176] ECUA RTE   CALL R_WheelSpeed_GetWheelSpeed
[000710193] ECUA RTE   WRITE P_VehicleSpeed_VehicleSpeed=746
[000710224] ECUA OS    TASK_END Task_Swc10ms
[000720010] ECUA OS    ALARM Alarm_BswMain
[000720026] ECUA OS    ALARM Alarm_Swc10ms
[000720046] ECUA OS    TASK_START Task_BswMain prio=3
[000720070] ECUA OS    TASK_END Task_BswMain
[000720090] ECUA OS    TASK_START Task_Swc10ms prio=2
[000720110] ECUA RTE   CALL R_WheelSpeed_GetWheelSpeed
[000720126] ECUA RTE   WRITE P_VehicleSpeed_VehicleSpeed=761
[000720142] ECUA OS    TASK_END Task_Swc10ms
[000730010] ECUA OS    ALARM Alarm_BswMain
[000730026] ECUA OS    ALARM Alarm_Swc10ms
[000730046] ECUA OS    TASK_START Task_BswMain prio=3
[000730068] ECUA COM   TX ipdu=0 len=2
[000730083] ECUA PDUR  TX com=0 canif=0
[000730101] ECUA CAN   TX id=0x101 dlc=2 data=f9 02
[000730110] ECUA CANIF TX pdu=0
[000730126] ECUA OS    TASK_END Task_BswMain
[000730143] ECUA OS    TASK_START Task_Swc10ms prio=2
[000730165] ECUA RTE   CALL R_WheelSpeed_GetWheelSpeed
[000730193] ECUA RTE   WRITE P_VehicleSpeed_VehicleSpeed=776
[000730224] ECUA OS    TASK_END Task_Swc10ms
[000740010] ECUA OS    ALARM Alarm_BswMain
[000740026] ECUA OS    ALARM Alarm_Swc10ms
[000740046] ECUA OS    TASK_START Task_BswMain prio=3
[000740070] ECUA OS    TASK_END Task_BswMain
[000740090] ECUA OS    TASK_START Task_Swc10ms prio=2
[000740110] ECUA RTE   CALL R_WheelSpeed_GetWheelSpeed
[000740126] ECUA RTE   WRITE P_VehicleSpeed_VehicleSpeed=790
[000740143] ECUA OS    TASK_END Task_Swc10ms
[000750010] ECUA OS    ALARM Alarm_BswMain
[000750026] ECUA OS    ALARM Alarm_Swc10ms
[000750046] ECUA OS    TASK_START Task_BswMain prio=3
[000750068] ECUA COM   TX ipdu=0 len=2
[000750084] ECUA PDUR  TX com=0 canif=0
[000750101] ECUA CAN   TX id=0x101 dlc=2 data=16 03
[000750122] ECUA CANIF TX pdu=0
[000750127] ECUA OS    TASK_END Task_BswMain
[000750143] ECUA OS    TASK_START Task_Swc10ms prio=2
[000750165] ECUA RTE   CALL R_WheelSpeed_GetWheelSpeed
[000750193] ECUA RTE   WRITE P_VehicleSpeed_VehicleSpeed=805
[000750225] ECUA OS    TASK_END Task_Swc10ms
[000760001] ECUA OS    ALARM Alarm_BswMain
[000760017] ECUA OS    ALARM Alarm_Swc10ms
[000760037] ECUA OS    TASK_START Task_BswMain prio=3
[000760061] ECUA OS    TASK_END Task_BswMain
[000760081] ECUA OS    TASK_START Task_Swc10ms prio=2
[000760101] ECUA RTE   CALL R_WheelSpeed_GetWheelSpeed
[000760123] ECUA RTE   WRITE P_VehicleSpeed_VehicleSpeed=820
[000760143] ECUA OS    TASK_END Task_Swc10ms
[000770010] ECUA OS    ALARM Alarm_BswMain
[000770027] ECUA OS    ALARM Alarm_Swc10ms
[000770046] ECUA OS    TASK_START Task_BswMain prio=3
[000770069] ECUA COM   TX ipdu=0 len=2
[000770084] ECUA PDUR  TX com=0 canif=0
[000770102] ECUA CAN   TX id=0x101 dlc=2 data=34 03
[000770123] ECUA CANIF TX pdu=0
[000770127] ECUA OS    TASK_END Task_BswMain
[000770144] ECUA OS    TASK_START Task_Swc10ms prio=2
[000770176] ECUA RTE   CALL R_WheelSpeed_GetWheelSpeed
[000770194] ECUA RTE   WRITE P_VehicleSpeed_VehicleSpeed=835
[000770225] ECUA OS    TASK_END Task_Swc10ms
[000780010] ECUA OS    ALARM Alarm_BswMain
[000780027] ECUA OS    ALARM Alarm_Swc10ms
[000780047] ECUA OS    TASK_START Task_BswMain prio=3
[000780070] ECUA OS    TASK_END Task_BswMain
[000780091] ECUA OS    TASK_START Task_Swc10ms prio=2
[000780110] ECUA RTE   CALL R_WheelSpeed_GetWheelSpeed
[000780127] ECUA RTE   WRITE P_VehicleSpeed_VehicleSpeed=849
[000780143] ECUA OS    TASK_END Task_Swc10ms
[000790010] ECUA OS    ALARM Alarm_BswMain
[000790027] ECUA OS    ALARM Alarm_Swc10ms
[000790047] ECUA OS    TASK_START Task_BswMain prio=3
[000790069] ECUA COM   TX ipdu=0 len=2
[000790084] ECUA PDUR  TX com=0 canif=0
[000790102] ECUA CAN   TX id=0x101 dlc=2 data=51 03
[000790123] ECUA CANIF TX pdu=0
[000790137] ECUA OS    TASK_END Task_BswMain
[000790157] ECUA OS    TASK_START Task_Swc10ms prio=2
[000790177] ECUA RTE   CALL R_WheelSpeed_GetWheelSpeed
[000790198] ECUA RTE   WRITE P_VehicleSpeed_VehicleSpeed=864
[000790225] ECUA OS    TASK_END Task_Swc10ms
[000800011] ECUA OS    ALARM Alarm_BswMain
[000800027] ECUA OS    ALARM Alarm_Swc10ms
[000800047] ECUA OS    TASK_START Task_BswMain prio=3
[000800071] ECUA OS    TASK_END Task_BswMain
[000800091] ECUA OS    TASK_START Task_Swc10ms prio=2
[000800111] ECUA RTE   CALL R_WheelSpeed_GetWheelSpeed
[000800127] ECUA SWC   SpeedSensor raw=1799 speed=878
[000800143] ECUA RTE   WRITE P_VehicleSpeed_VehicleSpeed=878
[000800168] ECUA OS    TASK_END Task_Swc10ms
[000810001] ECUA OS    ALARM Alarm_BswMain
[000810017] ECUA OS    ALARM Alarm_Swc10ms
[000810037] ECUA OS    TASK_START Task_BswMain prio=3
[000810059] ECUA COM   TX ipdu=0 len=2
[000810075] ECUA PDUR  TX com=0 canif=0
[000810092] ECUA CAN   TX id=0x101 dlc=2 data=6e 03
[000810111] ECUA CANIF TX pdu=0
[000810127] ECUA OS    TASK_END Task_BswMain
[000810144] ECUA OS    TASK_START Task_Swc10ms prio=2
[000810166] ECUA RTE   CALL R_WheelSpeed_GetWheelSpeed
[000810178] ECUA RTE   WRITE P_VehicleSpeed_VehicleSpeed=893
[000810210] ECUA OS    TASK_END Task_Swc10ms
[000820011] ECUA OS    ALARM Alarm_BswMain
[000820027] ECUA OS    ALARM Alarm_Swc10ms
[000820047] ECUA OS    TASK_START Task_BswMain prio=3
[000820071] ECUA OS    TASK_END Task_BswMain
[000820091] ECUA OS    TASK_START Task_Swc10ms prio=2
[000820109] ECUA RTE   CALL R_WheelSpeed_GetWheelSpeed
[000820127] ECUA RTE   WRITE P_VehicleSpeed_VehicleSpeed=907
[000820144] ECUA OS    TASK_END Task_Swc10ms
[000830001] ECUA OS    ALARM Alarm_BswMain
[000830017] ECUA OS    ALARM Alarm_Swc10ms
[000830037] ECUA OS    TASK_START Task_BswMain prio=3
[000830059] ECUA COM   TX ipdu=0 len=2
[000830075] ECUA PDUR  TX com=0 canif=0
[000830092] ECUA CAN   TX id=0x101 dlc=2 data=8b 03
[000830111] ECUA CANIF TX pdu=0
[000830127] ECUA OS    TASK_END Task_BswMain
[000830144] ECUA OS    TASK_START Task_Swc10ms prio=2
[000830166] ECUA RTE   CALL R_WheelSpeed_GetWheelSpeed
[000830178] ECUA RTE   WRITE P_VehicleSpeed_VehicleSpeed=923
[000830210] ECUA OS    TASK_END Task_Swc10ms
[000840011] ECUA OS    ALARM Alarm_BswMain
[000840027] ECUA OS    ALARM Alarm_Swc10ms
[000840047] ECUA OS    TASK_START Task_BswMain prio=3
[000840071] ECUA OS    TASK_END Task_BswMain
[000840091] ECUA OS    TASK_START Task_Swc10ms prio=2
[000840110] ECUA RTE   CALL R_WheelSpeed_GetWheelSpeed
[000840111] ECUA RTE   WRITE P_VehicleSpeed_VehicleSpeed=937
[000840111] ECUA OS    TASK_END Task_Swc10ms
[000850011] ECUA OS    ALARM Alarm_BswMain
[000850028] ECUA OS    ALARM Alarm_Swc10ms
[000850047] ECUA OS    TASK_START Task_BswMain prio=3
[000850070] ECUA COM   TX ipdu=0 len=2
[000850085] ECUA PDUR  TX com=0 canif=0
[000850103] ECUA CAN   TX id=0x101 dlc=2 data=a9 03
[000850124] ECUA CANIF TX pdu=0
[000850128] ECUA OS    TASK_END Task_BswMain
[000850145] ECUA OS    TASK_START Task_Swc10ms prio=2
[000850177] ECUA RTE   CALL R_WheelSpeed_GetWheelSpeed
[000850195] ECUA RTE   WRITE P_VehicleSpeed_VehicleSpeed=951
[000850226] ECUA OS    TASK_END Task_Swc10ms
[000860011] ECUA OS    ALARM Alarm_BswMain
[000860028] ECUA OS    ALARM Alarm_Swc10ms
[000860047] ECUA OS    TASK_START Task_BswMain prio=3
[000860071] ECUA OS    TASK_END Task_BswMain
[000860092] ECUA OS    TASK_START Task_Swc10ms prio=2
[000860111] ECUA RTE   CALL R_WheelSpeed_GetWheelSpeed
[000860128] ECUA RTE   WRITE P_VehicleSpeed_VehicleSpeed=966
[000860144] ECUA OS    TASK_END Task_Swc10ms
[000870011] ECUA OS    ALARM Alarm_BswMain
[000870028] ECUA OS    ALARM Alarm_Swc10ms
[000870048] ECUA OS    TASK_START Task_BswMain prio=3
[000870070] ECUA COM   TX ipdu=0 len=2
[000870085] ECUA PDUR  TX com=0 canif=0
[000870103] ECUA CAN   TX id=0x101 dlc=2 data=c6 03
[000870111] ECUA CANIF TX pdu=0
[000870128] ECUA OS    TASK_END Task_BswMain
[000870145] ECUA OS    TASK_START Task_Swc10ms prio=2
[000870178] ECUA RTE   CALL R_WheelSpeed_GetWheelSpeed
[000870195] ECUA RTE   WRITE P_VehicleSpeed_VehicleSpeed=981
[000870226] ECUA OS    TASK_END Task_Swc10ms
[000880012] ECUA OS    ALARM Alarm_BswMain
[000880028] ECUA OS    ALARM Alarm_Swc10ms
[000880048] ECUA OS    TASK_START Task_BswMain prio=3
[000880072] ECUA OS    TASK_END Task_BswMain
[000880092] ECUA OS    TASK_START Task_Swc10ms prio=2
[000880111] ECUA RTE   CALL R_WheelSpeed_GetWheelSpeed
[000880128] ECUA RTE   WRITE P_VehicleSpeed_VehicleSpeed=995
[000880144] ECUA OS    TASK_END Task_Swc10ms
[000890001] ECUA OS    ALARM Alarm_BswMain
[000890017] ECUA OS    ALARM Alarm_Swc10ms
[000890037] ECUA OS    TASK_START Task_BswMain prio=3
[000890059] ECUA COM   TX ipdu=0 len=2
[000890075] ECUA PDUR  TX com=0 canif=0
[000890092] ECUA CAN   TX id=0x101 dlc=2 data=e3 03
[000890112] ECUA CANIF TX pdu=0
[000890127] ECUA OS    TASK_END Task_BswMain
[000890145] ECUA OS    TASK_START Task_Swc10ms prio=2
[000890166] ECUA RTE   CALL R_WheelSpeed_GetWheelSpeed
[000890179] ECUA RTE   WRITE P_VehicleSpeed_VehicleSpeed=1010
[000890211] ECUA OS    TASK_END Task_Swc10ms
[000900012] ECUA OS    ALARM Alarm_BswMain
[000900028] ECUA OS    ALARM Alarm_Swc10ms
[000900048] ECUA OS    TASK_START Task_BswMain prio=3
[000900072] ECUA OS    TASK_END Task_BswMain
[000900092] ECUA OS    TASK_START Task_Swc10ms prio=2
[000900112] ECUA RTE   CALL R_WheelSpeed_GetWheelSpeed
[000900128] ECUA SWC   SpeedSensor raw=2100 speed=1025
[000900145] ECUA RTE   WRITE P_VehicleSpeed_VehicleSpeed=1025
[000900170] ECUA OS    TASK_END Task_Swc10ms
[000910012] ECUA OS    ALARM Alarm_BswMain
[000910028] ECUA OS    ALARM Alarm_Swc10ms
[000910048] ECUA OS    TASK_START Task_BswMain prio=3
[000910070] ECUA COM   TX ipdu=0 len=2
[000910086] ECUA PDUR  TX com=0 canif=0
[000910103] ECUA CAN   TX id=0x101 dlc=2 data=01 04
[000910124] ECUA CANIF TX pdu=0
[000910129] ECUA OS    TASK_END Task_BswMain
[000910145] ECUA OS    TASK_START Task_Swc10ms prio=2
[000910178] ECUA RTE   CALL R_WheelSpeed_GetWheelSpeed
[000910195] ECUA RTE   WRITE P_VehicleSpeed_VehicleSpeed=1039
[000910227] ECUA OS    TASK_END Task_Swc10ms
[000920012] ECUA OS    ALARM Alarm_BswMain
[000920028] ECUA OS    ALARM Alarm_Swc10ms
[000920048] ECUA OS    TASK_START Task_BswMain prio=3
[000920072] ECUA OS    TASK_END Task_BswMain
[000920092] ECUA OS    TASK_START Task_Swc10ms prio=2
[000920112] ECUA RTE   CALL R_WheelSpeed_GetWheelSpeed
[000920128] ECUA RTE   WRITE P_VehicleSpeed_VehicleSpeed=1054
[000920145] ECUA OS    TASK_END Task_Swc10ms
[000930012] ECUA OS    ALARM Alarm_BswMain
[000930028] ECUA OS    ALARM Alarm_Swc10ms
[000930048] ECUA OS    TASK_START Task_BswMain prio=3
[000930071] ECUA COM   TX ipdu=0 len=2
[000930086] ECUA PDUR  TX com=0 canif=0
[000930104] ECUA CAN   TX id=0x101 dlc=2 data=1e 04
[000930124] ECUA CANIF TX pdu=0
[000930129] ECUA OS    TASK_END Task_BswMain
[000930146] ECUA OS    TASK_START Task_Swc10ms prio=2
[000930167] ECUA RTE   CALL R_WheelSpeed_GetWheelSpeed
[000930196] ECUA RTE   WRITE P_VehicleSpeed_VehicleSpeed=1069
[000930227] ECUA OS    TASK_END Task_Swc10ms
[000940012] ECUA OS    ALARM Alarm_BswMain
[000940029] ECUA OS    ALARM Alarm_Swc10ms
[000940048] ECUA OS    TASK_START Task_BswMain prio=3
[000940072] ECUA OS    TASK_END Task_BswMain
[000940092] ECUA OS    TASK_START Task_Swc10ms prio=2
[000940112] ECUA RTE   CALL R_WheelSpeed_GetWheelSpeed
[000940129] ECUA RTE   WRITE P_VehicleSpeed_VehicleSpeed=1084
[000940145] ECUA OS    TASK_END Task_Swc10ms
[000950001] ECUA OS    ALARM Alarm_BswMain
[000950017] ECUA OS    ALARM Alarm_Swc10ms
[000950037] ECUA OS    TASK_START Task_BswMain prio=3
[000950059] ECUA COM   TX ipdu=0 len=2
[000950075] ECUA PDUR  TX com=0 canif=0
[000950092] ECUA CAN   TX id=0x101 dlc=2 data=3c 04
[000950112] ECUA CANIF TX pdu=0
[000950112] ECUA OS    TASK_END Task_BswMain
[000950129] ECUA OS    TASK_START Task_Swc10ms prio=2
[000950146] ECUA RTE   CALL R_WheelSpeed_GetWheelSpeed
[000950179] ECUA RTE   WRITE P_VehicleSpeed_VehicleSpeed=1098
[000950212] ECUA OS    TASK_END Task_Swc10ms
[000960012] ECUA OS    ALARM Alarm_BswMain
[000960029] ECUA OS    ALARM Alarm_Swc10ms
[000960049] ECUA OS    TASK_START Task_BswMain prio=3
[000960072] ECUA OS    TASK_END Task_BswMain
[000960093] ECUA OS    TASK_START Task_Swc10ms prio=2
[000960112] ECUA RTE   CALL R_WheelSpeed_GetWheelSpeed
[000960129] ECUA RTE   WRITE P_VehicleSpeed_VehicleSpeed=1113
[000960145] ECUA OS    TASK_END Task_Swc10ms
[000970013] ECUA OS    ALARM Alarm_BswMain
[000970029] ECUA OS    ALARM Alarm_Swc10ms
[000970049] ECUA OS    TASK_START Task_BswMain prio=3
[000970071] ECUA COM   TX ipdu=0 len=2
[000970086] ECUA PDUR  TX com=0 canif=0
[000970104] ECUA CAN   TX id=0x101 dlc=2 data=59 04
[000970125] ECUA CANIF TX pdu=0
[000970129] ECUA OS    TASK_END Task_BswMain
[000970146] ECUA OS    TASK_START Task_Swc10ms prio=2
[000970179] ECUA RTE   CALL R_WheelSpeed_GetWheelSpeed
[000970196] ECUA RTE   WRITE P_VehicleSpeed_VehicleSpeed=1127
[000970228] ECUA OS    TASK_END Task_Swc10ms
[000980013] ECUA OS    ALARM Alarm_BswMain
[000980029] ECUA OS    ALARM Alarm_Swc10ms
[000980049] ECUA OS    TASK_START Task_BswMain prio=3
[000980073] ECUA OS    TASK_END Task_BswMain
[000980093] ECUA OS    TASK_START Task_Swc10ms prio=2
[000980111] ECUA RTE   CALL R_WheelSpeed_GetWheelSpeed
[000980129] ECUA RTE   WRITE P_VehicleSpeed_VehicleSpeed=1142
[000980146] ECUA OS    TASK_END Task_Swc10ms
[000990001] ECUA OS    ALARM Alarm_BswMain
[000990017] ECUA OS    ALARM Alarm_Swc10ms
[000990037] ECUA OS    TASK_START Task_BswMain prio=3
[000990059] ECUA COM   TX ipdu=0 len=2
[000990075] ECUA PDUR  TX com=0 canif=0
[000990092] ECUA CAN   TX id=0x101 dlc=2 data=76 04
[000990113] ECUA CANIF TX pdu=0
[000990113] ECUA OS    TASK_END Task_BswMain
[000990130] ECUA OS    TASK_START Task_Swc10ms prio=2
[000990146] ECUA RTE   CALL R_WheelSpeed_GetWheelSpeed
[000990180] ECUA RTE   WRITE P_VehicleSpeed_VehicleSpeed=1157
[000990212] ECUA OS    TASK_END Task_Swc10ms
[001000013] ECUA OS    ALARM Alarm_BswMain
[001000029] ECUA OS    ALARM Alarm_Swc10ms
[001000049] ECUA OS    TASK_START Task_BswMain prio=3
[001000073] ECUA OS    TASK_END Task_BswMain
[001000094] ECUA OS    TASK_START Task_Swc10ms prio=2
[001000113] ECUA RTE   CALL R_WheelSpeed_GetWheelSpeed
[001000129] ECUA SWC   SpeedSensor raw=2400 speed=1172
[001000146] ECUA RTE   WRITE P_VehicleSpeed_VehicleSpeed=1172
[001000171] ECUA OS    TASK_END Task_Swc10ms
[001010001] ECUA OS    ALARM Alarm_BswMain
[001010017] ECUA OS    ALARM Alarm_Swc10ms
[001010037] ECUA OS    TASK_START Task_BswMain prio=3
[001010060] ECUA COM   TX ipdu=0 len=2
[001010075] ECUA PDUR  TX com=0 canif=0
[001010093] ECUA CAN   TX id=0x101 dlc=2 data=94 04
[001010113] ECUA CANIF TX pdu=0
[001010113] ECUA OS    TASK_END Task_BswMain
[001010130] ECUA OS    TASK_START Task_Swc10ms prio=2
[001010147] ECUA RTE   CALL R_WheelSpeed_GetWheelSpeed
[001010180] ECUA BSW   IOHWAB ADC raw=2430
[001010197] ECUA RTE   WRITE P_VehicleSpeed_VehicleSpeed=1186
[001010213] ECUA OS    TASK_END Task_Swc10ms
[001020013] ECUA OS    ALARM Alarm_BswMain
[001020030] ECUA OS    ALARM Alarm_Swc10ms
[001020050] ECUA OS    TASK_START Task_BswMain prio=3
[001020074] ECUA OS    TASK_END Task_BswMain
[001020094] ECUA OS    TASK_START Task_Swc10ms prio=2
[001020113] ECUA RTE   CALL R_WheelSpeed_GetWheelSpeed
[001020130] ECUA RTE   WRITE P_VehicleSpeed_VehicleSpeed=1200
[001020146] ECUA OS    TASK_END Task_Swc10ms
[001030013] ECUA OS    ALARM Alarm_BswMain
[001030030] ECUA OS    ALARM Alarm_Swc10ms
[001030050] ECUA OS    TASK_START Task_BswMain prio=3
[001030072] ECUA COM   TX ipdu=0 len=2
[001030088] ECUA PDUR  TX com=0 canif=0
[001030105] ECUA CAN   TX id=0x101 dlc=2 data=b0 04
[001030113] ECUA CANIF TX pdu=0
[001030130] ECUA OS    TASK_END Task_BswMain
[001030147] ECUA OS    TASK_START Task_Swc10ms prio=2
[001030168] ECUA RTE   CALL R_WheelSpeed_GetWheelSpeed
[001030197] ECUA RTE   WRITE P_VehicleSpeed_VehicleSpeed=1215
[001030230] ECUA OS    TASK_END Task_Swc10ms
[001040013] ECUA OS    ALARM Alarm_BswMain
[001040030] ECUA OS    ALARM Alarm_Swc10ms
[001040050] ECUA OS    TASK_START Task_BswMain prio=3
[001040074] ECUA OS    TASK_END Task_BswMain
[001040094] ECUA OS    TASK_START Task_Swc10ms prio=2
[001040113] ECUA RTE   CALL R_WheelSpeed_GetWheelSpeed
[001040130] ECUA RTE   WRITE P_VehicleSpeed_VehicleSpeed=1230
[001040146] ECUA OS    TASK_END Task_Swc10ms
[001050014] ECUA OS    ALARM Alarm_BswMain
[001050030] ECUA OS    ALARM Alarm_Swc10ms
[001050050] ECUA OS    TASK_START Task_BswMain prio=3
[001050072] ECUA COM   TX ipdu=0 len=2
[001050088] ECUA PDUR  TX com=0 canif=0
[001050106] ECUA CAN   TX id=0x101 dlc=2 data=ce 04
[001050127] ECUA CANIF TX pdu=0
[001050130] ECUA OS    TASK_END Task_BswMain
[001050147] ECUA OS    TASK_START Task_Swc10ms prio=2
[001050181] ECUA RTE   CALL R_WheelSpeed_GetWheelSpeed
[001050198] ECUA RTE   WRITE P_VehicleSpeed_VehicleSpeed=1244
[001050230] ECUA OS    TASK_END Task_Swc10ms
[001060014] ECUA OS    ALARM Alarm_BswMain
[001060030] ECUA OS    ALARM Alarm_Swc10ms
[001060050] ECUA OS    TASK_START Task_BswMain prio=3
[001060074] ECUA OS    TASK_END Task_BswMain
[001060094] ECUA OS    TASK_START Task_Swc10ms prio=2
[001060114] ECUA RTE   CALL R_WheelSpeed_GetWheelSpeed
[001060130] ECUA RTE   WRITE P_VehicleSpeed_VehicleSpeed=1260
[001060147] ECUA OS    TASK_END Task_Swc10ms
[001070014] ECUA OS    ALARM Alarm_BswMain
[001070030] ECUA OS    ALARM Alarm_Swc10ms
[001070050] ECUA OS    TASK_START Task_BswMain prio=3
[001070073] ECUA COM   TX ipdu=0 len=2
[001070088] ECUA PDUR  TX com=0 canif=0
[001070106] ECUA CAN   TX id=0x101 dlc=2 data=ec 04
[001070127] ECUA CANIF TX pdu=0
[001070131] ECUA OS    TASK_END Task_BswMain
[001070148] ECUA OS    TASK_START Task_Swc10ms prio=2
[001070181] ECUA RTE   CALL R_WheelSpeed_GetWheelSpeed
[001070198] ECUA RTE   WRITE P_VehicleSpeed_VehicleSpeed=1274
[001070230] ECUA OS    TASK_END Task_Swc10ms
[001080014] ECUA OS    ALARM Alarm_BswMain
[001080030] ECUA OS    ALARM Alarm_Swc10ms
[001080050] ECUA OS    TASK_START Task_BswMain prio=3
[001080074] ECUA OS    TASK_END Task_BswMain
[001080095] ECUA OS    TASK_START Task_Swc10ms prio=2
[001080114] ECUA RTE   CALL R_WheelSpeed_GetWheelSpeed
[001080130] ECUA RTE   WRITE P_VehicleSpeed_VehicleSpeed=1288
[001080147] ECUA OS    TASK_END Task_Swc10ms
[001090014] ECUA OS    ALARM Alarm_BswMain
[001090031] ECUA OS    ALARM Alarm_Swc10ms
[001090050] ECUA OS    TASK_START Task_BswMain prio=3
[001090073] ECUA COM   TX ipdu=0 len=2
[001090088] ECUA PDUR  TX com=0 canif=0
[001090106] ECUA CAN   TX id=0x101 dlc=2 data=08 05
[001090114] ECUA CANIF TX pdu=0
[001090130] ECUA OS    TASK_END Task_BswMain
[001090131] ECUA OS    TASK_START Task_Swc10ms prio=2
[001090148] ECUA RTE   CALL R_WheelSpeed_GetWheelSpeed
[001090181] ECUA RTE   WRITE P_VehicleSpeed_VehicleSpeed=1303
[001090230] ECUA OS    TASK_END Task_Swc10ms
[001100014] ECUA OS    ALARM Alarm_BswMain
[001100031] ECUA OS    ALARM Alarm_Swc10ms
[001100051] ECUA OS    TASK_START Task_BswMain prio=3
[001100075] ECUA OS    TASK_END Task_BswMain
[001100095] ECUA OS    TASK_START Task_Swc10ms prio=2
[001100114] ECUA RTE   CALL R_WheelSpeed_GetWheelSpeed
[001100131] ECUA SWC   SpeedSensor raw=2699 speed=1318
[001100147] ECUA RTE   WRITE P_VehicleSpeed_VehicleSpeed=1318
[001100172] ECUA OS    TASK_END Task_Swc10ms
[001110014] ECUA OS    ALARM Alarm_BswMain
[001110031] ECUA OS    ALARM Alarm_Swc10ms
[001110051] ECUA OS    TASK_START Task_BswMain prio=3
[001110073] ECUA COM   TX ipdu=0 len=2
[001110088] ECUA PDUR  TX com=0 canif=0
[001110106] ECUA CAN   TX id=0x101 dlc=2 data=26 05
[001110127] ECUA CANIF TX pdu=0
[001110131] ECUA OS    TASK_END Task_BswMain
[001110148] ECUA OS    TASK_START Task_Swc10ms prio=2
[001110181] ECUA RTE   CALL R_WheelSpeed_GetWheelSpeed
[001110198] ECUA RTE   WRITE P_VehicleSpeed_VehicleSpeed=1333
[001110231] ECUA OS    TASK_END Task_Swc10ms
[001120014] ECUA OS    ALARM Alarm_BswMain
[001120031] ECUA OS    ALARM Alarm_Swc10ms
[001120051] ECUA OS    TASK_START Task_BswMain prio=3
[001120075] ECUA OS    TASK_END Task_BswMain
[001120095] ECUA OS    TASK_START Task_Swc10ms prio=2
[001120114] ECUA RTE   CALL R_WheelSpeed_GetWheelSpeed
[001120131] ECUA RTE   WRITE P_VehicleSpeed_VehicleSpeed=1347
[001120147] ECUA OS    TASK_END Task_Swc10ms
[001130001] ECUA OS    ALARM Alarm_BswMain
[001130017] ECUA OS    ALARM Alarm_Swc10ms
[001130037] ECUA OS    TASK_START Task_BswMain prio=3
[001130060] ECUA COM   TX ipdu=0 len=2
[001130075] ECUA PDUR  TX com=0 canif=0
[001130093] ECUA CAN   TX id=0x101 dlc=2 data=43 05
[001130114] ECUA CANIF TX pdu=0
[001130114] ECUA OS    TASK_END Task_BswMain
[001130131] ECUA OS    TASK_START Task_Swc10ms prio=2
[001130148] ECUA RTE   CALL R_WheelSpeed_GetWheelSpeed
[001130182] ECUA RTE   WRITE P_VehicleSpeed_VehicleSpeed=1362
[001130213] ECUA OS    TASK_END Task_Swc10ms
[001140015] ECUA OS    ALARM Alarm_BswMain
[001140031] ECUA OS    ALARM Alarm_Swc10ms
[001140051] ECUA OS    TASK_START Task_BswMain prio=3
[001140075] ECUA OS    TASK_END Task_BswMain
[001140095] ECUA OS    TASK_START Task_Swc10ms prio=2
[001140115] ECUA RTE   CALL R_WheelSpeed_GetWheelSpeed
[001140131] ECUA RTE   WRITE P_VehicleSpeed_VehicleSpeed=1376
[001140148] ECUA OS    TASK_END Task_Swc10ms
[001150001] ECUA OS    ALARM Alarm_BswMain
[001150017] ECUA OS    ALARM Alarm_Swc10ms
[001150037] ECUA OS    TASK_START Task_BswMain prio=3
[001150060] ECUA COM   TX ipdu=0 len=2
[001150075] ECUA PDUR  TX com=0 canif=0
[001150093] ECUA CAN   TX id=0x101 dlc=2 data=60 05
[001150114] ECUA CANIF TX pdu=0
[001150115] ECUA OS    TASK_END Task_BswMain
[001150132] ECUA OS    TASK_START Task_Swc10ms prio=2
[001150149] ECUA RTE   CALL R_WheelSpeed_GetWheelSpeed
[001150182] ECUA RTE   WRITE P_VehicleSpeed_VehicleSpeed=1391
[001150213] ECUA OS    TASK_END Task_Swc10ms
[001160015] ECUA OS    ALARM Alarm_BswMain
[001160031] ECUA OS    ALARM Alarm_Swc10ms
[001160051] ECUA OS    TASK_START Task_BswMain prio=3
[001160075] ECUA OS    TASK_END Task_BswMain
[001160096] ECUA OS    TASK_START Task_Swc10ms prio=2
[001160115] ECUA RTE   CALL R_WheelSpeed_GetWheelSpeed
[001160131] ECUA RTE   WRITE P_VehicleSpeed_VehicleSpeed=1406
[001160148] ECUA OS    TASK_END Task_Swc10ms
[001170001] ECUA OS    ALARM Alarm_BswMain
[001170017] ECUA OS    ALARM Alarm_Swc10ms
[001170037] ECUA OS    TASK_START Task_BswMain prio=3
[001170060] ECUA COM   TX ipdu=0 len=2
[001170075] ECUA PDUR  TX com=0 canif=0
[001170093] ECUA CAN   TX id=0x101 dlc=2 data=7e 05
[001170114] ECUA CANIF TX pdu=0
[001170115] ECUA OS    TASK_END Task_BswMain
[001170132] ECUA OS    TASK_START Task_Swc10ms prio=2
[001170149] ECUA RTE   CALL R_WheelSpeed_GetWheelSpeed
[001170182] ECUA RTE   WRITE P_VehicleSpeed_VehicleSpeed=1421
[001170214] ECUA OS    TASK_END Task_Swc10ms
[001180015] ECUA OS    ALARM Alarm_BswMain
[001180032] ECUA OS    ALARM Alarm_Swc10ms
[001180052] ECUA OS    TASK_START Task_BswMain prio=3
[001180075] ECUA OS    TASK_END Task_BswMain
[001180096] ECUA OS    TASK_START Task_Swc10ms prio=2
[001180115] ECUA RTE   CALL R_WheelSpeed_GetWheelSpeed
[001180132] ECUA RTE   WRITE P_VehicleSpeed_VehicleSpeed=1435
[001180148] ECUA OS    TASK_END Task_Swc10ms
[001190015] ECUA OS    ALARM Alarm_BswMain
[001190032] ECUA OS    ALARM Alarm_Swc10ms
[001190052] ECUA OS    TASK_START Task_BswMain prio=3
[001190074] ECUA COM   TX ipdu=0 len=2
[001190089] ECUA PDUR  TX com=0 canif=0
[001190107] ECUA CAN   TX id=0x101 dlc=2 data=9b 05
[001190115] ECUA CANIF TX pdu=0
[001190132] ECUA OS    TASK_END Task_BswMain
[001190149] ECUA OS    TASK_START Task_Swc10ms prio=2
[001190170] ECUA RTE   CALL R_WheelSpeed_GetWheelSpeed
[001190199] ECUA RTE   WRITE P_VehicleSpeed_VehicleSpeed=1450
[001190232] ECUA OS    TASK_END Task_Swc10ms
[001200015] ECUA OS    ALARM Alarm_BswMain
[001200032] ECUA OS    ALARM Alarm_Swc10ms
[001200052] ECUA OS    TASK_START Task_BswMain prio=3
[001200076] ECUA OS    TASK_END Task_BswMain
[001200096] ECUA OS    TASK_START Task_Swc10ms prio=2
[001200115] ECUA RTE   CALL R_WheelSpeed_GetWheelSpeed
[001200132] ECUA SWC   SpeedSensor raw=2999 speed=1464
[001200148] ECUA RTE   WRITE P_VehicleSpeed_VehicleSpeed=1464
[001200173] ECUA OS    TASK_END Task_Swc10ms
[001210001] ECUA OS    ALARM Alarm_BswMain
[001210017] ECUA OS    ALARM Alarm_Swc10ms
[001210037] ECUA OS    TASK_START Task_BswMain prio=3
[001210060] ECUA COM   TX ipdu=0 len=2
[001210075] ECUA PDUR  TX com=0 canif=0
[001210093] ECUA CAN   TX id=0x101 dlc=2 data=b8 05
[001210093] ECUA CANIF TX pdu=0
[001210115] ECUA OS    TASK_END Task_BswMain
[001210132] ECUA OS    TASK_START Task_Swc10ms prio=2
[001210149] ECUA RTE   CALL R_WheelSpeed_GetWheelSpeed
[001210183] ECUA RTE   WRITE P_VehicleSpeed_VehicleSpeed=1464
[001210214] ECUA OS    TASK_END Task_Swc10ms
[001220016] ECUA OS    ALARM Alarm_BswMain
[001220032] ECUA OS    ALARM Alarm_Swc10ms
[001220052] ECUA OS    TASK_START Task_BswMain prio=3
[001220076] ECUA OS    TASK_END Task_BswMain
[001220096] ECUA OS    TASK_START Task_Swc10ms prio=2
[001220116] ECUA RTE   CALL R_WheelSpeed_GetWheelSpeed
[001220132] ECUA RTE   WRITE P_VehicleSpeed_VehicleSpeed=1464
[001220149] ECUA OS    TASK_END Task_Swc10ms
[001230001] ECUA OS    ALARM Alarm_BswMain
[001230017] ECUA OS    ALARM Alarm_Swc10ms
[001230037] ECUA OS    TASK_START Task_BswMain prio=3
[001230060] ECUA COM   TX ipdu=0 len=2
[001230075] ECUA PDUR  TX com=0 canif=0
[001230093] ECUA CAN   TX id=0x101 dlc=2 data=b8 05
[001230114] ECUA CANIF TX pdu=0
[001230116] ECUA OS    TASK_END Task_BswMain
[001230133] ECUA OS    TASK_START Task_Swc10ms prio=2
[001230149] ECUA RTE   CALL R_WheelSpeed_GetWheelSpeed
[001230183] ECUA RTE   WRITE P_VehicleSpeed_VehicleSpeed=1464
[001230214] ECUA OS    TASK_END Task_Swc10ms
[001240016] ECUA OS    ALARM Alarm_BswMain
[001240032] ECUA OS    ALARM Alarm_Swc10ms
[001240052] ECUA OS    TASK_START Task_BswMain prio=3
[001240076] ECUA OS    TASK_END Task_BswMain
[001240097] ECUA OS    TASK_START Task_Swc10ms prio=2
[001240116] ECUA RTE   CALL R_WheelSpeed_GetWheelSpeed
[001240132] ECUA RTE   WRITE P_VehicleSpeed_VehicleSpeed=1464
[001240149] ECUA OS    TASK_END Task_Swc10ms
[001250016] ECUA OS    ALARM Alarm_BswMain
[001250032] ECUA OS    ALARM Alarm_Swc10ms
[001250052] ECUA OS    TASK_START Task_BswMain prio=3
[001250075] ECUA COM   TX ipdu=0 len=2
[001250090] ECUA PDUR  TX com=0 canif=0
[001250108] ECUA CAN   TX id=0x101 dlc=2 data=b8 05
[001250129] ECUA CANIF TX pdu=0
[001250133] ECUA OS    TASK_END Task_BswMain
[001250150] ECUA OS    TASK_START Task_Swc10ms prio=2
[001250171] ECUA RTE   CALL R_WheelSpeed_GetWheelSpeed
[001250200] ECUA RTE   WRITE P_VehicleSpeed_VehicleSpeed=1464
[001250232] ECUA OS    TASK_END Task_Swc10ms
[001260001] ECUA OS    ALARM Alarm_BswMain
[001260017] ECUA OS    ALARM Alarm_Swc10ms
[001260037] ECUA OS    TASK_START Task_BswMain prio=3
[001260061] ECUA OS    TASK_END Task_BswMain
[001260082] ECUA OS    TASK_START Task_Swc10ms prio=2
[001260102] ECUA RTE   CALL R_WheelSpeed_GetWheelSpeed
[001260116] ECUA RTE   WRITE P_VehicleSpeed_VehicleSpeed=1464
[001260149] ECUA OS    TASK_END Task_Swc10ms
[001270016] ECUA OS    ALARM Alarm_BswMain
[001270033] ECUA OS    ALARM Alarm_Swc10ms
[001270053] ECUA OS    TASK_START Task_BswMain prio=3
[001270075] ECUA COM   TX ipdu=0 len=2
[001270090] ECUA PDUR  TX com=0 canif=0
[001270108] ECUA CAN   TX id=0x101 dlc=2 data=b8 05
[001270129] ECUA CANIF TX pdu=0
[001270133] ECUA OS    TASK_END Task_BswMain
[001270150] ECUA OS    TASK_START Task_Swc10ms prio=2
[001270183] ECUA RTE   CALL R_WheelSpeed_GetWheelSpeed
[001270200] ECUA RTE   WRITE P_VehicleSpeed_VehicleSpeed=1464
[001270232] ECUA OS    TASK_END Task_Swc10ms
[001280016] ECUA OS    ALARM Alarm_BswMain
[001280033] ECUA OS    ALARM Alarm_Swc10ms
[001280053] ECUA OS    TASK_START Task_BswMain prio=3
[001280077] ECUA OS    TASK_END Task_BswMain
[001280097] ECUA OS    TASK_START Task_Swc10ms prio=2
[001280116] ECUA RTE   CALL R_WheelSpeed_GetWheelSpeed
[001280133] ECUA RTE   WRITE P_VehicleSpeed_VehicleSpeed=1464
[001280149] ECUA OS    TASK_END Task_Swc10ms
[001290001] ECUA OS    ALARM Alarm_BswMain
[001290017] ECUA OS    ALARM Alarm_Swc10ms
[001290037] ECUA OS    TASK_START Task_BswMain prio=3
[001290060] ECUA COM   TX ipdu=0 len=2
[001290075] ECUA PDUR  TX com=0 canif=0
[001290093] ECUA CAN   TX id=0x101 dlc=2 data=b8 05
[001290114] ECUA CANIF TX pdu=0
[001290116] ECUA OS    TASK_END Task_BswMain
[001290133] ECUA OS    TASK_START Task_Swc10ms prio=2
[001290150] ECUA RTE   CALL R_WheelSpeed_GetWheelSpeed
[001290184] ECUA RTE   WRITE P_VehicleSpeed_VehicleSpeed=1464
[001290215] ECUA OS    TASK_END Task_Swc10ms
[001300017] ECUA OS    ALARM Alarm_BswMain
[001300033] ECUA OS    ALARM Alarm_Swc10ms
[001300053] ECUA OS    TASK_START Task_BswMain prio=3
[001300077] ECUA OS    TASK_END Task_BswMain
[001300097] ECUA OS    TASK_START Task_Swc10ms prio=2
[001300117] ECUA RTE   CALL R_WheelSpeed_GetWheelSpeed
[001300133] ECUA SWC   SpeedSensor raw=2999 speed=1464
[001300150] ECUA RTE   WRITE P_VehicleSpeed_VehicleSpeed=1464
[001300175] ECUA OS    TASK_END Task_Swc10ms
[001310017] ECUA OS    ALARM Alarm_BswMain
[001310033] ECUA OS    ALARM Alarm_Swc10ms
[001310053] ECUA OS    TASK_START Task_BswMain prio=3
[001310076] ECUA COM   TX ipdu=0 len=2
[001310091] ECUA PDUR  TX com=0 canif=0
[001310109] ECUA CAN   TX id=0x101 dlc=2 data=b8 05
[001310117] ECUA CANIF TX pdu=0
[001310134] ECUA OS    TASK_END Task_BswMain
[001310150] ECUA OS    TASK_START Task_Swc10ms prio=2
[001310172] ECUA RTE   CALL R_WheelSpeed_GetWheelSpeed
[001310201] ECUA RTE   WRITE P_VehicleSpeed_VehicleSpeed=1464
[001310233] ECUA OS    TASK_END Task_Swc10ms
[001320017] ECUA OS    ALARM Alarm_BswMain
[001320033] ECUA OS    ALARM Alarm_Swc10ms
[001320053] ECUA OS    TASK_START Task_BswMain prio=3
[001320077] ECUA OS    TASK_END Task_BswMain
[001320097] ECUA OS    TASK_START Task_Swc10ms prio=2
[001320117] ECUA RTE   CALL R_WheelSpeed_GetWheelSpeed
[001320133] ECUA RTE   WRITE P_VehicleSpeed_VehicleSpeed=1464
[001320150] ECUA OS    TASK_END Task_Swc10ms
[001330017] ECUA OS    ALARM Alarm_BswMain
[001330033] ECUA OS    ALARM Alarm_Swc10ms
[001330053] ECUA OS    TASK_START Task_BswMain prio=3
[001330076] ECUA COM   TX ipdu=0 len=2
[001330091] ECUA PDUR  TX com=0 canif=0
[001330109] ECUA CAN   TX id=0x101 dlc=2 data=b8 05
[001330117] ECUA CANIF TX pdu=0
[001330134] ECUA OS    TASK_END Task_BswMain
[001330151] ECUA OS    TASK_START Task_Swc10ms prio=2
[001330172] ECUA RTE   CALL R_WheelSpeed_GetWheelSpeed
[001330201] ECUA RTE   WRITE P_VehicleSpeed_VehicleSpeed=1464
[001330233] ECUA OS    TASK_END Task_Swc10ms
[001340017] ECUA OS    ALARM Alarm_BswMain
[001340034] ECUA OS    ALARM Alarm_Swc10ms
[001340053] ECUA OS    TASK_START Task_BswMain prio=3
[001340077] ECUA OS    TASK_END Task_BswMain
[001340098] ECUA OS    TASK_START Task_Swc10ms prio=2
[001340117] ECUA RTE   CALL R_WheelSpeed_GetWheelSpeed
[001340133] ECUA RTE   WRITE P_VehicleSpeed_VehicleSpeed=1464
[001340150] ECUA OS    TASK_END Task_Swc10ms
[001350017] ECUA OS    ALARM Alarm_BswMain
[001350034] ECUA OS    ALARM Alarm_Swc10ms
[001350054] ECUA OS    TASK_START Task_BswMain prio=3
[001350076] ECUA COM   TX ipdu=0 len=2
[001350091] ECUA PDUR  TX com=0 canif=0
[001350109] ECUA CAN   TX id=0x101 dlc=2 data=b8 05
[001350117] ECUA CANIF TX pdu=0
[001350134] ECUA OS    TASK_END Task_BswMain
[001350151] ECUA OS    TASK_START Task_Swc10ms prio=2
[001350172] ECUA RTE   CALL R_WheelSpeed_GetWheelSpeed
[001350201] ECUA RTE   WRITE P_VehicleSpeed_VehicleSpeed=1464
[001350233] ECUA OS    TASK_END Task_Swc10ms
[001360017] ECUA OS    ALARM Alarm_BswMain
[001360034] ECUA OS    ALARM Alarm_Swc10ms
[001360054] ECUA OS    TASK_START Task_BswMain prio=3
[001360078] ECUA OS    TASK_END Task_BswMain
[001360098] ECUA OS    TASK_START Task_Swc10ms prio=2
[001360117] ECUA RTE   CALL R_WheelSpeed_GetWheelSpeed
[001360134] ECUA RTE   WRITE P_VehicleSpeed_VehicleSpeed=1464
[001360150] ECUA OS    TASK_END Task_Swc10ms
[001370017] ECUA OS    ALARM Alarm_BswMain
[001370034] ECUA OS    ALARM Alarm_Swc10ms
[001370054] ECUA OS    TASK_START Task_BswMain prio=3
[001370076] ECUA COM   TX ipdu=0 len=2
[001370092] ECUA PDUR  TX com=0 canif=0
[001370109] ECUA CAN   TX id=0x101 dlc=2 data=b8 05
[001370117] ECUA CANIF TX pdu=0
[001370134] ECUA OS    TASK_END Task_BswMain
[001370151] ECUA OS    TASK_START Task_Swc10ms prio=2
[001370173] ECUA RTE   CALL R_WheelSpeed_GetWheelSpeed
[001370206] ECUA RTE   WRITE P_VehicleSpeed_VehicleSpeed=1464
[001370234] ECUA OS    TASK_END Task_Swc10ms
[001380001] ECUA OS    ALARM Alarm_BswMain
[001380016] ECUA OS    ALARM Alarm_Swc10ms
[001380037] ECUA OS    TASK_START Task_BswMain prio=3
[001380061] ECUA OS    TASK_END Task_BswMain
[001380082] ECUA OS    TASK_START Task_Swc10ms prio=2
[001380102] ECUA RTE   CALL R_WheelSpeed_GetWheelSpeed
[001380117] ECUA RTE   WRITE P_VehicleSpeed_VehicleSpeed=1464
[001380134] ECUA OS    TASK_END Task_Swc10ms
[001390018] ECUA OS    ALARM Alarm_BswMain
[001390034] ECUA OS    ALARM Alarm_Swc10ms
[001390054] ECUA OS    TASK_START Task_BswMain prio=3
[001390076] ECUA COM   TX ipdu=0 len=2
[001390092] ECUA PDUR  TX com=0 canif=0
[001390110] ECUA CAN   TX id=0x101 dlc=2 data=b8 05
[001390131] ECUA CANIF TX pdu=0
[001390134] ECUA OS    TASK_END Task_BswMain
[001390151] ECUA OS    TASK_START Task_Swc10ms prio=2
[001390185] ECUA RTE   CALL R_WheelSpeed_GetWheelSpeed
[001390202] ECUA RTE   WRITE P_VehicleSpeed_VehicleSpeed=1464
[001390234] ECUA OS    TASK_END Task_Swc10ms
[001400018] ECUA OS    ALARM Alarm_BswMain
[001400034] ECUA OS    ALARM Alarm_Swc10ms
[001400054] ECUA OS    TASK_START Task_BswMain prio=3
[001400078] ECUA OS    TASK_END Task_BswMain
[001400098] ECUA OS    TASK_START Task_Swc10ms prio=2
[001400118] ECUA RTE   CALL R_WheelSpeed_GetWheelSpeed
[001400134] ECUA SWC   SpeedSensor raw=2999 speed=1464
[001400151] ECUA RTE   WRITE P_VehicleSpeed_VehicleSpeed=1464
[001400176] ECUA OS    TASK_END Task_Swc10ms
[001410018] ECUA OS    ALARM Alarm_BswMain
[001410034] ECUA OS    ALARM Alarm_Swc10ms
[001410054] ECUA OS    TASK_START Task_BswMain prio=3
[001410077] ECUA COM   TX ipdu=0 len=2
[001410092] ECUA PDUR  TX com=0 canif=0
[001410110] ECUA CAN   TX id=0x101 dlc=2 data=b8 05
[001410118] ECUA CANIF TX pdu=0
[001410135] ECUA OS    TASK_END Task_BswMain
[001410152] ECUA OS    TASK_START Task_Swc10ms prio=2
[001410173] ECUA RTE   CALL R_WheelSpeed_GetWheelSpeed
[001410202] ECUA RTE   WRITE P_VehicleSpeed_VehicleSpeed=1464
[001410234] ECUA OS    TASK_END Task_Swc10ms
[001420018] ECUA OS    ALARM Alarm_BswMain
[001420034] ECUA OS    ALARM Alarm_Swc10ms
[001420054] ECUA OS    TASK_START Task_BswMain prio=3
[001420078] ECUA OS    TASK_END Task_BswMain
[001420099] ECUA OS    TASK_START Task_Swc10ms prio=2
[001420118] ECUA RTE   CALL R_WheelSpeed_GetWheelSpeed
[001420134] ECUA RTE   WRITE P_VehicleSpeed_VehicleSpeed=1464
[001420151] ECUA OS    TASK_END Task_Swc10ms
[001430018] ECUA OS    ALARM Alarm_BswMain
[001430035] ECUA OS    ALARM Alarm_Swc10ms
[001430055] ECUA OS    TASK_START Task_BswMain prio=3
[001430077] ECUA COM   TX ipdu=0 len=2
[001430092] ECUA PDUR  TX com=0 canif=0
[001430110] ECUA CAN   TX id=0x101 dlc=2 data=b8 05
[001430131] ECUA CANIF TX pdu=0
[001430135] ECUA OS    TASK_END Task_BswMain
[001430152] ECUA OS    TASK_START Task_Swc10ms prio=2
[001430185] ECUA RTE   CALL R_WheelSpeed_GetWheelSpeed
[001430202] ECUA RTE   WRITE P_VehicleSpeed_VehicleSpeed=1464
[001430234] ECUA OS    TASK_END Task_Swc10ms
[001440018] ECUA OS    ALARM Alarm_BswMain
[001440035] ECUA OS    ALARM Alarm_Swc10ms
[001440055] ECUA OS    TASK_START Task_BswMain prio=3
[001440079] ECUA OS    TASK_END Task_BswMain
[001440099] ECUA OS    TASK_START Task_Swc10ms prio=2
[001440118] ECUA RTE   CALL R_WheelSpeed_GetWheelSpeed
[001440135] ECUA RTE   WRITE P_VehicleSpeed_VehicleSpeed=1464
[001440151] ECUA OS    TASK_END Task_Swc10ms
[001450018] ECUA OS    ALARM Alarm_BswMain
[001450035] ECUA OS    ALARM Alarm_Swc10ms
[001450055] ECUA OS    TASK_START Task_BswMain prio=3
[001450077] ECUA COM   TX ipdu=0 len=2
[001450093] ECUA PDUR  TX com=0 canif=0
[001450110] ECUA CAN   TX id=0x101 dlc=2 data=b8 05
[001450131] ECUA CANIF TX pdu=0
[001450135] ECUA OS    TASK_END Task_BswMain
[001450152] ECUA OS    TASK_START Task_Swc10ms prio=2
[001450185] ECUA RTE   CALL R_WheelSpeed_GetWheelSpeed
[001450202] ECUA RTE   WRITE P_VehicleSpeed_VehicleSpeed=1464
[001450235] ECUA OS    TASK_END Task_Swc10ms
[001460018] ECUA OS    ALARM Alarm_BswMain
[001460035] ECUA OS    ALARM Alarm_Swc10ms
[001460055] ECUA OS    TASK_START Task_BswMain prio=3
[001460079] ECUA OS    TASK_END Task_BswMain
[001460099] ECUA OS    TASK_START Task_Swc10ms prio=2
[001460118] ECUA RTE   CALL R_WheelSpeed_GetWheelSpeed
[001460135] ECUA RTE   WRITE P_VehicleSpeed_VehicleSpeed=1464
[001460152] ECUA OS    TASK_END Task_Swc10ms
[001470019] ECUA OS    ALARM Alarm_BswMain
[001470035] ECUA OS    ALARM Alarm_Swc10ms
[001470055] ECUA OS    TASK_START Task_BswMain prio=3
[001470077] ECUA COM   TX ipdu=0 len=2
[001470093] ECUA PDUR  TX com=0 canif=0
[001470111] ECUA CAN   TX id=0x101 dlc=2 data=b8 05
[001470132] ECUA CANIF TX pdu=0
[001470135] ECUA OS    TASK_END Task_BswMain
[001470152] ECUA OS    TASK_START Task_Swc10ms prio=2
[001470174] ECUA RTE   CALL R_WheelSpeed_GetWheelSpeed
[001470203] ECUA RTE   WRITE P_VehicleSpeed_VehicleSpeed=1464
[001470235] ECUA OS    TASK_END Task_Swc10ms
[001480019] ECUA OS    ALARM Alarm_BswMain
[001480035] ECUA OS    ALARM Alarm_Swc10ms
[001480055] ECUA OS    TASK_START Task_BswMain prio=3
[001480079] ECUA OS    TASK_END Task_BswMain
[001480099] ECUA OS    TASK_START Task_Swc10ms prio=2
[001480119] ECUA RTE   CALL R_WheelSpeed_GetWheelSpeed
[001480135] ECUA RTE   WRITE P_VehicleSpeed_VehicleSpeed=1464
[001480152] ECUA OS    TASK_END Task_Swc10ms
[001490019] ECUA OS    ALARM Alarm_BswMain
[001490035] ECUA OS    ALARM Alarm_Swc10ms
[001490055] ECUA OS    TASK_START Task_BswMain prio=3
[001490078] ECUA COM   TX ipdu=0 len=2
[001490093] ECUA PDUR  TX com=0 canif=0
[001490111] ECUA CAN   TX id=0x101 dlc=2 data=b8 05
[001490132] ECUA CANIF TX pdu=0
[001490136] ECUA OS    TASK_END Task_BswMain
[001490153] ECUA OS    TASK_START Task_Swc10ms prio=2
[001490174] ECUA RTE   CALL R_WheelSpeed_GetWheelSpeed
[001490203] ECUA RTE   WRITE P_VehicleSpeed_VehicleSpeed=1464
[001490235] ECUA OS    TASK_END Task_Swc10ms
[001500019] ECUA OS    ALARM Alarm_BswMain
[001500035] ECUA OS    ALARM Alarm_Swc10ms
[001500055] ECUA OS    TASK_START Task_BswMain prio=3
[001500079] ECUA OS    TASK_END Task_BswMain
[001500100] ECUA OS    TASK_START Task_Swc10ms prio=2
[001500119] ECUA RTE   CALL R_WheelSpeed_GetWheelSpeed
[001500135] ECUA SWC   SpeedSensor raw=2999 speed=1464
[001500152] ECUA RTE   WRITE P_VehicleSpeed_VehicleSpeed=1464
[001500177] ECUA OS    TASK_END Task_Swc10ms
[001510019] ECUA OS    ALARM Alarm_BswMain
[001510036] ECUA OS    ALARM Alarm_Swc10ms
[001510056] ECUA OS    TASK_START Task_BswMain prio=3
[001510078] ECUA COM   TX ipdu=0 len=2
[001510093] ECUA PDUR  TX com=0 canif=0
[001510111] ECUA CAN   TX id=0x101 dlc=2 data=b8 05
[001510119] ECUA CANIF TX pdu=0
[001510136] ECUA OS    TASK_END Task_BswMain
[001510153] ECUA OS    TASK_START Task_Swc10ms prio=2
[001510174] ECUA RTE   CALL R_WheelSpeed_GetWheelSpeed
[001510203] ECUA BSW   IOHWAB ADC raw=2999
[001510219] ECUA RTE   WRITE P_VehicleSpeed_VehicleSpeed=1464
[001510238] ECUA OS    TASK_END Task_Swc10ms
[001520019] ECUA OS    ALARM Alarm_BswMain
[001520036] ECUA OS    ALARM Alarm_Swc10ms
[001520056] ECUA OS    TASK_START Task_BswMain prio=3
[001520080] ECUA OS    TASK_END Task_BswMain
[001520100] ECUA OS    TASK_START Task_Swc10ms prio=2
[001520119] ECUA RTE   CALL R_WheelSpeed_GetWheelSpeed
[001520136] ECUA RTE   WRITE P_VehicleSpeed_VehicleSpeed=1464
[001520152] ECUA OS    TASK_END Task_Swc10ms
[001530019] ECUA OS    ALARM Alarm_BswMain
[001530036] ECUA OS    ALARM Alarm_Swc10ms
[001530056] ECUA OS    TASK_START Task_BswMain prio=3
[001530078] ECUA COM   TX ipdu=0 len=2
[001530094] ECUA PDUR  TX com=0 canif=0
[001530111] ECUA CAN   TX id=0x101 dlc=2 data=b8 05
[001530132] ECUA CANIF TX pdu=0
[001530136] ECUA OS    TASK_END Task_BswMain
[001530153] ECUA OS    TASK_START Task_Swc10ms prio=2
[001530174] ECUA RTE   CALL R_WheelSpeed_GetWheelSpeed
[001530203] ECUA RTE   WRITE P_VehicleSpeed_VehicleSpeed=1464
[001530236] ECUA OS    TASK_END Task_Swc10ms
[001540019] ECUA OS    ALARM Alarm_BswMain
[001540036] ECUA OS    ALARM Alarm_Swc10ms
[001540056] ECUA OS    TASK_START Task_BswMain prio=3
[001540080] ECUA OS    TASK_END Task_BswMain
[001540100] ECUA OS    TASK_START Task_Swc10ms prio=2
[001540119] ECUA RTE   CALL R_WheelSpeed_GetWheelSpeed
[001540136] ECUA RTE   WRITE P_VehicleSpeed_VehicleSpeed=1464
[001540152] ECUA OS    TASK_END Task_Swc10ms
[001550001] ECUA OS    ALARM Alarm_BswMain
[001550017] ECUA OS    ALARM Alarm_Swc10ms
[001550037] ECUA OS    TASK_START Task_BswMain prio=3
[001550060] ECUA COM   TX ipdu=0 len=2
[001550075] ECUA PDUR  TX com=0 canif=0
[001550093] ECUA CAN   TX id=0x101 dlc=2 data=b8 05
[001550114] ECUA CANIF TX pdu=0
[001550120] ECUA OS    TASK_END Task_BswMain
[001550136] ECUA OS    TASK_START Task_Swc10ms prio=2
[001550153] ECUA RTE   CALL R_WheelSpeed_GetWheelSpeed
[001550187] ECUA RTE   WRITE P_VehicleSpeed_VehicleSpeed=1464
[001550204] ECUA OS    TASK_END Task_Swc10ms
[001560020] ECUA OS    ALARM Alarm_BswMain
[001560036] ECUA OS    ALARM Alarm_Swc10ms
[001560056] ECUA OS    TASK_START Task_BswMain prio=3
[001560080] ECUA OS    TASK_END Task_BswMain
[001560100] ECUA OS    TASK_START Task_Swc10ms prio=2
[001560120] ECUA RTE   CALL R_WheelSpeed_GetWheelSpeed
[001560136] ECUA RTE   WRITE P_VehicleSpeed_VehicleSpeed=1464
[001560153] ECUA OS    TASK_END Task_Swc10ms
[001570020] ECUA OS    ALARM Alarm_BswMain
[001570036] ECUA OS    ALARM Alarm_Swc10ms
[001570056] ECUA OS    TASK_START Task_BswMain prio=3
[001570079] ECUA COM   TX ipdu=0 len=2
[001570094] ECUA PDUR  TX com=0 canif=0
[001570112] ECUA CAN   TX id=0x101 dlc=2 data=b8 05
[001570133] ECUA CANIF TX pdu=0
[001570137] ECUA OS    TASK_END Task_BswMain
[001570154] ECUA OS    TASK_START Task_Swc10ms prio=2
[001570175] ECUA RTE   CALL R_WheelSpeed_GetWheelSpeed
[001570204] ECUA RTE   WRITE P_VehicleSpeed_VehicleSpeed=1464
[001570236] ECUA OS    TASK_END Task_Swc10ms
[001580020] ECUA OS    ALARM Alarm_BswMain
[001580036] ECUA OS    ALARM Alarm_Swc10ms
[001580056] ECUA OS    TASK_START Task_BswMain prio=3
[001580080] ECUA OS    TASK_END Task_BswMain
[001580101] ECUA OS    TASK_START Task_Swc10ms prio=2
[001580120] ECUA RTE   CALL R_WheelSpeed_GetWheelSpeed
[001580136] ECUA RTE   WRITE P_VehicleSpeed_VehicleSpeed=1464
[001580153] ECUA OS    TASK_END Task_Swc10ms
[001590001] ECUA OS    ALARM Alarm_BswMain
[001590017] ECUA OS    ALARM Alarm_Swc10ms
[001590037] ECUA OS    TASK_START Task_BswMain prio=3
[001590060] ECUA COM   TX ipdu=0 len=2
[001590075] ECUA PDUR  TX com=0 canif=0
[001590093] ECUA CAN   TX id=0x101 dlc=2 data=b8 05
[001590114] ECUA CANIF TX pdu=0
[001590120] ECUA OS    TASK_END Task_BswMain
[001590137] ECUA OS    TASK_START Task_Swc10ms prio=2
[001590154] ECUA RTE   CALL R_WheelSpeed_GetWheelSpeed
[001590187] ECUA RTE   WRITE P_VehicleSpeed_VehicleSpeed=1464
[001590204] ECUA OS    TASK_END Task_Swc10ms
[001600020] ECUA OS    ALARM Alarm_BswMain
[001600037] ECUA OS    ALARM Alarm_Swc10ms
[001600057] ECUA OS    TASK_START Task_BswMain prio=3
[001600081] ECUA OS    TASK_END Task_BswMain
[001600101] ECUA OS    TASK_START Task_Swc10ms prio=2
[001600120] ECUA RTE   CALL R_WheelSpeed_GetWheelSpeed
[001600120] ECUA SWC   SpeedSensor raw=2999 speed=1464
[001600153] ECUA RTE   WRITE P_VehicleSpeed_VehicleSpeed=1464
[001600178] ECUA OS    TASK_END Task_Swc10ms
[001610020] ECUA OS    ALARM Alarm_BswMain
[001610037] ECUA OS    ALARM Alarm_Swc10ms
[001610057] ECUA OS    TASK_START Task_BswMain prio=3
[001610079] ECUA COM   TX ipdu=0 len=2
[001610094] ECUA PDUR  TX com=0 canif=0
[001610112] ECUA CAN   TX id=0x101 dlc=2 data=b8 05
[001610120] ECUA CANIF TX pdu=0
[001610137] ECUA OS    TASK_END Task_BswMain
[001610154] ECUA OS    TASK_START Task_Swc10ms prio=2
[001610175] ECUA RTE   CALL R_WheelSpeed_GetWheelSpeed
[001610204] ECUA RTE   WRITE P_VehicleSpeed_VehicleSpeed=1464
[001610237] ECUA OS    TASK_END Task_Swc10ms
[001620020] ECUA OS    ALARM Alarm_BswMain
[001620037] ECUA OS    ALARM Alarm_Swc10ms
[001620057] ECUA OS    TASK_START Task_BswMain prio=3
[001620081] ECUA OS    TASK_END Task_BswMain
[001620101] ECUA OS    TASK_START Task_Swc10ms prio=2
[001620120] ECUA RTE   CALL R_WheelSpeed_GetWheelSpeed
[001620137] ECUA RTE   WRITE P_VehicleSpeed_VehicleSpeed=1464
[001620170] ECUA OS    TASK_END Task_Swc10ms
[001630001] ECUA OS    ALARM Alarm_BswMain
[001630017] ECUA OS    ALARM Alarm_Swc10ms
[001630037] ECUA OS    TASK_START Task_BswMain prio=3
[001630060] ECUA COM   TX ipdu=0 len=2
[001630075] ECUA PDUR  TX com=0 canif=0
[001630093] ECUA CAN   TX id=0x101 dlc=2 data=b8 05
[001630114] ECUA CANIF TX pdu=0
[001630120] ECUA OS    TASK_END Task_BswMain
[001630137] ECUA OS    TASK_START Task_Swc10ms prio=2
[001630154] ECUA RTE   CALL R_WheelSpeed_GetWheelSpeed
[001630188] ECUA RTE   WRITE P_VehicleSpeed_VehicleSpeed=1464
[001630205] ECUA OS    TASK_END Task_Swc10ms
[001640021] ECUA OS    ALARM Alarm_BswMain
[001640037] ECUA OS    ALARM Alarm_Swc10ms
[001640057] ECUA OS    TASK_START Task_BswMain prio=3
[001640081] ECUA OS    TASK_END Task_BswMain
[001640101] ECUA OS    TASK_START Task_Swc10ms prio=2
[001640121] ECUA RTE   CALL R_WheelSpeed_GetWheelSpeed
[001640137] ECUA RTE   WRITE P_VehicleSpeed_VehicleSpeed=1464
[001640154] ECUA OS    TASK_END Task_Swc10ms
[001650021] ECUA OS    ALARM Alarm_BswMain
[001650037] ECUA OS    ALARM Alarm_Swc10ms
[001650057] ECUA OS    TASK_START Task_BswMain prio=3
[001650080] ECUA COM   TX ipdu=0 len=2
[001650095] ECUA PDUR  TX com=0 canif=0
[001650113] ECUA CAN   TX id=0x101 dlc=2 data=b8 05
[001650134] ECUA CANIF TX pdu=0
[001650138] ECUA OS    TASK_END Task_BswMain
[001650155] ECUA OS    TASK_START Task_Swc10ms prio=2
[001650155] ECUA RTE   CALL R_WheelSpeed_GetWheelSpeed
[001650176] ECUA RTE   WRITE P_VehicleSpeed_VehicleSpeed=1464
[001650221] ECUA OS    TASK_END Task_Swc10ms
[001660021] ECUA OS    ALARM Alarm_BswMain
[001660037] ECUA OS    ALARM Alarm_Swc10ms
[001660057] ECUA OS    TASK_START Task_BswMain prio=3
[001660081] ECUA OS    TASK_END Task_BswMain
[001660102] ECUA OS    TASK_START Task_Swc10ms prio=2
[001660121] ECUA RTE   CALL R_WheelSpeed_GetWheelSpeed
[001660137] ECUA RTE   WRITE P_VehicleSpeed_VehicleSpeed=1464
[001660154] ECUA OS    TASK_END Task_Swc10ms
[001670021] ECUA OS    ALARM Alarm_BswMain
[001670037] ECUA OS    ALARM Alarm_Swc10ms
[001670057] ECUA OS    TASK_START Task_BswMain prio=3
[001670080] ECUA COM   TX ipdu=0 len=2
[001670095] ECUA PDUR  TX com=0 canif=0
[001670113] ECUA CAN   TX id=0x101 dlc=2 data=b8 05
[001670121] ECUA CANIF TX pdu=0
[001670138] ECUA OS    TASK_END Task_BswMain
[001670155] ECUA OS    TASK_START Task_Swc10ms prio=2
[001670155] ECUA RTE   CALL R_WheelSpeed_GetWheelSpeed
[001670188] ECUA RTE   WRITE P_VehicleSpeed_VehicleSpeed=1464
[001670237] ECUA OS    TASK_END Task_Swc10ms
[001680001] ECUA OS    ALARM Alarm_BswMain
[001680017] ECUA OS    ALARM Alarm_Swc10ms
[001680037] ECUA OS    TASK_START Task_BswMain prio=3
[001680061] ECUA OS    TASK_END Task_BswMain
[001680082] ECUA OS    TASK_START Task_Swc10ms prio=2
[001680102] ECUA RTE   CALL R_WheelSpeed_GetWheelSpeed
[001680121] ECUA RTE   WRITE P_VehicleSpeed_VehicleSpeed=1464
[001680121] ECUA OS    TASK_END Task_Swc10ms
[001690021] ECUA OS    ALARM Alarm_BswMain
[001690038] ECUA OS    ALARM Alarm_Swc10ms
[001690058] ECUA OS    TASK_START Task_BswMain prio=3
[001690080] ECUA COM   TX ipdu=0 len=2
[001690095] ECUA PDUR  TX com=0 canif=0
[001690113] ECUA CAN   TX id=0x101 dlc=2 data=b8 05
[001690134] ECUA CANIF TX pdu=0
[001690138] ECUA OS    TASK_END Task_BswMain
[001690155] ECUA OS    TASK_START Task_Swc10ms prio=2
[001690188] ECUA RTE   CALL R_WheelSpeed_GetWheelSpeed
[001690205] ECUA RTE   WRITE P_VehicleSpeed_VehicleSpeed=1464
[001690238] ECUA OS    TASK_END Task_Swc10ms
[001700021] ECUA OS    ALARM Alarm_BswMain
[001700038] ECUA OS    ALARM Alarm_Swc10ms
[001700058] ECUA OS    TASK_START Task_BswMain prio=3
[001700082] ECUA OS    TASK_END Task_BswMain
[001700102] ECUA OS    TASK_START Task_Swc10ms prio=2
[001700121] ECUA RTE   CALL R_WheelSpeed_GetWheelSpeed
[001700138] ECUA SWC   SpeedSensor raw=2999 speed=1464
[001700154] ECUA RTE   WRITE P_VehicleSpeed_VehicleSpeed=1464
[001700179] ECUA OS    TASK_END Task_Swc10ms
[001710021] ECUA OS    ALARM Alarm_BswMain
[001710038] ECUA OS    ALARM Alarm_Swc10ms
[001710058] ECUA OS    TASK_START Task_BswMain prio=3
[001710080] ECUA COM   TX ipdu=0 len=2
[001710096] ECUA PDUR  TX com=0 canif=0
[001710113] ECUA CAN   TX id=0x101 dlc=2 data=b8 05
[001710135] ECUA CANIF TX pdu=0
[001710138] ECUA OS    TASK_END Task_BswMain
[001710155] ECUA OS    TASK_START Task_Swc10ms prio=2
[001710189] ECUA RTE   CALL R_WheelSpeed_GetWheelSpeed
[001710206] ECUA RTE   WRITE P_VehicleSpeed_VehicleSpeed=1464
[001710238] ECUA OS    TASK_END Task_Swc10ms
[001720022] ECUA OS    ALARM Alarm_BswMain
[001720038] ECUA OS    ALARM Alarm_Swc10ms
[001720058] ECUA OS    TASK_START Task_BswMain prio=3
[001720082] ECUA OS    TASK_END Task_BswMain
[001720102] ECUA OS    TASK_START Task_Swc10ms prio=2
[001720122] ECUA RTE   CALL R_WheelSpeed_GetWheelSpeed
[001720138] ECUA RTE   WRITE P_VehicleSpeed_VehicleSpeed=1464
[001720155] ECUA OS    TASK_END Task_Swc10ms
[001730022] ECUA OS    ALARM Alarm_BswMain
[001730038] ECUA OS    ALARM Alarm_Swc10ms
[001730058] ECUA OS    TASK_START Task_BswMain prio=3
[001730081] ECUA COM   TX ipdu=0 len=2
[001730096] ECUA PDUR  TX com=0 canif=0
[001730114] ECUA CAN   TX id=0x101 dlc=2 data=b8 05
[001730122] ECUA CANIF TX pdu=0
[001730139] ECUA OS    TASK_END Task_BswMain
[001730155] ECUA OS    TASK_START Task_Swc10ms prio=2
[001730177] ECUA RTE   CALL R_WheelSpeed_GetWheelSpeed
[001730206] ECUA RTE   WRITE P_VehicleSpeed_VehicleSpeed=1464
[001730238] ECUA OS    TASK_END Task_Swc10ms
[001740001] ECUA OS    ALARM Alarm_BswMain
[001740017] ECUA OS    ALARM Alarm_Swc10ms
[001740037] ECUA OS    TASK_START Task_BswMain prio=3
[001740061] ECUA OS    TASK_END Task_BswMain
[001740082] ECUA OS    TASK_START Task_Swc10ms prio=2
[001740102] ECUA RTE   CALL R_WheelSpeed_GetWheelSpeed
[001740122] ECUA RTE   WRITE P_VehicleSpeed_VehicleSpeed=1464
[001740138] ECUA OS    TASK_END Task_Swc10ms
[001750022] ECUA OS    ALARM Alarm_BswMain
[001750038] ECUA OS    ALARM Alarm_Swc10ms
[001750058] ECUA OS    TASK_START Task_BswMain prio=3
[001750081] ECUA COM   TX ipdu=0 len=2
[001750096] ECUA PDUR  TX com=0 canif=0
[001750114] ECUA CAN   TX id=0x101 dlc=2 data=b8 05
[001750122] ECUA CANIF TX pdu=0
[001750139] ECUA OS    TASK_END Task_BswMain
[001750156] ECUA OS    TASK_START Task_Swc10ms prio=2
[001750177] ECUA RTE   CALL R_WheelSpeed_GetWheelSpeed
[001750206] ECUA RTE   WRITE P_VehicleSpeed_VehicleSpeed=1464
[001750238] ECUA OS    TASK_END Task_Swc10ms
[001760022] ECUA OS    ALARM Alarm_BswMain
[001760039] ECUA OS    ALARM Alarm_Swc10ms
[001760059] ECUA OS    TASK_START Task_BswMain prio=3
[001760082] ECUA OS    TASK_END Task_BswMain
[001760103] ECUA OS    TASK_START Task_Swc10ms prio=2
[001760122] ECUA RTE   CALL R_WheelSpeed_GetWheelSpeed
[001760139] ECUA RTE   WRITE P_VehicleSpeed_VehicleSpeed=1464
[001760139] ECUA OS    TASK_END Task_Swc10ms
[001770022] ECUA OS    ALARM Alarm_BswMain
[001770039] ECUA OS    ALARM Alarm_Swc10ms
[001770059] ECUA OS    TASK_START Task_BswMain prio=3
[001770081] ECUA COM   TX ipdu=0 len=2
[001770096] ECUA PDUR  TX com=0 canif=0
[001770114] ECUA CAN   TX id=0x101 dlc=2 data=b8 05
[001770122] ECUA CANIF TX pdu=0
[001770139] ECUA OS    TASK_END Task_BswMain
[001770156] ECUA OS    TASK_START Task_Swc10ms prio=2
[001770177] ECUA RTE   CALL R_WheelSpeed_GetWheelSpeed
[001770190] ECUA RTE   WRITE P_VehicleSpeed_VehicleSpeed=1464
[001770222] ECUA OS    TASK_END Task_Swc10ms
[001780022] ECUA OS    ALARM Alarm_BswMain
[001780039] ECUA OS    ALARM Alarm_Swc10ms
[001780059] ECUA OS    TASK_START Task_BswMain prio=3
[001780083] ECUA OS    TASK_END Task_BswMain
[001780103] ECUA OS    TASK_START Task_Swc10ms prio=2
[001780122] ECUA RTE   CALL R_WheelSpeed_GetWheelSpeed
[001780139] ECUA RTE   WRITE P_VehicleSpeed_VehicleSpeed=1464
[001780155] ECUA OS    TASK_END Task_Swc10ms
[001790022] ECUA OS    ALARM Alarm_BswMain
[001790039] ECUA OS    ALARM Alarm_Swc10ms
[001790059] ECUA OS    TASK_START Task_BswMain prio=3
[001790081] ECUA COM   TX ipdu=0 len=2
[001790097] ECUA PDUR  TX com=0 canif=0
[001790114] ECUA CAN   TX id=0x101 dlc=2 data=b8 05
[001790135] ECUA CANIF TX pdu=0
[001790139] ECUA OS    TASK_END Task_BswMain
[001790156] ECUA OS    TASK_START Task_Swc10ms prio=2
[001790190] ECUA RTE   CALL R_WheelSpeed_GetWheelSpeed
[001790207] ECUA RTE   WRITE P_VehicleSpeed_VehicleSpeed=1464
[001790239] ECUA OS    TASK_END Task_Swc10ms
[001800023] ECUA OS    ALARM Alarm_BswMain
[001800039] ECUA OS    ALARM Alarm_Swc10ms
[001800059] ECUA OS    TASK_START Task_BswMain prio=3
[001800083] ECUA OS    TASK_END Task_BswMain
[001800103] ECUA OS    TASK_START Task_Swc10ms prio=2
[001800123] ECUA RTE   CALL R_WheelSpeed_GetWheelSpeed
[001800139] ECUA SWC   SpeedSensor raw=2999 speed=1464
[001800156] ECUA RTE   WRITE P_VehicleSpeed_VehicleSpeed=1464
[001800181] ECUA OS    TASK_END Task_Swc10ms
[001810001] ECUA OS    ALARM Alarm_BswMain
[001810017] ECUA OS    ALARM Alarm_Swc10ms
[001810037] ECUA OS    TASK_START Task_BswMain prio=3
[001810060] ECUA COM   TX ipdu=0 len=2
[001810075] ECUA PDUR  TX com=0 canif=0
[001810093] ECUA CAN   TX id=0x101 dlc=2 data=b8 05
[001810114] ECUA CANIF TX pdu=0
[001810123] ECUA OS    TASK_END Task_BswMain
[001810140] ECUA OS    TASK_START Task_Swc10ms prio=2
[001810156] ECUA RTE   CALL R_WheelSpeed_GetWheelSpeed
[001810190] ECUA RTE   WRITE P_VehicleSpeed_VehicleSpeed=1464
[001810207] ECUA OS    TASK_END Task_Swc10ms
[001820023] ECUA OS    ALARM Alarm_BswMain
[001820039] ECUA OS    ALARM Alarm_Swc10ms
[001820059] ECUA OS    TASK_START Task_BswMain prio=3
[001820083] ECUA OS    TASK_END Task_BswMain
[001820103] ECUA OS    TASK_START Task_Swc10ms prio=2
[001820123] ECUA RTE   CALL R_WheelSpeed_GetWheelSpeed
[001820139] ECUA RTE   WRITE P_VehicleSpeed_VehicleSpeed=1464
[001820156] ECUA OS    TASK_END Task_Swc10ms
[001830023] ECUA OS    ALARM Alarm_BswMain
[001830039] ECUA OS    ALARM Alarm_Swc10ms
[001830059] ECUA OS    TASK_START Task_BswMain prio=3
[001830082] ECUA COM   TX ipdu=0 len=2
[001830097] ECUA PDUR  TX com=0 canif=0
[001830115] ECUA CAN   TX id=0x101 dlc=2 data=b8 05
[001830123] ECUA CANIF TX pdu=0
[001830140] ECUA OS    TASK_END Task_BswMain
[001830157] ECUA OS    TASK_START Task_Swc10ms prio=2
[001830178] ECUA RTE   CALL R_WheelSpeed_GetWheelSpeed
[001830207] ECUA RTE   WRITE P_VehicleSpeed_VehicleSpeed=1464
[001830239] ECUA OS    TASK_END Task_Swc10ms
[001840023] ECUA OS    ALARM Alarm_BswMain
[001840040] ECUA OS    ALARM Alarm_Swc10ms
[001840059] ECUA OS    TASK_START Task_BswMain prio=3
[001840083] ECUA OS    TASK_END Task_BswMain
[001840104] ECUA OS    TASK_START Task_Swc10ms prio=2
[001840123] ECUA RTE   CALL R_WheelSpeed_GetWheelSpeed
[001840139] ECUA RTE   WRITE P_VehicleSpeed_VehicleSpeed=1464
[001840156] ECUA OS    TASK_END Task_Swc10ms
[001850001] ECUA OS    ALARM Alarm_BswMain
[001850017] ECUA OS    ALARM Alarm_Swc10ms
[001850037] ECUA OS    TASK_START Task_BswMain prio=3
[001850060] ECUA COM   TX ipdu=0 len=2
[001850075] ECUA PDUR  TX com=0 canif=0
[001850093] ECUA CAN   TX id=0x101 dlc=2 data=b8 05
[001850114] ECUA CANIF TX pdu=0
[001850123] ECUA OS    TASK_END Task_BswMain
[001850140] ECUA OS    TASK_START Task_Swc10ms prio=2
[001850157] ECUA RTE   CALL R_WheelSpeed_GetWheelSpeed
[001850178] ECUA RTE   WRITE P_VehicleSpeed_VehicleSpeed=1464
[001850217] ECUA OS    TASK_END Task_Swc10ms
[001860023] ECUA OS    ALARM Alarm_BswMain
[001860040] ECUA OS    ALARM Alarm_Swc10ms
[001860060] ECUA OS    TASK_START Task_BswMain prio=3
[001860084] ECUA OS    TASK_END Task_BswMain
[001860104] ECUA OS    TASK_START Task_Swc10ms prio=2
[001860123] ECUA RTE   CALL R_WheelSpeed_GetWheelSpeed
[001860140] ECUA RTE   WRITE P_VehicleSpeed_VehicleSpeed=1464
[001860156] ECUA OS    TASK_END Task_Swc10ms
[001870023] ECUA OS    ALARM Alarm_BswMain
[001870040] ECUA OS    ALARM Alarm_Swc10ms
[001870060] ECUA OS    TASK_START Task_BswMain prio=3
[001870082] ECUA COM   TX ipdu=0 len=2
[001870098] ECUA PDUR  TX com=0 canif=0
[001870115] ECUA CAN   TX id=0x101 dlc=2 data=b8 05
[001870136] ECUA CANIF TX pdu=0
[001870140] ECUA OS    TASK_END Task_BswMain
[001870171] ECUA OS    TASK_START Task_Swc10ms prio=2
[001870191] ECUA RTE   CALL R_WheelSpeed_GetWheelSpeed
[001870212] ECUA RTE   WRITE P_VehicleSpeed_VehicleSpeed=1464
[001870240] ECUA OS    TASK_END Task_Swc10ms
[001880024] ECUA OS    ALARM Alarm_BswMain
[001880040] ECUA OS    ALARM Alarm_Swc10ms
[001880060] ECUA OS    TASK_START Task_BswMain prio=3
[001880084] ECUA OS    TASK_END Task_BswMain
[001880104] ECUA OS    TASK_START Task_Swc10ms prio=2
[001880123] ECUA RTE   CALL R_WheelSpeed_GetWheelSpeed
[001880123] ECUA RTE   WRITE P_VehicleSpeed_VehicleSpeed=1464
[001880123] ECUA OS    TASK_END Task_Swc10ms
[001890024] ECUA OS    ALARM Alarm_BswMain
[001890040] ECUA OS    ALARM Alarm_Swc10ms
[001890060] ECUA OS    TASK_START Task_BswMain prio=3
[001890082] ECUA COM   TX ipdu=0 len=2
[001890098] ECUA PDUR  TX com=0 canif=0
[001890116] ECUA CAN   TX id=0x101 dlc=2 data=b8 05
[001890124] ECUA CANIF TX pdu=0
[001890140] ECUA OS    TASK_END Task_BswMain
[001890157] ECUA OS    TASK_START Task_Swc10ms prio=2
[001890179] ECUA RTE   CALL R_WheelSpeed_GetWheelSpeed
[001890208] ECUA RTE   WRITE P_VehicleSpeed_VehicleSpeed=1464
[001890240] ECUA OS    TASK_END Task_Swc10ms
[001900023] ECUA OS    ALARM Alarm_BswMain
[001900023] ECUA OS    ALARM Alarm_Swc10ms
[001900040] ECUA OS    TASK_START Task_BswMain prio=3
[001900073] ECUA OS    TASK_END Task_BswMain
[001900100] ECUA OS    TASK_START Task_Swc10ms prio=2
[001900122] ECUA RTE   CALL R_WheelSpeed_GetWheelSpeed
[001900139] ECUA SWC   SpeedSensor raw=2999 speed=1464
[001900155] ECUA RTE   WRITE P_VehicleSpeed_VehicleSpeed=1464
[001900180] ECUA OS    TASK_END Task_Swc10ms
[001910024] ECUA OS    ALARM Alarm_BswMain
[001910040] ECUA OS    ALARM Alarm_Swc10ms
[001910060] ECUA OS    TASK_START Task_BswMain prio=3
[001910083] ECUA COM   TX ipdu=0 len=2
[001910098] ECUA PDUR  TX com=0 canif=0
[001910116] ECUA CAN   TX id=0x101 dlc=2 data=b8 05
[001910124] ECUA CANIF TX pdu=0
[001910141] ECUA OS    TASK_END Task_BswMain
[001910158] ECUA OS    TASK_START Task_Swc10ms prio=2
[001910179] ECUA RTE   CALL R_WheelSpeed_GetWheelSpeed
[001910208] ECUA RTE   WRITE P_VehicleSpeed_VehicleSpeed=1464
[001910240] ECUA OS    TASK_END Task_Swc10ms
[001920024] ECUA OS    ALARM Alarm_BswMain
[001920040] ECUA OS    ALARM Alarm_Swc10ms
[001920060] ECUA OS    TASK_START Task_BswMain prio=3
[001920084] ECUA OS    TASK_END Task_BswMain
[001920105] ECUA OS    TASK_START Task_Swc10ms prio=2
[001920124] ECUA RTE   CALL R_WheelSpeed_GetWheelSpeed
[001920140] ECUA RTE   WRITE P_VehicleSpeed_VehicleSpeed=1464
[001920157] ECUA OS    TASK_END Task_Swc10ms
[001930024] ECUA OS    ALARM Alarm_BswMain
[001930041] ECUA OS    ALARM Alarm_Swc10ms
[001930061] ECUA OS    TASK_START Task_BswMain prio=3
[001930083] ECUA COM   TX ipdu=0 len=2
[001930098] ECUA PDUR  TX com=0 canif=0
[001930116] ECUA CAN   TX id=0x101 dlc=2 data=b8 05
[001930124] ECUA CANIF TX pdu=0
[001930141] ECUA OS    TASK_END Task_BswMain
[001930158] ECUA OS    TASK_START Task_Swc10ms prio=2
[001930179] ECUA RTE   CALL R_WheelSpeed_GetWheelSpeed
[001930208] ECUA RTE   WRITE P_VehicleSpeed_VehicleSpeed=1464
[001930240] ECUA OS    TASK_END Task_Swc10ms
[001940024] ECUA OS    ALARM Alarm_BswMain
[001940041] ECUA OS    ALARM Alarm_Swc10ms
[001940061] ECUA OS    TASK_START Task_BswMain prio=3
[001940085] ECUA OS    TASK_END Task_BswMain
[001940105] ECUA OS    TASK_START Task_Swc10ms prio=2
[001940123] ECUA RTE   CALL R_WheelSpeed_GetWheelSpeed
[001940141] ECUA RTE   WRITE P_VehicleSpeed_VehicleSpeed=1464
[001940157] ECUA OS    TASK_END Task_Swc10ms
[001950024] ECUA OS    ALARM Alarm_BswMain
[001950041] ECUA OS    ALARM Alarm_Swc10ms
[001950061] ECUA OS    TASK_START Task_BswMain prio=3
[001950083] ECUA COM   TX ipdu=0 len=2
[001950099] ECUA PDUR  TX com=0 canif=0
[001950116] ECUA CAN   TX id=0x101 dlc=2 data=b8 05
[001950124] ECUA CANIF TX pdu=0
[001950151] ECUA OS    TASK_END Task_BswMain
[001950172] ECUA OS    TASK_START Task_Swc10ms prio=2
[001950191] ECUA RTE   CALL R_WheelSpeed_GetWheelSpeed
[001950213] ECUA RTE   WRITE P_VehicleSpeed_VehicleSpeed=1464
[001950241] ECUA OS    TASK_END Task_Swc10ms
[001960024] ECUA OS    ALARM Alarm_BswMain
[001960041] ECUA OS    ALARM Alarm_Swc10ms
[001960061] ECUA OS    TASK_START Task_BswMain prio=3
[001960085] ECUA OS    TASK_END Task_BswMain
[001960105] ECUA OS    TASK_START Task_Swc10ms prio=2
[001960123] ECUA RTE   CALL R_WheelSpeed_GetWheelSpeed
[001960141] ECUA RTE   WRITE P_VehicleSpeed_VehicleSpeed=1464
[001960158] ECUA OS    TASK_END Task_Swc10ms
[001970025] ECUA OS    ALARM Alarm_BswMain
[001970041] ECUA OS    ALARM Alarm_Swc10ms
[001970061] ECUA OS    TASK_START Task_BswMain prio=3
[001970083] ECUA COM   TX ipdu=0 len=2
[001970099] ECUA PDUR  TX com=0 canif=0
[001970117] ECUA CAN   TX id=0x101 dlc=2 data=b8 05
[001970125] ECUA CANIF TX pdu=0
[001970141] ECUA OS    TASK_END Task_BswMain
[001970158] ECUA OS    TASK_START Task_Swc10ms prio=2
[001970180] ECUA RTE   CALL R_WheelSpeed_GetWheelSpeed
[001970209] ECUA RTE   WRITE P_VehicleSpeed_VehicleSpeed=1464
[001970241] ECUA OS    TASK_END Task_Swc10ms
[001980025] ECUA OS    ALARM Alarm_BswMain
[001980041] ECUA OS    ALARM Alarm_Swc10ms
[001980061] ECUA OS    TASK_START Task_BswMain prio=3
[001980085] ECUA OS    TASK_END Task_BswMain
[001980105] ECUA OS    TASK_START Task_Swc10ms prio=2
[001980125] ECUA RTE   CALL R_WheelSpeed_GetWheelSpeed
[001980141] ECUA RTE   WRITE P_VehicleSpeed_VehicleSpeed=1464
[001980158] ECUA OS    TASK_END Task_Swc10ms
[001990025] ECUA OS    ALARM Alarm_BswMain
[001990041] ECUA OS    ALARM Alarm_Swc10ms
[001990061] ECUA OS    TASK_START Task_BswMain prio=3
[001990084] ECUA COM   TX ipdu=0 len=2
[001990099] ECUA PDUR  TX com=0 canif=0
[001990117] ECUA CAN   TX id=0x101 dlc=2 data=b8 05
[001990125] ECUA CANIF TX pdu=0
[001990125] ECUA OS    TASK_END Task_BswMain
[001990142] ECUA OS    TASK_START Task_Swc10ms prio=2
[001990159] ECUA RTE   CALL R_WheelSpeed_GetWheelSpeed
[001990192] ECUA RTE   WRITE P_VehicleSpeed_VehicleSpeed=1464
[001990241] ECUA OS    TASK_END Task_Swc10ms
[002000025] ECUA OS    ALARM Alarm_BswMain
[002000041] ECUA OS    ALARM Alarm_Swc10ms
[002000061] ECUA OS    TASK_START Task_BswMain prio=3
[002000085] ECUA OS    TASK_END Task_BswMain
[002000106] ECUA OS    TASK_START Task_Swc10ms prio=2
[002000125] ECUA RTE   CALL R_WheelSpeed_GetWheelSpeed
[002000141] ECUA SWC   SpeedSensor raw=2999 speed=1464
[002000158] ECUA RTE   WRITE P_VehicleSpeed_VehicleSpeed=1464
[002000183] ECUA OS    TASK_END Task_Swc10ms
[002010025] ECUA OS    ALARM Alarm_BswMain
[002010042] ECUA OS    ALARM Alarm_Swc10ms
[002010062] ECUA OS    TASK_START Task_BswMain prio=3
[002010084] ECUA COM   TX ipdu=0 len=2
[002010099] ECUA PDUR  TX com=0 canif=0
[002010117] ECUA CAN   TX id=0x101 dlc=2 data=b8 05
[002010138] ECUA CANIF TX pdu=0
[002010142] ECUA OS    TASK_END Task_BswMain
[002010159] ECUA OS    TASK_START Task_Swc10ms prio=2
[002010192] ECUA RTE   CALL R_WheelSpeed_GetWheelSpeed
[002010209] ECUA BSW   IOHWAB ADC raw=2999
[002010225] ECUA RTE   WRITE P_VehicleSpeed_VehicleSpeed=1464
[002010244] ECUA OS    TASK_END Task_Swc10ms
[002020025] ECUA OS    ALARM Alarm_BswMain
[002020042] ECUA OS    ALARM Alarm_Swc10ms
[002020062] ECUA OS    TASK_START Task_BswMain prio=3
[002020086] ECUA OS    TASK_END Task_BswMain
[002020106] ECUA OS    TASK_START Task_Swc10ms prio=2
[002020125] ECUA RTE   CALL R_WheelSpeed_GetWheelSpeed
[002020142] ECUA RTE   WRITE P_VehicleSpeed_VehicleSpeed=1464
[002020158] ECUA OS    TASK_END Task_Swc10ms
[002030001] ECUA OS    ALARM Alarm_BswMain
[002030017] ECUA OS    ALARM Alarm_Swc10ms
[002030037] ECUA OS    TASK_START Task_BswMain prio=3
[002030060] ECUA COM   TX ipdu=0 len=2
[002030075] ECUA PDUR  TX com=0 canif=0
[002030093] ECUA CAN   TX id=0x101 dlc=2 data=b8 05
[002030114] ECUA CANIF TX pdu=0
[002030125] ECUA OS    TASK_END Task_BswMain
[002030142] ECUA OS    TASK_START Task_Swc10ms prio=2
[002030159] ECUA RTE   CALL R_WheelSpeed_GetWheelSpeed
[002030180] ECUA RTE   WRITE P_VehicleSpeed_VehicleSpeed=1464
[002030209] ECUA OS    TASK_END Task_Swc10ms
[002040025] ECUA OS    ALARM Alarm_BswMain
[002040042] ECUA OS    ALARM Alarm_Swc10ms
[002040062] ECUA OS    TASK_START Task_BswMain prio=3
[002040086] ECUA OS    TASK_END Task_BswMain
[002040106] ECUA OS    TASK_START Task_Swc10ms prio=2
[002040125] ECUA RTE   CALL R_WheelSpeed_GetWheelSpeed
[002040142] ECUA RTE   WRITE P_VehicleSpeed_VehicleSpeed=1464
[002040158] ECUA OS    TASK_END Task_Swc10ms
[002050026] ECUA OS    ALARM Alarm_BswMain
[002050042] ECUA OS    ALARM Alarm_Swc10ms
[002050062] ECUA OS    TASK_START Task_BswMain prio=3
[002050084] ECUA COM   TX ipdu=0 len=2
[002050100] ECUA PDUR  TX com=0 canif=0
[002050118] ECUA CAN   TX id=0x101 dlc=2 data=b8 05
[002050139] ECUA CANIF TX pdu=0
[002050142] ECUA OS    TASK_END Task_BswMain
[002050159] ECUA OS    TASK_START Task_Swc10ms prio=2
[002050193] ECUA RTE   CALL R_WheelSpeed_GetWheelSpeed
[002050210] ECUA RTE   WRITE P_VehicleSpeed_VehicleSpeed=1464
[002050242] ECUA OS    TASK_END Task_Swc10ms
[002060026] ECUA OS    ALARM Alarm_BswMain
[002060042] ECUA OS    ALARM Alarm_Swc10ms
[002060062] ECUA OS    TASK_START Task_BswMain prio=3
[002060086] ECUA OS    TASK_END Task_BswMain
[002060106] ECUA OS    TASK_START Task_Swc10ms prio=2
[002060124] ECUA RTE   CALL R_WheelSpeed_GetWheelSpeed
[002060142] ECUA RTE   WRITE P_VehicleSpeed_VehicleSpeed=1464
[002060159] ECUA OS    TASK_END Task_Swc10ms
[002070026] ECUA OS    ALARM Alarm_BswMain
[002070042] ECUA OS    ALARM Alarm_Swc10ms
[002070062] ECUA OS    TASK_START Task_BswMain prio=3
[002070085] ECUA COM   TX ipdu=0 len=2
[002070100] ECUA PDUR  TX com=0 canif=0
[002070118] ECUA CAN   TX id=0x101 dlc=2 data=b8 05
[002070126] ECUA CANIF TX pdu=0
[002070126] ECUA OS    TASK_END Task_BswMain
[002070160] ECUA OS    TASK_START Task_Swc10ms prio=2
[002070181] ECUA RTE   CALL R_WheelSpeed_GetWheelSpeed
[002070210] ECUA RTE   WRITE P_VehicleSpeed_VehicleSpeed=1464
[002070242] ECUA OS    TASK_END Task_Swc10ms
[002080026] ECUA OS    ALARM Alarm_BswMain
[002080042] ECUA OS    ALARM Alarm_Swc10ms
[002080062] ECUA OS    TASK_START Task_BswMain prio=3
[002080086] ECUA OS    TASK_END Task_BswMain
[002080107] ECUA OS    TASK_START Task_Swc10ms prio=2
[002080124] ECUA RTE   CALL R_WheelSpeed_GetWheelSpeed
[002080142] ECUA RTE   WRITE P_VehicleSpeed_VehicleSpeed=1464
[002080142] ECUA OS    TASK_END Task_Swc10ms
[002090026] ECUA OS    ALARM Alarm_BswMain
[002090043] ECUA OS    ALARM Alarm_Swc10ms
[002090062] ECUA OS    TASK_START Task_BswMain prio=3
[002090085] ECUA COM   TX ipdu=0 len=2
[002090100] ECUA PDUR  TX com=0 canif=0
[002090118] ECUA CAN   TX id=0x101 dlc=2 data=b8 05
[002090139] ECUA CANIF TX pdu=0
[002090153] ECUA OS    TASK_END Task_BswMain
[002090173] ECUA OS    TASK_START Task_Swc10ms prio=2
[002090193] ECUA RTE   CALL R_WheelSpeed_GetWheelSpeed
[002090215] ECUA RTE   WRITE P_VehicleSpeed_VehicleSpeed=1464
[002090242] ECUA OS    TASK_END Task_Swc10ms
[002100026] ECUA OS    ALARM Alarm_BswMain
[002100043] ECUA OS    ALARM Alarm_Swc10ms
[002100063] ECUA OS    TASK_START Task_BswMain prio=3
[002100087] ECUA OS    TASK_END Task_BswMain
[002100107] ECUA OS    TASK_START Task_Swc10ms prio=2
[002100126] ECUA RTE   CALL R_WheelSpeed_GetWheelSpeed
[002100143] ECUA SWC   SpeedSensor raw=2999 speed=1464
[002100159] ECUA RTE   WRITE P_VehicleSpeed_VehicleSpeed=1464
[002100184] ECUA OS    TASK_END Task_Swc10ms
[002110026] ECUA OS    ALARM Alarm_BswMain
[002110043] ECUA OS    ALARM Alarm_Swc10ms
[002110063] ECUA OS    TASK_START Task_BswMain prio=3
[002110085] ECUA COM   TX ipdu=0 len=2
[002110100] ECUA PDUR  TX com=0 canif=0
[002110118] ECUA CAN   TX id=0x101 dlc=2 data=b8 05
[002110139] ECUA CANIF TX pdu=0
[002110143] ECUA OS    TASK_END Task_BswMain
[002110160] ECUA OS    TASK_START Task_Swc10ms prio=2
[002110193] ECUA RTE   CALL R_WheelSpeed_GetWheelSpeed
[002110215] ECUA RTE   WRITE P_VehicleSpeed_VehicleSpeed=1464
[002110243] ECUA OS    TASK_END Task_Swc10ms
[002120026] ECUA OS    ALARM Alarm_BswMain
[002120043] ECUA OS    ALARM Alarm_Swc10ms
[002120063] ECUA OS    TASK_START Task_BswMain prio=3
[002120087] ECUA OS    TASK_END Task_BswMain
[002120107] ECUA OS    TASK_START Task_Swc10ms prio=2
[002120126] ECUA RTE   CALL R_WheelSpeed_GetWheelSpeed
[002120143] ECUA RTE   WRITE P_VehicleSpeed_VehicleSpeed=1464
[002120159] ECUA OS    TASK_END Task_Swc10ms
[002130027] ECUA OS    ALARM Alarm_BswMain
[002130043] ECUA OS    ALARM Alarm_Swc10ms
[002130063] ECUA OS    TASK_START Task_BswMain prio=3
[002130085] ECUA COM   TX ipdu=0 len=2
[002130101] ECUA PDUR  TX com=0 canif=0
[002130119] ECUA CAN   TX id=0x101 dlc=2 data=b8 05
[002130126] ECUA CANIF TX pdu=0
[002130143] ECUA OS    TASK_END Task_BswMain
[002130160] ECUA OS    TASK_START Task_Swc10ms prio=2
[002130194] ECUA RTE   CALL R_WheelSpeed_GetWheelSpeed
[002130211] ECUA RTE   WRITE P_VehicleSpeed_VehicleSpeed=1464
[002130243] ECUA OS    TASK_END Task_Swc10ms
[002140027] ECUA OS    ALARM Alarm_BswMain
[002140043] ECUA OS    ALARM Alarm_Swc10ms
[002140063] ECUA OS    TASK_START Task_BswMain prio=3
[002140087] ECUA OS    TASK_END Task_BswMain
[002140107] ECUA OS    TASK_START Task_Swc10ms prio=2
[002140127] ECUA RTE   CALL R_WheelSpeed_GetWheelSpeed
[002140143] ECUA RTE   WRITE P_VehicleSpeed_VehicleSpeed=1464
[002140160] ECUA OS    TASK_END Task_Swc10ms
[002150027] ECUA OS    ALARM Alarm_BswMain
[002150043] ECUA OS    ALARM Alarm_Swc10ms
[002150063] ECUA OS    TASK_START Task_BswMain prio=3
[002150086] ECUA COM   TX ipdu=0 len=2
[002150101] ECUA PDUR  TX com=0 canif=0
[002150119] ECUA CAN   TX id=0x101 dlc=2 data=b8 05
[002150127] ECUA CANIF TX pdu=0
[002150144] ECUA OS    TASK_END Task_BswMain
[002150161] ECUA OS    TASK_START Task_Swc10ms prio=2
[002150182] ECUA RTE   CALL R_WheelSpeed_GetWheelSpeed
[002150216] ECUA RTE   WRITE P_VehicleSpeed_VehicleSpeed=1464
[002150243] ECUA OS    TASK_END Task_Swc10ms
[002160027] ECUA OS    ALARM Alarm_BswMain
[002160043] ECUA OS    ALARM Alarm_Swc10ms
[002160063] ECUA OS    TASK_START Task_BswMain prio=3
[002160087] ECUA OS    TASK_END Task_BswMain
[002160108] ECUA OS    TASK_START Task_Swc10ms prio=2
[002160127] ECUA RTE   CALL R_WheelSpeed_GetWheelSpeed
[002160143] ECUA RTE   WRITE P_VehicleSpeed_VehicleSpeed=1464
[002160160] ECUA OS    TASK_END Task_Swc10ms
[002170001] ECUA OS    ALARM Alarm_BswMain
[002170017] ECUA OS    ALARM Alarm_Swc10ms
[002170037] ECUA OS    TASK_START Task_BswMain prio=3
[002170060] ECUA COM   TX ipdu=0 len=2
[002170075] ECUA PDUR  TX com=0 canif=0
[002170093] ECUA CAN   TX id=0x101 dlc=2 data=b8 05
[002170114] ECUA CANIF TX pdu=0
[002170126] ECUA OS    TASK_END Task_BswMain
[002170127] ECUA OS    TASK_START Task_Swc10ms prio=2
[002170161] ECUA RTE   CALL R_WheelSpeed_GetWheelSpeed
[002170182] ECUA RTE   WRITE P_VehicleSpeed_VehicleSpeed=1464
[002170211] ECUA OS    TASK_END Task_Swc10ms
[002180027] ECUA OS    ALARM Alarm_BswMain
[002180044] ECUA OS    ALARM Alarm_Swc10ms
[002180064] ECUA OS    TASK_START Task_BswMain prio=3
[002180087] ECUA OS    TASK_END Task_BswMain
[002180108] ECUA OS    TASK_START Task_Swc10ms prio=2
[002180127] ECUA RTE   CALL R_WheelSpeed_GetWheelSpeed
[002180144] ECUA RTE   WRITE P_VehicleSpeed_VehicleSpeed=1464
[002180160] ECUA OS    TASK_END Task_Swc10ms
[002190001] ECUA OS    ALARM Alarm_BswMain
[002190017] ECUA OS    ALARM Alarm_Swc10ms
[002190037] ECUA OS    TASK_START Task_BswMain prio=3
[002190060] ECUA COM   TX ipdu=0 len=2
[002190075] ECUA PDUR  TX com=0 canif=0
[002190093] ECUA CAN   TX id=0x101 dlc=2 data=b8 05
[002190114] ECUA CANIF TX pdu=0
[002190127] ECUA OS    TASK_END Task_BswMain
[002190144] ECUA OS    TASK_START Task_Swc10ms prio=2
[002190161] ECUA RTE   CALL R_WheelSpeed_GetWheelSpeed
[002190182] ECUA RTE   WRITE P_VehicleSpeed_VehicleSpeed=1464
[002190211] ECUA OS    TASK_END Task_Swc10ms
[002200027] ECUA OS    ALARM Alarm_BswMain
[002200027] ECUA OS    ALARM Alarm_Swc10ms
[002200044] ECUA OS    TASK_START Task_BswMain prio=3
[002200076] ECUA OS    TASK_END Task_BswMain
[002200100] ECUA OS    TASK_START Task_Swc10ms prio=2
[002200126] ECUA RTE   CALL R_WheelSpeed_GetWheelSpeed
[002200150] ECUA SWC   SpeedSensor raw=2999 speed=1464
[002200171] ECUA RTE   WRITE P_VehicleSpeed_VehicleSpeed=1464
[002200198] ECUA OS    TASK_END Task_Swc10ms
[002210027] ECUA OS    ALARM Alarm_BswMain
[002210044] ECUA OS    ALARM Alarm_Swc10ms
[002210064] ECUA OS    TASK_START Task_BswMain prio=3
[002210086] ECUA COM   TX ipdu=0 len=2
[002210102] ECUA PDUR  TX com=0 canif=0
[002210119] ECUA CAN   TX id=0x101 dlc=2 data=b8 05
[002210127] ECUA CANIF TX pdu=0
[002210144] ECUA OS    TASK_END Task_BswMain
[002210161] ECUA OS    TASK_START Task_Swc10ms prio=2
[002210183] ECUA RTE   CALL R_WheelSpeed_GetWheelSpeed
[002210212] ECUA RTE   WRITE P_VehicleSpeed_VehicleSpeed=1464
[002210227] ECUA OS    TASK_END Task_Swc10ms
[002220028] ECUA OS    ALARM Alarm_BswMain
[002220044] ECUA OS    ALARM Alarm_Swc10ms
[002220064] ECUA OS    TASK_START Task_BswMain prio=3
[002220088] ECUA OS    TASK_END Task_BswMain
[002220108] ECUA OS    TASK_START Task_Swc10ms prio=2
[002220128] ECUA RTE   CALL R_WheelSpeed_GetWheelSpeed
[002220144] ECUA RTE   WRITE P_VehicleSpeed_VehicleSpeed=1464
[002220161] ECUA OS    TASK_END Task_Swc10ms
[002230028] ECUA OS    ALARM Alarm_BswMain
[002230044] ECUA OS    ALARM Alarm_Swc10ms
[002230064] ECUA OS    TASK_START Task_BswMain prio=3
[002230087] ECUA COM   TX ipdu=0 len=2
[002230102] ECUA PDUR  TX com=0 canif=0
[002230120] ECUA CAN   TX id=0x101 dlc=2 data=b8 05
[002230128] ECUA CANIF TX pdu=0
[002230145] ECUA OS    TASK_END Task_BswMain
[002230161] ECUA OS    TASK_START Task_Swc10ms prio=2
[002230183] ECUA RTE   CALL R_WheelSpeed_GetWheelSpeed
[002230212] ECUA RTE   WRITE P_VehicleSpeed_VehicleSpeed=1464
[002230244] ECUA OS    TASK_END Task_Swc10ms
[002240028] ECUA OS    ALARM Alarm_BswMain
[002240044] ECUA OS    ALARM Alarm_Swc10ms
[002240064] ECUA OS    TASK_START Task_BswMain prio=3
[002240088] ECUA OS    TASK_END Task_BswMain
[002240109] ECUA OS    TASK_START Task_Swc10ms prio=2
[002240128] ECUA RTE   CALL R_WheelSpeed_GetWheelSpeed
[002240144] ECUA RTE   WRITE P_VehicleSpeed_VehicleSpeed=1464
[002240161] ECUA OS    TASK_END Task_Swc10ms
[002250028] ECUA OS    ALARM Alarm_BswMain
[002250044] ECUA OS    ALARM Alarm_Swc10ms
[002250064] ECUA OS    TASK_START Task_BswMain prio=3
[002250087] ECUA COM   TX ipdu=0 len=2
[002250102] ECUA PDUR  TX com=0 canif=0
[002250120] ECUA CAN   TX id=0x101 dlc=2 data=b8 05
[002250128] ECUA CANIF TX pdu=0
[002250145] ECUA OS    TASK_END Task_BswMain
[002250162] ECUA OS    TASK_START Task_Swc10ms prio=2
[002250183] ECUA RTE   CALL R_WheelSpeed_GetWheelSpeed
[002250212] ECUA RTE   WRITE P_VehicleSpeed_VehicleSpeed=1464
[002250244] ECUA OS    TASK_END Task_Swc10ms
[002260028] ECUA OS    ALARM Alarm_BswMain
[002260045] ECUA OS    ALARM Alarm_Swc10ms
[002260065] ECUA OS    TASK_START Task_BswMain prio=3
[002260088] ECUA OS    TASK_END Task_BswMain
[002260109] ECUA OS    TASK_START Task_Swc10ms prio=2
[002260128] ECUA RTE   CALL R_WheelSpeed_GetWheelSpeed
[002260128] ECUA RTE   WRITE P_VehicleSpeed_VehicleSpeed=1464
[002260161] ECUA OS    TASK_END Task_Swc10ms
[002270028] ECUA OS    ALARM Alarm_BswMain
[002270045] ECUA OS    ALARM Alarm_Swc10ms
[002270065] ECUA OS    TASK_START Task_BswMain prio=3
[002270087] ECUA COM   TX ipdu=0 len=2
[002270102] ECUA PDUR  TX com=0 canif=0
[002270120] ECUA CAN   TX id=0x101 dlc=2 data=b8 05
[002270128] ECUA CANIF TX pdu=0
[002270145] ECUA OS    TASK_END Task_BswMain
[002270162] ECUA OS    TASK_START Task_Swc10ms prio=2
[002270183] ECUA RTE   CALL R_WheelSpeed_GetWheelSpeed
[002270212] ECUA RTE   WRITE P_VehicleSpeed_VehicleSpeed=1464
[002270244] ECUA OS    TASK_END Task_Swc10ms
[002280028] ECUA OS    ALARM Alarm_BswMain
[002280045] ECUA OS    ALARM Alarm_Swc10ms
[002280065] ECUA OS    TASK_START Task_BswMain prio=3
[002280089] ECUA OS    TASK_END Task_BswMain
[002280109] ECUA OS    TASK_START Task_Swc10ms prio=2
[002280128] ECUA RTE   CALL R_WheelSpeed_GetWheelSpeed
[002280145] ECUA RTE   WRITE P_VehicleSpeed_VehicleSpeed=1464
[002280161] ECUA OS    TASK_END Task_Swc10ms
[002290028] ECUA OS    ALARM Alarm_BswMain
[002290045] ECUA OS    ALARM Alarm_Swc10ms
[002290065] ECUA OS    TASK_START Task_BswMain prio=3
[002290087] ECUA COM   TX ipdu=0 len=2
[002290103] ECUA PDUR  TX com=0 canif=0
[002290120] ECUA CAN   TX id=0x101 dlc=2 data=b8 05
[002290128] ECUA CANIF TX pdu=0
[002290145] ECUA OS    TASK_END Task_BswMain
[002290162] ECUA OS    TASK_START Task_Swc10ms prio=2
[002290196] ECUA RTE   CALL R_WheelSpeed_GetWheelSpeed
[002290213] ECUA RTE   WRITE P_VehicleSpeed_VehicleSpeed=1464
[002290245] ECUA OS    TASK_END Task_Swc10ms
[002300027] ECUA OS    ALARM Alarm_BswMain
[002300028] ECUA OS    ALARM Alarm_Swc10ms
[002300045] ECUA OS    TASK_START Task_BswMain prio=3
[002300077] ECUA OS    TASK_END Task_BswMain
[002300100] ECUA OS    TASK_START Task_Swc10ms prio=2
[002300127] ECUA RTE   CALL R_WheelSpeed_GetWheelSpeed
[002300144] ECUA SWC   SpeedSensor raw=2999 speed=1464
[002300144] ECUA RTE   WRITE P_VehicleSpeed_VehicleSpeed=1464
[002300185] ECUA OS    TASK_END Task_Swc10ms
[002310029] ECUA OS    ALARM Alarm_BswMain
[002310045] ECUA OS    ALARM Alarm_Swc10ms
[002310065] ECUA OS    TASK_START Task_BswMain prio=3
[002310088] ECUA COM   TX ipdu=0 len=2
[002310103] ECUA PDUR  TX com=0 canif=0
[002310121] ECUA CAN   TX id=0x101 dlc=2 data=b8 05
[002310129] ECUA CANIF TX pdu=0
[002310146] ECUA OS    TASK_END Task_BswMain
[002310162] ECUA OS    TASK_START Task_Swc10ms prio=2
[002310184] ECUA RTE   CALL R_WheelSpeed_GetWheelSpeed
[002310213] ECUA RTE   WRITE P_VehicleSpeed_VehicleSpeed=1464
[002310245] ECUA OS    TASK_END Task_Swc10ms
[002320029] ECUA OS    ALARM Alarm_BswMain
[002320045] ECUA OS    ALARM Alarm_Swc10ms
[002320065] ECUA OS    TASK_START Task_BswMain prio=3
[002320089] ECUA OS    TASK_END Task_BswMain
[002320109] ECUA OS    TASK_START Task_Swc10ms prio=2
[002320127] ECUA RTE   CALL R_WheelSpeed_GetWheelSpeed
[002320145] ECUA RTE   WRITE P_VehicleSpeed_VehicleSpeed=1464
[002320162] ECUA OS    TASK_END Task_Swc10ms
[002330029] ECUA OS    ALARM Alarm_BswMain
[002330045] ECUA OS    ALARM Alarm_Swc10ms
[002330065] ECUA OS    TASK_START Task_BswMain prio=3
[002330088] ECUA COM   TX ipdu=0 len=2
[002330103] ECUA PDUR  TX com=0 canif=0
[002330121] ECUA CAN   TX id=0x101 dlc=2 data=b8 05
[002330129] ECUA CANIF TX pdu=0
[002330146] ECUA OS    TASK_END Task_BswMain
[002330163] ECUA OS    TASK_START Task_Swc10ms prio=2
[002330184] ECUA RTE   CALL R_WheelSpeed_GetWheelSpeed
[002330213] ECUA RTE   WRITE P_VehicleSpeed_VehicleSpeed=1464
[002330245] ECUA OS    TASK_END Task_Swc10ms
[002340029] ECUA OS    ALARM Alarm_BswMain
[002340046] ECUA OS    ALARM Alarm_Swc10ms
[002340065] ECUA OS    TASK_START Task_BswMain prio=3
[002340089] ECUA OS    TASK_END Task_BswMain
[002340110] ECUA OS    TASK_START Task_Swc10ms prio=2
[002340128] ECUA RTE   CALL R_WheelSpeed_GetWheelSpeed
[002340129] ECUA RTE   WRITE P_VehicleSpeed_VehicleSpeed=1464
[002340145] ECUA OS    TASK_END Task_Swc10ms
[002350029] ECUA OS    ALARM Alarm_BswMain
[002350046] ECUA OS    ALARM Alarm_Swc10ms
[002350066] ECUA OS    TASK_START Task_BswMain prio=3
[002350088] ECUA COM   TX ipdu=0 len=2
[002350103] ECUA PDUR  TX com=0 canif=0
[002350121] ECUA CAN   TX id=0x101 dlc=2 data=b8 05
[002350142] ECUA CANIF TX pdu=0
[002350146] ECUA OS    TASK_END Task_BswMain
[002350163] ECUA OS    TASK_START Task_Swc10ms prio=2
[002350196] ECUA RTE   CALL R_WheelSpeed_GetWheelSpeed
[002350218] ECUA RTE   WRITE P_VehicleSpeed_VehicleSpeed=1464
[002350245] ECUA OS    TASK_END Task_Swc10ms
[002360029] ECUA OS    ALARM Alarm_BswMain
[002360046] ECUA OS    ALARM Alarm_Swc10ms
[002360066] ECUA OS    TASK_START Task_BswMain prio=3
[002360090] ECUA OS    TASK_END Task_BswMain
[002360110] ECUA OS    TASK_START Task_Swc10ms prio=2
[002360128] ECUA RTE   CALL R_WheelSpeed_GetWheelSpeed
[002360146] ECUA RTE   WRITE P_VehicleSpeed_VehicleSpeed=1464
[002360162] ECUA OS    TASK_END Task_Swc10ms
[002370029] ECUA OS    ALARM Alarm_BswMain
[002370046] ECUA OS    ALARM Alarm_Swc10ms
[002370066] ECUA OS    TASK_START Task_BswMain prio=3
[002370088] ECUA COM   TX ipdu=0 len=2
[002370104] ECUA PDUR  TX com=0 canif=0
[002370121] ECUA CAN   TX id=0x101 dlc=2 data=b8 05
[002370129] ECUA CANIF TX pdu=0
[002370146] ECUA OS    TASK_END Task_BswMain
[002370163] ECUA OS    TASK_START Task_Swc10ms prio=2
[002370197] ECUA RTE   CALL R_WheelSpeed_GetWheelSpeed
[002370213] ECUA RTE   WRITE P_VehicleSpeed_VehicleSpeed=1464
[002370246] ECUA OS    TASK_END Task_Swc10ms
[002380030] ECUA OS    ALARM Alarm_BswMain
[002380046] ECUA OS    ALARM Alarm_Swc10ms
[002380066] ECUA OS    TASK_START Task_BswMain prio=3
[002380090] ECUA OS    TASK_END Task_BswMain
[002380110] ECUA OS    TASK_START Task_Swc10ms prio=2
[002380128] ECUA RTE   CALL R_WheelSpeed_GetWheelSpeed
[002380146] ECUA RTE   WRITE P_VehicleSpeed_VehicleSpeed=1464
[002380179] ECUA OS    TASK_END Task_Swc10ms
[002390030] ECUA OS    ALARM Alarm_BswMain
[002390046] ECUA OS    ALARM Alarm_Swc10ms
[002390066] ECUA OS    TASK_START Task_BswMain prio=3
[002390088] ECUA COM   TX ipdu=0 len=2
[002390104] ECUA PDUR  TX com=0 canif=0
[002390122] ECUA CAN   TX id=0x101 dlc=2 data=b8 05
[002390130] ECUA CANIF TX pdu=0
[002390146] ECUA OS    TASK_END Task_BswMain
[002390163] ECUA OS    TASK_START Task_Swc10ms prio=2
[002390185] ECUA RTE   CALL R_WheelSpeed_GetWheelSpeed
[002390214] ECUA RTE   WRITE P_VehicleSpeed_VehicleSpeed=1464
[002390246] ECUA OS    TASK_END Task_Swc10ms
[002400030] ECUA OS    ALARM Alarm_BswMain
[002400046] ECUA OS    ALARM Alarm_Swc10ms
[002400066] ECUA OS    TASK_START Task_BswMain prio=3
[002400090] ECUA OS    TASK_END Task_BswMain
[002400110] ECUA OS    TASK_START Task_Swc10ms prio=2
[002400130] ECUA RTE   CALL R_WheelSpeed_GetWheelSpeed
[002400146] ECUA SWC   SpeedSensor raw=2999 speed=1464
[002400163] ECUA RTE   WRITE P_VehicleSpeed_VehicleSpeed=1464
[002400188] ECUA OS    TASK_END Task_Swc10ms
[002410001] ECUA OS    ALARM Alarm_BswMain
[002410017] ECUA OS    ALARM Alarm_Swc10ms
[002410037] ECUA OS    TASK_START Task_BswMain prio=3
[002410060] ECUA COM   TX ipdu=0 len=2
[002410075] ECUA PDUR  TX com=0 canif=0
[002410093] ECUA CAN   TX id=0x101 dlc=2 data=b8 05
[002410114] ECUA CANIF TX pdu=0
[002410128] ECUA OS    TASK_END Task_BswMain
[002410130] ECUA OS    TASK_START Task_Swc10ms prio=2
[002410147] ECUA RTE   CALL R_WheelSpeed_GetWheelSpeed
[002410185] ECUA RTE   WRITE P_VehicleSpeed_VehicleSpeed=1464
[002410197] ECUA OS    TASK_END Task_Swc10ms
[002420030] ECUA OS    ALARM Alarm_BswMain
[002420046] ECUA OS    ALARM Alarm_Swc10ms
[002420066] ECUA OS    TASK_START Task_BswMain prio=3
[002420090] ECUA OS    TASK_END Task_BswMain
[002420111] ECUA OS    TASK_START Task_Swc10ms prio=2
[002420129] ECUA RTE   CALL R_WheelSpeed_GetWheelSpeed
[002420146] ECUA RTE   WRITE P_VehicleSpeed_VehicleSpeed=1464
[002420163] ECUA OS    TASK_END Task_Swc10ms
[002430001] ECUA OS    ALARM Alarm_BswMain
[002430017] ECUA OS    ALARM Alarm_Swc10ms
[002430037] ECUA OS    TASK_START Task_BswMain prio=3
[002430060] ECUA COM   TX ipdu=0 len=2
[002430075] ECUA PDUR  TX com=0 canif=0
[002430093] ECUA CAN   TX id=0x101 dlc=2 data=b8 05
[002430114] ECUA CANIF TX pdu=0
[002430128] ECUA OS    TASK_END Task_BswMain
[002430130] ECUA OS    TASK_START Task_Swc10ms prio=2
[002430164] ECUA RTE   CALL R_WheelSpeed_GetWheelSpeed
[002430185] ECUA RTE   WRITE P_VehicleSpeed_VehicleSpeed=1464
[002430214] ECUA OS    TASK_END Task_Swc10ms
[002440030] ECUA OS    ALARM Alarm_BswMain
[002440047] ECUA OS    ALARM Alarm_Swc10ms
[002440067] ECUA OS    TASK_START Task_BswMain prio=3
[002440091] ECUA OS    TASK_END Task_BswMain
[002440111] ECUA OS    TASK_START Task_Swc10ms prio=2
[002440130] ECUA RTE   CALL R_WheelSpeed_GetWheelSpeed
[002440147] ECUA RTE   WRITE P_VehicleSpeed_VehicleSpeed=1464
[002440163] ECUA OS    TASK_END Task_Swc10ms
[002450030] ECUA OS    ALARM Alarm_BswMain
[002450047] ECUA OS    ALARM Alarm_Swc10ms
[002450067] ECUA OS    TASK_START Task_BswMain prio=3
[002450089] ECUA COM   TX ipdu=0 len=2
[002450105] ECUA PDUR  TX com=0 canif=0
[002450122] ECUA CAN   TX id=0x101 dlc=2 data=b8 05
[002450130] ECUA CANIF TX pdu=0
[002450147] ECUA OS    TASK_END Task_BswMain
[002450164] ECUA OS    TASK_START Task_Swc10ms prio=2
[002450164] ECUA RTE   CALL R_WheelSpeed_GetWheelSpeed
[002450198] ECUA RTE   WRITE P_VehicleSpeed_VehicleSpeed=1464
[002450247] ECUA OS    TASK_END Task_Swc10ms
[002460030] ECUA OS    ALARM Alarm_BswMain
[002460047] ECUA OS    ALARM Alarm_Swc10ms
[002460067] ECUA OS    TASK_START Task_BswMain prio=3
[002460091] ECUA OS    TASK_END Task_BswMain
[002460111] ECUA OS    TASK_START Task_Swc10ms prio=2
[002460129] ECUA RTE   CALL R_WheelSpeed_GetWheelSpeed
[002460147] ECUA RTE   WRITE P_VehicleSpeed_VehicleSpeed=1464
[002460164] ECUA OS    TASK_END Task_Swc10ms
[002470031] ECUA OS    ALARM Alarm_BswMain
[002470047] ECUA OS    ALARM Alarm_Swc10ms
[002470067] ECUA OS    TASK_START Task_BswMain prio=3
[002470089] ECUA COM   TX ipdu=0 len=2
[002470105] ECUA PDUR  TX com=0 canif=0
[002470123] ECUA CAN   TX id=0x101 dlc=2 data=b8 05
[002470131] ECUA CANIF TX pdu=0
[002470147] ECUA OS    TASK_END Task_BswMain
[002470164] ECUA OS    TASK_START Task_Swc10ms prio=2
[002470186] ECUA RTE   CALL R_WheelSpeed_GetWheelSpeed
[002470215] ECUA RTE   WRITE P_VehicleSpeed_VehicleSpeed=1464
[002470247] ECUA OS    TASK_END Task_Swc10ms
[002480031] ECUA OS    ALARM Alarm_BswMain
[002480047] ECUA OS    ALARM Alarm_Swc10ms
[002480067] ECUA OS    TASK_START Task_BswMain prio=3
[002480091] ECUA OS    TASK_END Task_BswMain
[002480111] ECUA OS    TASK_START Task_Swc10ms prio=2
[002480129] ECUA RTE   CALL R_WheelSpeed_GetWheelSpeed
[002480147] ECUA RTE   WRITE P_VehicleSpeed_VehicleSpeed=1464
[002480164] ECUA OS    TASK_END Task_Swc10ms
[002490031] ECUA OS    ALARM Alarm_BswMain
[002490047] ECUA OS    ALARM Alarm_Swc10ms
[002490067] ECUA OS    TASK_START Task_BswMain prio=3
[002490090] ECUA COM   TX ipdu=0 len=2
[002490105] ECUA PDUR  TX com=0 canif=0
[002490123] ECUA CAN   TX id=0x101 dlc=2 data=b8 05
[002490131] ECUA CANIF TX pdu=0
[002490148] ECUA OS    TASK_END Task_BswMain
[002490165] ECUA OS    TASK_START Task_Swc10ms prio=2
[002490186] ECUA RTE   CALL R_WheelSpeed_GetWheelSpeed
[002490215] ECUA RTE   WRITE P_VehicleSpeed_VehicleSpeed=1464
[002490247] ECUA OS    TASK_END Task_Swc10ms
[002500030] ECUA OS    ALARM Alarm_BswMain
[002500030] ECUA OS    ALARM Alarm_Swc10ms
[002500047] ECUA OS    TASK_START Task_BswMain prio=3
[002500080] ECUA OS    TASK_END Task_BswMain
[002500108] ECUA OS    TASK_START Task_Swc10ms prio=2
[002500130] ECUA RTE   CALL R_WheelSpeed_GetWheelSpeed
[002500146] ECUA SWC   SpeedSensor raw=2999 speed=1464
[002500163] ECUA RTE   WRITE P_VehicleSpeed_VehicleSpeed=1464
[002500188] ECUA OS    TASK_END Task_Swc10ms
[002510031] ECUA OS    ALARM Alarm_BswMain
[002510048] ECUA OS    ALARM Alarm_Swc10ms
[002510068] ECUA OS    TASK_START Task_BswMain prio=3
[002510090] ECUA COM   TX ipdu=0 len=2
[002510105] ECUA PDUR  TX com=0 canif=0
[002510123] ECUA CAN   TX id=0x101 dlc=2 data=b8 05
[002510144] ECUA CANIF TX pdu=0
[002510148] ECUA OS    TASK_END Task_BswMain
[002510165] ECUA OS    TASK_START Task_Swc10ms prio=2
[002510198] ECUA RTE   CALL R_WheelSpeed_GetWheelSpeed
[002510215] ECUA BSW   IOHWAB ADC raw=2999
[002510231] ECUA RTE   WRITE P_VehicleSpeed_VehicleSpeed=1464
[002510250] ECUA OS    TASK_END Task_Swc10ms
[002520031] ECUA OS    ALARM Alarm_BswMain
[002520048] ECUA OS    ALARM Alarm_Swc10ms
[002520068] ECUA OS    TASK_START Task_BswMain prio=3
[002520092] ECUA OS    TASK_END Task_BswMain
[002520112] ECUA OS    TASK_START Task_Swc10ms prio=2
[002520131] ECUA RTE   CALL R_WheelSpeed_GetWheelSpeed
[002520148] ECUA RTE   WRITE P_VehicleSpeed_VehicleSpeed=1464
[002520164] ECUA OS    TASK_END Task_Swc10ms
[002530031] ECUA OS    ALARM Alarm_BswMain
[002530048] ECUA OS    ALARM Alarm_Swc10ms
[002530068] ECUA OS    TASK_START Task_BswMain prio=3
[002530090] ECUA COM   TX ipdu=0 len=2
[002530106] ECUA PDUR  TX com=0 canif=0
[002530123] ECUA CAN   TX id=0x101 dlc=2 data=b8 05
[002530131] ECUA CANIF TX pdu=0
[002530148] ECUA OS    TASK_END Task_BswMain
[002530165] ECUA OS    TASK_START Task_Swc10ms prio=2
[002530186] ECUA RTE   CALL R_WheelSpeed_GetWheelSpeed
[002530215] ECUA RTE   WRITE P_VehicleSpeed_VehicleSpeed=1464
[002530248] ECUA OS    TASK_END Task_Swc10ms
[002540031] ECUA OS    ALARM Alarm_BswMain
[002540048] ECUA OS    ALARM Alarm_Swc10ms
[002540068] ECUA OS    TASK_START Task_BswMain prio=3
[002540092] ECUA OS    TASK_END Task_BswMain
[002540112] ECUA OS    TASK_START Task_Swc10ms prio=2
[002540130] ECUA RTE   CALL R_WheelSpeed_GetWheelSpeed
[002540148] ECUA RTE   WRITE P_VehicleSpeed_VehicleSpeed=1464
[002540164] ECUA OS    TASK_END Task_Swc10ms
[002550032] ECUA OS    ALARM Alarm_BswMain
[002550048] ECUA OS    ALARM Alarm_Swc10ms
[002550068] ECUA OS    TASK_START Task_BswMain prio=3
[002550090] ECUA COM   TX ipdu=0 len=2
[002550106] ECUA PDUR  TX com=0 canif=0
[002550124] ECUA CAN   TX id=0x101 dlc=2 data=b8 05
[002550132] ECUA CANIF TX pdu=0
[002550148] ECUA OS    TASK_END Task_BswMain
[002550165] ECUA OS    TASK_START Task_Swc10ms prio=2
[002550199] ECUA RTE   CALL R_WheelSpeed_GetWheelSpeed
[002550216] ECUA RTE   WRITE P_VehicleSpeed_VehicleSpeed=1464
[002550248] ECUA OS    TASK_END Task_Swc10ms
[002560032] ECUA OS    ALARM Alarm_BswMain
[002560048] ECUA OS    ALARM Alarm_Swc10ms
[002560068] ECUA OS    TASK_START Task_BswMain prio=3
[002560092] ECUA OS    TASK_END Task_BswMain
[002560112] ECUA OS    TASK_START Task_Swc10ms prio=2
[002560132] ECUA RTE   CALL R_WheelSpeed_GetWheelSpeed
[002560148] ECUA RTE   WRITE P_VehicleSpeed_VehicleSpeed=1464
[002560165] ECUA OS    TASK_END Task_Swc10ms
[002570032] ECUA OS    ALARM Alarm_BswMain
[002570048] ECUA OS    ALARM Alarm_Swc10ms
[002570068] ECUA OS    TASK_START Task_BswMain prio=3
[002570091] ECUA COM   TX ipdu=0 len=2
[002570106] ECUA PDUR  TX com=0 canif=0
[002570124] ECUA CAN   TX id=0x101 dlc=2 data=b8 05
[002570132] ECUA CANIF TX pdu=0
[002570149] ECUA OS    TASK_END Task_BswMain
[002570166] ECUA OS    TASK_START Task_Swc10ms prio=2
[002570199] ECUA RTE   CALL R_WheelSpeed_GetWheelSpeed
[002570221] ECUA RTE   WRITE P_VehicleSpeed_VehicleSpeed=1464
[002570248] ECUA OS    TASK_END Task_Swc10ms
[002580032] ECUA OS    ALARM Alarm_BswMain
[002580048] ECUA OS    ALARM Alarm_Swc10ms
[002580068] ECUA OS    TASK_START Task_BswMain prio=3
[002580092] ECUA OS    TASK_END Task_BswMain
[002580113] ECUA OS    TASK_START Task_Swc10ms prio=2
[002580132] ECUA RTE   CALL R_WheelSpeed_GetWheelSpeed
[002580148] ECUA RTE   WRITE P_VehicleSpeed_VehicleSpeed=1464
[002580165] ECUA OS    TASK_END Task_Swc10ms
[002590032] ECUA OS    ALARM Alarm_BswMain
[002590049] ECUA OS    ALARM Alarm_Swc10ms
[002590068] ECUA OS    TASK_START Task_BswMain prio=3
[002590091] ECUA COM   TX ipdu=0 len=2
[002590106] ECUA PDUR  TX com=0 canif=0
[002590124] ECUA CAN   TX id=0x101 dlc=2 data=b8 05
[002590132] ECUA CANIF TX pdu=0
[002590149] ECUA OS    TASK_END Task_BswMain
[002590166] ECUA OS    TASK_START Task_Swc10ms prio=2
[002590187] ECUA RTE   CALL R_WheelSpeed_GetWheelSpeed
[002590216] ECUA RTE   WRITE P_VehicleSpeed_VehicleSpeed=1464
[002590248] ECUA OS    TASK_END Task_Swc10ms
[002600031] ECUA OS    ALARM Alarm_BswMain
[002600031] ECUA OS    ALARM Alarm_Swc10ms
[002600048] ECUA OS    TASK_START Task_BswMain prio=3
[002600081] ECUA OS    TASK_END Task_BswMain
[002600107] ECUA OS    TASK_START Task_Swc10ms prio=2
[002600131] ECUA RTE   CALL R_WheelSpeed_GetWheelSpeed
[002600147] ECUA SWC   SpeedSensor raw=2999 speed=1464
[002600164] ECUA RTE   WRITE P_VehicleSpeed_VehicleSpeed=1464
[002600189] ECUA OS    TASK_END Task_Swc10ms
[002610032] ECUA OS    ALARM Alarm_BswMain
[002610049] ECUA OS    ALARM Alarm_Swc10ms
[002610069] ECUA OS    TASK_START Task_BswMain prio=3
[002610091] ECUA COM   TX ipdu=0 len=2
[002610106] ECUA PDUR  TX com=0 canif=0
[002610124] ECUA CAN   TX id=0x101 dlc=2 data=b8 05
[002610132] ECUA CANIF TX pdu=0
[002610149] ECUA OS    TASK_END Task_BswMain
[002610166] ECUA OS    TASK_START Task_Swc10ms prio=2
[002610187] ECUA RTE   CALL R_WheelSpeed_GetWheelSpeed
[002610216] ECUA RTE   WRITE P_VehicleSpeed_VehicleSpeed=1464
[002610249] ECUA OS    TASK_END Task_Swc10ms
[002620032] ECUA OS    ALARM Alarm_BswMain
[002620049] ECUA OS    ALARM Alarm_Swc10ms
[002620069] ECUA OS    TASK_START Task_BswMain prio=3
[002620093] ECUA OS    TASK_END Task_BswMain
[002620113] ECUA OS    TASK_START Task_Swc10ms prio=2
[002620132] ECUA RTE   CALL R_WheelSpeed_GetWheelSpeed
[002620149] ECUA RTE   WRITE P_VehicleSpeed_VehicleSpeed=1464
[002620165] ECUA OS    TASK_END Task_Swc10ms
[002630033] ECUA OS    ALARM Alarm_BswMain
[002630049] ECUA OS    ALARM Alarm_Swc10ms
[002630069] ECUA OS    TASK_START Task_BswMain prio=3
[002630091] ECUA COM   TX ipdu=0 len=2
[002630107] ECUA PDUR  TX com=0 canif=0
[002630125] ECUA CAN   TX id=0x101 dlc=2 data=b8 05
[002630132] ECUA CANIF TX pdu=0
[002630149] ECUA OS    TASK_END Task_BswMain
[002630166] ECUA OS    TASK_START Task_Swc10ms prio=2
[002630188] ECUA RTE   CALL R_WheelSpeed_GetWheelSpeed
[002630217] ECUA RTE   WRITE P_VehicleSpeed_VehicleSpeed=1464
[002630249] ECUA OS    TASK_END Task_Swc10ms
[002640033] ECUA OS    ALARM Alarm_BswMain
[002640049] ECUA OS    ALARM Alarm_Swc10ms
[002640069] ECUA OS    TASK_START Task_BswMain prio=3
[002640093] ECUA OS    TASK_END Task_BswMain
[002640113] ECUA OS    TASK_START Task_Swc10ms prio=2
[002640133] ECUA RTE   CALL R_WheelSpeed_GetWheelSpeed
[002640149] ECUA RTE   WRITE P_VehicleSpeed_VehicleSpeed=1464
[002640166] ECUA OS    TASK_END Task_Swc10ms
[002650033] ECUA OS    ALARM Alarm_BswMain
[002650049] ECUA OS    ALARM Alarm_Swc10ms
[002650069] ECUA OS    TASK_START Task_BswMain prio=3
[002650092] ECUA COM   TX ipdu=0 len=2
[002650107] ECUA PDUR  TX com=0 canif=0
[002650125] ECUA CAN   TX id=0x101 dlc=2 data=b8 05
[002650133] ECUA CANIF TX pdu=0
[002650150] ECUA OS    TASK_END Task_BswMain
[002650167] ECUA OS    TASK_START Task_Swc10ms prio=2
[002650188] ECUA RTE   CALL R_WheelSpeed_GetWheelSpeed
[002650217] ECUA RTE   WRITE P_VehicleSpeed_VehicleSpeed=1464
[002650249] ECUA OS    TASK_END Task_Swc10ms
[002660033] ECUA OS    ALARM Alarm_BswMain
[002660049] ECUA OS    ALARM Alarm_Swc10ms
[002660069] ECUA OS    TASK_START Task_BswMain prio=3
[002660093] ECUA OS    TASK_END Task_BswMain
[002660114] ECUA OS    TASK_START Task_Swc10ms prio=2
[002660133] ECUA RTE   CALL R_WheelSpeed_GetWheelSpeed
[002660149] ECUA RTE   WRITE P_VehicleSpeed_VehicleSpeed=1464
[002660166] ECUA OS    TASK_END Task_Swc10ms
[002670033] ECUA OS    ALARM Alarm_BswMain
[002670049] ECUA OS    ALARM Alarm_Swc10ms
[002670069] ECUA OS    TASK_START Task_BswMain prio=3
[002670092] ECUA COM   TX ipdu=0 len=2
[002670107] ECUA PDUR  TX com=0 canif=0
[002670125] ECUA CAN   TX id=0x101 dlc=2 data=b8 05
[002670133] ECUA CANIF TX pdu=0
[002670150] ECUA OS    TASK_END Task_BswMain
[002670167] ECUA OS    TASK_START Task_Swc10ms prio=2
[002670188] ECUA RTE   CALL R_WheelSpeed_GetWheelSpeed
[002670217] ECUA RTE   WRITE P_VehicleSpeed_VehicleSpeed=1464
[002670249] ECUA OS    TASK_END Task_Swc10ms
[002680033] ECUA OS    ALARM Alarm_BswMain
[002680050] ECUA OS    ALARM Alarm_Swc10ms
[002680070] ECUA OS    TASK_START Task_BswMain prio=3
[002680093] ECUA OS    TASK_END Task_BswMain
[002680114] ECUA OS    TASK_START Task_Swc10ms prio=2
[002680133] ECUA RTE   CALL R_WheelSpeed_GetWheelSpeed
[002680150] ECUA RTE   WRITE P_VehicleSpeed_VehicleSpeed=1464
[002680166] ECUA OS    TASK_END Task_Swc10ms
[002690033] ECUA OS    ALARM Alarm_BswMain
[002690050] ECUA OS    ALARM Alarm_Swc10ms
[002690070] ECUA OS    TASK_START Task_BswMain prio=3
[002690092] ECUA COM   TX ipdu=0 len=2
[002690107] ECUA PDUR  TX com=0 canif=0
[002690125] ECUA CAN   TX id=0x101 dlc=2 data=b8 05
[002690133] ECUA CANIF TX pdu=0
[002690150] ECUA OS    TASK_END Task_BswMain
[002690167] ECUA OS    TASK_START Task_Swc10ms prio=2
[002690200] ECUA RTE   CALL R_WheelSpeed_GetWheelSpeed
[002690217] ECUA RTE   WRITE P_VehicleSpeed_VehicleSpeed=1464
[002690250] ECUA OS    TASK_END Task_Swc10ms
[002700033] ECUA OS    ALARM Alarm_BswMain
[002700050] ECUA OS    ALARM Alarm_Swc10ms
[002700070] ECUA OS    TASK_START Task_BswMain prio=3
[002700094] ECUA OS    TASK_END Task_BswMain
[002700114] ECUA OS    TASK_START Task_Swc10ms prio=2
[002700133] ECUA RTE   CALL R_WheelSpeed_GetWheelSpeed
[002700133] ECUA SWC   SpeedSensor raw=2999 speed=1464
[002700150] ECUA RTE   WRITE P_VehicleSpeed_VehicleSpeed=1464
[002700166] ECUA OS    TASK_END Task_Swc10ms
[002710033] ECUA OS    ALARM Alarm_BswMain
[002710050] ECUA OS    ALARM Alarm_Swc10ms
[002710070] ECUA OS    TASK_START Task_BswMain prio=3
[002710092] ECUA COM   TX ipdu=0 len=2
[002710108] ECUA PDUR  TX com=0 canif=0
[002710125] ECUA CAN   TX id=0x101 dlc=2 data=b8 05
[002710133] ECUA CANIF TX pdu=0
[002710150] ECUA OS    TASK_END Task_BswMain
[002710167] ECUA OS    TASK_START Task_Swc10ms prio=2
[002710201] ECUA RTE   CALL R_WheelSpeed_GetWheelSpeed
[002710218] ECUA RTE   WRITE P_VehicleSpeed_VehicleSpeed=1464
[002710250] ECUA OS    TASK_END Task_Swc10ms
[002720034] ECUA OS    ALARM Alarm_BswMain
[002720050] ECUA OS    ALARM Alarm_Swc10ms
[002720070] ECUA OS    TASK_START Task_BswMain prio=3
[002720094] ECUA OS    TASK_END Task_BswMain
[002720114] ECUA OS    TASK_START Task_Swc10ms prio=2
[002720132] ECUA RTE   CALL R_WheelSpeed_GetWheelSpeed
[002720150] ECUA RTE   WRITE P_VehicleSpeed_VehicleSpeed=1464
[002720167] ECUA OS    TASK_END Task_Swc10ms
[002730034] ECUA OS    ALARM Alarm_BswMain
[002730050] ECUA OS    ALARM Alarm_Swc10ms
[002730070] ECUA OS    TASK_START Task_BswMain prio=3
[002730093] ECUA COM   TX ipdu=0 len=2
[002730108] ECUA PDUR  TX com=0 canif=0
[002730126] ECUA CAN   TX id=0x101 dlc=2 data=b8 05
[002730134] ECUA CANIF TX pdu=0
[002730151] ECUA OS    TASK_END Task_BswMain
[002730167] ECUA OS    TASK_START Task_Swc10ms prio=2
[002730189] ECUA RTE   CALL R_WheelSpeed_GetWheelSpeed
[002730218] ECUA RTE   WRITE P_VehicleSpeed_VehicleSpeed=1464
[002730250] ECUA OS    TASK_END Task_Swc10ms
[002740034] ECUA OS    ALARM Alarm_BswMain
[002740050] ECUA OS    ALARM Alarm_Swc10ms
[002740070] ECUA OS    TASK_START Task_BswMain prio=3
[002740094] ECUA OS    TASK_END Task_BswMain
[002740115] ECUA OS    TASK_START Task_Swc10ms prio=2
[002740134] ECUA RTE   CALL R_WheelSpeed_GetWheelSpeed
[002740150] ECUA RTE   WRITE P_VehicleSpeed_VehicleSpeed=1464
[002740167] ECUA OS    TASK_END Task_Swc10ms
[002750034] ECUA OS    ALARM Alarm_BswMain
[002750050] ECUA OS    ALARM Alarm_Swc10ms
[002750070] ECUA OS    TASK_START Task_BswMain prio=3
[002750093] ECUA COM   TX ipdu=0 len=2
[002750108] ECUA PDUR  TX com=0 canif=0
[002750126] ECUA CAN   TX id=0x101 dlc=2 data=b8 05
[002750134] ECUA CANIF TX pdu=0
[002750151] ECUA OS    TASK_END Task_BswMain
[002750168] ECUA OS    TASK_START Task_Swc10ms prio=2
[002750189] ECUA RTE   CALL R_WheelSpeed_GetWheelSpeed
[002750218] ECUA RTE   WRITE P_VehicleSpeed_VehicleSpeed=1464
[002750250] ECUA OS    TASK_END Task_Swc10ms
[002760034] ECUA OS    ALARM Alarm_BswMain
[002760051] ECUA OS    ALARM Alarm_Swc10ms
[002760071] ECUA OS    TASK_START Task_BswMain prio=3
[002760094] ECUA OS    TASK_END Task_BswMain
[002760115] ECUA OS    TASK_START Task_Swc10ms prio=2
[002760134] ECUA RTE   CALL R_WheelSpeed_GetWheelSpeed
[002760151] ECUA RTE   WRITE P_VehicleSpeed_VehicleSpeed=1464
[002760167] ECUA OS    TASK_END Task_Swc10ms
[002770034] ECUA OS    ALARM Alarm_BswMain
[002770051] ECUA OS    ALARM Alarm_Swc10ms
[002770071] ECUA OS    TASK_START Task_BswMain prio=3
[002770093] ECUA COM   TX ipdu=0 len=2
[002770108] ECUA PDUR  TX com=0 canif=0
[002770126] ECUA CAN   TX id=0x101 dlc=2 data=b8 05
[002770147] ECUA CANIF TX pdu=0
[002770151] ECUA OS    TASK_END Task_BswMain
[002770168] ECUA OS    TASK_START Task_Swc10ms prio=2
[002770201] ECUA RTE   CALL R_WheelSpeed_GetWheelSpeed
[002770218] ECUA RTE   WRITE P_VehicleSpeed_VehicleSpeed=1464
[002770250] ECUA OS    TASK_END Task_Swc10ms
[002780034] ECUA OS    ALARM Alarm_BswMain
[002780051] ECUA OS    ALARM Alarm_Swc10ms
[002780071] ECUA OS    TASK_START Task_BswMain prio=3
[002780095] ECUA OS    TASK_END Task_BswMain
[002780115] ECUA OS    TASK_START Task_Swc10ms prio=2
[002780134] ECUA RTE   CALL R_WheelSpeed_GetWheelSpeed
[002780151] ECUA RTE   WRITE P_VehicleSpeed_VehicleSpeed=1464
[002780167] ECUA OS    TASK_END Task_Swc10ms
[002790034] ECUA OS    ALARM Alarm_BswMain
[002790051] ECUA OS    ALARM Alarm_Swc10ms
[002790071] ECUA OS    TASK_START Task_BswMain prio=3
[002790093] ECUA COM   TX ipdu=0 len=2
[002790109] ECUA PDUR  TX com=0 canif=0
[002790126] ECUA CAN   TX id=0x101 dlc=2 data=b8 05
[002790134] ECUA CANIF TX pdu=0
[002790151] ECUA OS    TASK_END Task_BswMain
[002790168] ECUA OS    TASK_START Task_Swc10ms prio=2
[002790202] ECUA RTE   CALL R_WheelSpeed_GetWheelSpeed
[002790219] ECUA RTE   WRITE P_VehicleSpeed_VehicleSpeed=1464
[002790251] ECUA OS    TASK_END Task_Swc10ms
[002800033] ECUA OS    ALARM Alarm_BswMain
[002800033] ECUA OS    ALARM Alarm_Swc10ms
[002800033] ECUA OS    TASK_START Task_BswMain prio=3
[002800095] ECUA OS    TASK_END Task_BswMain
[002800115] ECUA OS    TASK_START Task_Swc10ms prio=2
[002800133] ECUA RTE   CALL R_WheelSpeed_GetWheelSpeed
[002800151] ECUA SWC   SpeedSensor raw=2999 speed=1464
[002800168] ECUA RTE   WRITE P_VehicleSpeed_VehicleSpeed=1464
[002800193] ECUA OS    TASK_END Task_Swc10ms
[002810001] ECUA OS    ALARM Alarm_BswMain
[002810017] ECUA OS    ALARM Alarm_Swc10ms
[002810033] ECUA OS    TASK_START Task_BswMain prio=3
[002810060] ECUA COM   TX ipdu=0 len=2
[002810075] ECUA PDUR  TX com=0 canif=0
[002810093] ECUA CAN   TX id=0x101 dlc=2 data=b8 05
[002810114] ECUA CANIF TX pdu=0
[002810128] ECUA OS    TASK_END Task_BswMain
[002810135] ECUA OS    TASK_START Task_Swc10ms prio=2
[002810152] ECUA RTE   CALL R_WheelSpeed_GetWheelSpeed
[002810190] ECUA RTE   WRITE P_VehicleSpeed_VehicleSpeed=1464
[002810202] ECUA OS    TASK_END Task_Swc10ms
[002820035] ECUA OS    ALARM Alarm_BswMain
[002820051] ECUA OS    ALARM Alarm_Swc10ms
[002820071] ECUA OS    TASK_START Task_BswMain prio=3
[002820095] ECUA OS    TASK_END Task_BswMain
[002820115] ECUA OS    TASK_START Task_Swc10ms prio=2
[002820135] ECUA RTE   CALL R_WheelSpeed_GetWheelSpeed
[002820151] ECUA RTE   WRITE P_VehicleSpeed_VehicleSpeed=1464
[002820168] ECUA OS    TASK_END Task_Swc10ms
[002830035] ECUA OS    ALARM Alarm_BswMain
[002830051] ECUA OS    ALARM Alarm_Swc10ms
[002830071] ECUA OS    TASK_START Task_BswMain prio=3
[002830094] ECUA COM   TX ipdu=0 len=2
[002830109] ECUA PDUR  TX com=0 canif=0
[002830127] ECUA CAN   TX id=0x101 dlc=2 data=b8 05
[002830148] ECUA CANIF TX pdu=0
[002830152] ECUA OS    TASK_END Task_BswMain
[002830169] ECUA OS    TASK_START Task_Swc10ms prio=2
[002830202] ECUA RTE   CALL R_WheelSpeed_GetWheelSpeed
[002830219] ECUA RTE   WRITE P_VehicleSpeed_VehicleSpeed=1464
[002830251] ECUA OS    TASK_END Task_Swc10ms
[002840035] ECUA OS    ALARM Alarm_BswMain
[002840052] ECUA OS    ALARM Alarm_Swc10ms
[002840071] ECUA OS    TASK_START Task_BswMain prio=3
[002840095] ECUA OS    TASK_END Task_BswMain
[002840116] ECUA OS    TASK_START Task_Swc10ms prio=2
[002840135] ECUA RTE   CALL R_WheelSpeed_GetWheelSpeed
[002840151] ECUA RTE   WRITE P_VehicleSpeed_VehicleSpeed=1464
[002840168] ECUA OS    TASK_END Task_Swc10ms
[002850035] ECUA OS    ALARM Alarm_BswMain
[002850052] ECUA OS    ALARM Alarm_Swc10ms
[002850072] ECUA OS    TASK_START Task_BswMain prio=3
[002850094] ECUA COM   TX ipdu=0 len=2
[002850109] ECUA PDUR  TX com=0 canif=0
[002850127] ECUA CAN   TX id=0x101 dlc=2 data=b8 05
[002850148] ECUA CANIF TX pdu=0
[002850152] ECUA OS    TASK_END Task_BswMain
[002850169] ECUA OS    TASK_START Task_Swc10ms prio=2
[002850190] ECUA RTE   CALL R_WheelSpeed_GetWheelSpeed
[002850219] ECUA RTE   WRITE P_VehicleSpeed_VehicleSpeed=1464
[002850251] ECUA OS    TASK_END Task_Swc10ms
[002860035] ECUA OS    ALARM Alarm_BswMain
[002860052] ECUA OS    ALARM Alarm_Swc10ms
[002860072] ECUA OS    TASK_START Task_BswMain prio=3
[002860096] ECUA OS    TASK_END Task_BswMain
[002860116] ECUA OS    TASK_START Task_Swc10ms prio=2
[002860135] ECUA RTE   CALL R_WheelSpeed_GetWheelSpeed
[002860152] ECUA RTE   WRITE P_VehicleSpeed_VehicleSpeed=1464
[002860168] ECUA OS    TASK_END Task_Swc10ms
[002870035] ECUA OS    ALARM Alarm_BswMain
[002870052] ECUA OS    ALARM Alarm_Swc10ms
[002870072] ECUA OS    TASK_START Task_BswMain prio=3
[002870094] ECUA COM   TX ipdu=0 len=2
[002870110] ECUA PDUR  TX com=0 canif=0
[002870127] ECUA CAN   TX id=0x101 dlc=2 data=b8 05
[002870148] ECUA CANIF TX pdu=0
[002870152] ECUA OS    TASK_END Task_BswMain
[002870169] ECUA OS    TASK_START Task_Swc10ms prio=2
[002870203] ECUA RTE   CALL R_WheelSpeed_GetWheelSpeed
[002870219] ECUA RTE   WRITE P_VehicleSpeed_VehicleSpeed=1464
[002870252] ECUA OS    TASK_END Task_Swc10ms
[002880036] ECUA OS    ALARM Alarm_BswMain
[002880052] ECUA OS    ALARM Alarm_Swc10ms
[002880072] ECUA OS    TASK_START Task_BswMain prio=3
[002880096] ECUA OS    TASK_END Task_BswMain
[002880116] ECUA OS    TASK_START Task_Swc10ms prio=2
[002880135] ECUA RTE   CALL R_WheelSpeed_GetWheelSpeed
[002880152] ECUA RTE   WRITE P_VehicleSpeed_VehicleSpeed=1464
[002880169] ECUA OS    TASK_END Task_Swc10ms
[002890036] ECUA OS    ALARM Alarm_BswMain
[002890052] ECUA OS    ALARM Alarm_Swc10ms
[002890072] ECUA OS    TASK_START Task_BswMain prio=3
[002890094] ECUA COM   TX ipdu=0 len=2
[002890110] ECUA PDUR  TX com=0 canif=0
[002890128] ECUA CAN   TX id=0x101 dlc=2 data=b8 05
[002890149] ECUA CANIF TX pdu=0
[002890152] ECUA OS    TASK_END Task_BswMain
[002890169] ECUA OS    TASK_START Task_Swc10ms prio=2
[002890203] ECUA RTE   CALL R_WheelSpeed_GetWheelSpeed
[002890220] ECUA RTE   WRITE P_VehicleSpeed_VehicleSpeed=1464
[002890252] ECUA OS    TASK_END Task_Swc10ms
[002900036] ECUA OS    ALARM Alarm_BswMain
[002900052] ECUA OS    ALARM Alarm_Swc10ms
[002900072] ECUA OS    TASK_START Task_BswMain prio=3
[002900096] ECUA OS    TASK_END Task_BswMain
[002900116] ECUA OS    TASK_START Task_Swc10ms prio=2
[002900136] ECUA RTE   CALL R_WheelSpeed_GetWheelSpeed
[002900152] ECUA SWC   SpeedSensor raw=2999 speed=1464
[002900169] ECUA RTE   WRITE P_VehicleSpeed_VehicleSpeed=1464
[002900194] ECUA OS    TASK_END Task_Swc10ms
[002910036] ECUA OS    ALARM Alarm_BswMain
[002910052] ECUA OS    ALARM Alarm_Swc10ms
[002910072] ECUA OS    TASK_START Task_BswMain prio=3
[002910095] ECUA COM   TX ipdu=0 len=2
[002910110] ECUA PDUR  TX com=0 canif=0
[002910128] ECUA CAN   TX id=0x101 dlc=2 data=b8 05
[002910136] ECUA CANIF TX pdu=0
[002910153] ECUA OS    TASK_END Task_BswMain
[002910170] ECUA OS    TASK_START Task_Swc10ms prio=2
[002910191] ECUA RTE   CALL R_WheelSpeed_GetWheelSpeed
[002910220] ECUA RTE   WRITE P_VehicleSpeed_VehicleSpeed=1464
[002910252] ECUA OS    TASK_END Task_Swc10ms
[002920036] ECUA OS    ALARM Alarm_BswMain
[002920052] ECUA OS    ALARM Alarm_Swc10ms
[002920072] ECUA OS    TASK_START Task_BswMain prio=3
[002920096] ECUA OS    TASK_END Task_BswMain
[002920117] ECUA OS    TASK_START Task_Swc10ms prio=2
[002920136] ECUA RTE   CALL R_WheelSpeed_GetWheelSpeed
[002920152] ECUA RTE   WRITE P_VehicleSpeed_VehicleSpeed=1464
[002920169] ECUA OS    TASK_END Task_Swc10ms
[002930036] ECUA OS    ALARM Alarm_BswMain
[002930053] ECUA OS    ALARM Alarm_Swc10ms
[002930073] ECUA OS    TASK_START Task_BswMain prio=3
[002930095] ECUA COM   TX ipdu=0 len=2
[002930110] ECUA PDUR  TX com=0 canif=0
[002930128] ECUA CAN   TX id=0x101 dlc=2 data=b8 05
[002930136] ECUA CANIF TX pdu=0
[002930153] ECUA OS    TASK_END Task_BswMain
[002930170] ECUA OS    TASK_START Task_Swc10ms prio=2
[002930203] ECUA RTE   CALL R_WheelSpeed_GetWheelSpeed
[002930220] ECUA RTE   WRITE P_VehicleSpeed_VehicleSpeed=1464
[002930252] ECUA OS    TASK_END Task_Swc10ms
[002940036] ECUA OS    ALARM Alarm_BswMain
[002940053] ECUA OS    ALARM Alarm_Swc10ms
[002940073] ECUA OS    TASK_START Task_BswMain prio=3
[002940097] ECUA OS    TASK_END Task_BswMain
[002940117] ECUA OS    TASK_START Task_Swc10ms prio=2
[002940136] ECUA RTE   CALL R_WheelSpeed_GetWheelSpeed
[002940153] ECUA RTE   WRITE P_VehicleSpeed_VehicleSpeed=1464
[002940169] ECUA OS    TASK_END Task_Swc10ms
[002950036] ECUA OS    ALARM Alarm_BswMain
[002950053] ECUA OS    ALARM Alarm_Swc10ms
[002950073] ECUA OS    TASK_START Task_BswMain prio=3
[002950095] ECUA COM   TX ipdu=0 len=2
[002950111] ECUA PDUR  TX com=0 canif=0
[002950128] ECUA CAN   TX id=0x101 dlc=2 data=b8 05
[002950136] ECUA CANIF TX pdu=0
[002950153] ECUA OS    TASK_END Task_BswMain
[002950170] ECUA OS    TASK_START Task_Swc10ms prio=2
[002950203] ECUA RTE   CALL R_WheelSpeed_GetWheelSpeed
[002950220] ECUA RTE   WRITE P_VehicleSpeed_VehicleSpeed=1464
[002950253] ECUA OS    TASK_END Task_Swc10ms
[002960036] ECUA OS    ALARM Alarm_BswMain
[002960053] ECUA OS    ALARM Alarm_Swc10ms
[002960073] ECUA OS    TASK_START Task_BswMain prio=3
[002960097] ECUA OS    TASK_END Task_BswMain
[002960117] ECUA OS    TASK_START Task_Swc10ms prio=2
[002960136] ECUA RTE   CALL R_WheelSpeed_GetWheelSpeed
[002960153] ECUA RTE   WRITE P_VehicleSpeed_VehicleSpeed=1464
[002960170] ECUA OS    TASK_END Task_Swc10ms
[002970037] ECUA OS    ALARM Alarm_BswMain
[002970053] ECUA OS    ALARM Alarm_Swc10ms
[002970073] ECUA OS    TASK_START Task_BswMain prio=3
[002970095] ECUA COM   TX ipdu=0 len=2
[002970111] ECUA PDUR  TX com=0 canif=0
[002970129] ECUA CAN   TX id=0x101 dlc=2 data=b8 05
[002970137] ECUA CANIF TX pdu=0
[002970153] ECUA OS    TASK_END Task_BswMain
[002970170] ECUA OS    TASK_START Task_Swc10ms prio=2
[002970192] ECUA RTE   CALL R_WheelSpeed_GetWheelSpeed
[002970221] ECUA RTE   WRITE P_VehicleSpeed_VehicleSpeed=1464
[002970253] ECUA OS    TASK_END Task_Swc10ms
[002980037] ECUA OS    ALARM Alarm_BswMain
[002980053] ECUA OS    ALARM Alarm_Swc10ms
[002980073] ECUA OS    TASK_START Task_BswMain prio=3
[002980097] ECUA OS    TASK_END Task_BswMain
[002980117] ECUA OS    TASK_START Task_Swc10ms prio=2
[002980137] ECUA RTE   CALL R_WheelSpeed_GetWheelSpeed
[002980153] ECUA RTE   WRITE P_VehicleSpeed_VehicleSpeed=1464
[002980170] ECUA OS    TASK_END Task_Swc10ms
[002990037] ECUA OS    ALARM Alarm_BswMain
[002990053] ECUA OS    ALARM Alarm_Swc10ms
[002990073] ECUA OS    TASK_START Task_BswMain prio=3
[002990096] ECUA COM   TX ipdu=0 len=2
[002990111] ECUA PDUR  TX com=0 canif=0
[002990129] ECUA CAN   TX id=0x101 dlc=2 data=b8 05
[002990137] ECUA CANIF TX pdu=0
[002990154] ECUA OS    TASK_END Task_BswMain
[002990171] ECUA OS    TASK_START Task_Swc10ms prio=2
[002990192] ECUA RTE   CALL R_WheelSpeed_GetWheelSpeed
[002990221] ECUA RTE   WRITE P_VehicleSpeed_VehicleSpeed=1464
[002990253] ECUA OS    TASK_END Task_Swc10ms
[003000036] ECUA OS    ALARM Alarm_BswMain
[003000036] ECUA OS    ALARM Alarm_Swc10ms
[003000053] ECUA OS    TASK_START Task_BswMain prio=3
[003000086] ECUA OS    TASK_END Task_BswMain
[003000113] ECUA OS    TASK_START Task_Swc10ms prio=2
[003000136] ECUA RTE   CALL R_WheelSpeed_GetWheelSpeed
[003000152] ECUA SWC   SpeedSensor raw=2999 speed=1464
[003000169] ECUA RTE   WRITE P_VehicleSpeed_VehicleSpeed=1464
[003000194] ECUA OS    TASK_END Task_Swc10ms
[003010037] ECUA OS    ALARM Alarm_BswMain
[003010054] ECUA OS    ALARM Alarm_Swc10ms
[003010074] ECUA OS    TASK_START Task_BswMain prio=3
[003010096] ECUA COM   TX ipdu=0 len=2
[003010111] ECUA PDUR  TX com=0 canif=0
[003010129] ECUA CAN   TX id=0x101 dlc=2 data=b8 05
[003010137] ECUA CANIF TX pdu=0
[003010154] ECUA OS    TASK_END Task_BswMain
[003010171] ECUA OS    TASK_START Task_Swc10ms prio=2
[003010204] ECUA RTE   CALL R_WheelSpeed_GetWheelSpeed
[003010226] ECUA BSW   IOHWAB ADC raw=2999
[003010237] ECUA RTE   WRITE P_VehicleSpeed_VehicleSpeed=1464
[003010256] ECUA OS    TASK_END Task_Swc10ms
[003020037] ECUA OS    ALARM Alarm_BswMain
[003020054] ECUA OS    ALARM Alarm_Swc10ms
[003020074] ECUA OS    TASK_START Task_BswMain prio=3
[003020098] ECUA OS    TASK_END Task_BswMain
[003020118] ECUA OS    TASK_START Task_Swc10ms prio=2
[003020136] ECUA RTE   CALL R_WheelSpeed_GetWheelSpeed
[003020154] ECUA RTE   WRITE P_VehicleSpeed_VehicleSpeed=1464
[003020170] ECUA OS    TASK_END Task_Swc10ms
[003030037] ECUA OS    ALARM Alarm_BswMain
[003030054] ECUA OS    ALARM Alarm_Swc10ms
[003030074] ECUA OS    TASK_START Task_BswMain prio=3
[003030096] ECUA COM   TX ipdu=0 len=2
[003030112] ECUA PDUR  TX com=0 canif=0
[003030129] ECUA CAN   TX id=0x101 dlc=2 data=b8 05
[003030150] ECUA CANIF TX pdu=0
[003030154] ECUA OS    TASK_END Task_BswMain
[003030185] ECUA OS    TASK_START Task_Swc10ms prio=2
[003030204] ECUA RTE   CALL R_WheelSpeed_GetWheelSpeed
[003030226] ECUA RTE   WRITE P_VehicleSpeed_VehicleSpeed=1464
[003030237] ECUA OS    TASK_END Task_Swc10ms
[003040037] ECUA OS    ALARM Alarm_BswMain
[003040054] ECUA OS    ALARM Alarm_Swc10ms
[003040074] ECUA OS    TASK_START Task_BswMain prio=3
[003040098] ECUA OS    TASK_END Task_BswMain
[003040118] ECUA OS    TASK_START Task_Swc10ms prio=2
[003040136] ECUA RTE   CALL R_WheelSpeed_GetWheelSpeed
[003040154] ECUA RTE   WRITE P_VehicleSpeed_VehicleSpeed=1464
[003040170] ECUA OS    TASK_END Task_Swc10ms
[003050038] ECUA OS    ALARM Alarm_BswMain
[003050054] ECUA OS    ALARM Alarm_Swc10ms
[003050074] ECUA OS    TASK_START Task_BswMain prio=3
[003050096] ECUA COM   TX ipdu=0 len=2
[003050112] ECUA PDUR  TX com=0 canif=0
[003050130] ECUA CAN   TX id=0x101 dlc=2 data=b8 05
[003050151] ECUA CANIF TX pdu=0
[003050154] ECUA OS    TASK_END Task_BswMain
[003050171] ECUA OS    TASK_START Task_Swc10ms prio=2
[003050205] ECUA RTE   CALL R_WheelSpeed_GetWheelSpeed
[003050226] ECUA RTE   WRITE P_VehicleSpeed_VehicleSpeed=1464
[003050254] ECUA OS    TASK_END Task_Swc10ms
[003060038] ECUA OS    ALARM Alarm_BswMain
[003060054] ECUA OS    ALARM Alarm_Swc10ms
[003060074] ECUA OS    TASK_START Task_BswMain prio=3
[003060098] ECUA OS    TASK_END Task_BswMain
[003060118] ECUA OS    TASK_START Task_Swc10ms prio=2
[003060138] ECUA RTE   CALL R_WheelSpeed_GetWheelSpeed
[003060154] ECUA RTE   WRITE P_VehicleSpeed_VehicleSpeed=1464
[003060171] ECUA OS    TASK_END Task_Swc10ms
[003070038] ECUA OS    ALARM Alarm_BswMain
[003070054] ECUA OS    ALARM Alarm_Swc10ms
[003070074] ECUA OS    TASK_START Task_BswMain prio=3
[003070097] ECUA COM   TX ipdu=0 len=2
[003070112] ECUA PDUR  TX com=0 canif=0
[003070130] ECUA CAN   TX id=0x101 dlc=2 data=b8 05
[003070138] ECUA CANIF TX pdu=0
[003070155] ECUA OS    TASK_END Task_BswMain
[003070172] ECUA OS    TASK_START Task_Swc10ms prio=2
[003070193] ECUA RTE   CALL R_WheelSpeed_GetWheelSpeed
[003070222] ECUA RTE   WRITE P_VehicleSpeed_VehicleSpeed=1464
[003070254] ECUA OS    TASK_END Task_Swc10ms
[003080038] ECUA OS    ALARM Alarm_BswMain
[003080054] ECUA OS    ALARM Alarm_Swc10ms
[003080074] ECUA OS    TASK_START Task_BswMain prio=3
[003080098] ECUA OS    TASK_END Task_BswMain
[003080119] ECUA OS    TASK_START Task_Swc10ms prio=2
[003080136] ECUA RTE   CALL R_WheelSpeed_GetWheelSpeed
[003080154] ECUA RTE   WRITE P_VehicleSpeed_VehicleSpeed=1464
[003080171] ECUA OS    TASK_END Task_Swc10ms
[003090038] ECUA OS    ALARM Alarm_BswMain
[003090055] ECUA OS    ALARM Alarm_Swc10ms
[003090074] ECUA OS    TASK_START Task_BswMain prio=3
[003090097] ECUA COM   TX ipdu=0 len=2
[003090112] ECUA PDUR  TX com=0 canif=0
[003090130] ECUA CAN   TX id=0x101 dlc=2 data=b8 05
[003090138] ECUA CANIF TX pdu=0
[003090155] ECUA OS    TASK_END Task_BswMain
[003090172] ECUA OS    TASK_START Task_Swc10ms prio=2
[003090193] ECUA RTE   CALL R_WheelSpeed_GetWheelSpeed
[003090205] ECUA RTE   WRITE P_VehicleSpeed_VehicleSpeed=1464
[003090238] ECUA OS    TASK_END Task_Swc10ms
[003100038] ECUA OS    ALARM Alarm_BswMain
[003100055] ECUA OS    ALARM Alarm_Swc10ms
[003100075] ECUA OS    TASK_START Task_BswMain prio=3
[003100099] ECUA OS    TASK_END Task_BswMain
[003100119] ECUA OS    TASK_START Task_Swc10ms prio=2
[003100138] ECUA RTE   CALL R_WheelSpeed_GetWheelSpeed
[003100155] ECUA SWC   SpeedSensor raw=2999 speed=1464
[003100171] ECUA RTE   WRITE P_VehicleSpeed_VehicleSpeed=1464
[003100196] ECUA OS    TASK_END Task_Swc10ms
[003110001] ECUA OS    ALARM Alarm_BswMain
[003110017] ECUA OS    ALARM Alarm_Swc10ms
[003110037] ECUA OS    TASK_START Task_BswMain prio=3
[003110060] ECUA COM   TX ipdu=0 len=2
[003110075] ECUA PDUR  TX com=0 canif=0
[003110093] ECUA CAN   TX id=0x101 dlc=2 data=b8 05
[003110114] ECUA CANIF TX pdu=0
[003110128] ECUA OS    TASK_END Task_BswMain
[003110138] ECUA OS    TASK_START Task_Swc10ms prio=2
[003110155] ECUA RTE   CALL R_WheelSpeed_GetWheelSpeed
[003110172] ECUA RTE   WRITE P_VehicleSpeed_VehicleSpeed=1464
[003110193] ECUA OS    TASK_END Task_Swc10ms
[003120038] ECUA OS    ALARM Alarm_BswMain
[003120055] ECUA OS    ALARM Alarm_Swc10ms
[003120075] ECUA OS    TASK_START Task_BswMain prio=3
[003120099] ECUA OS    TASK_END Task_BswMain
[003120119] ECUA OS    TASK_START Task_Swc10ms prio=2
[003120137] ECUA RTE   CALL R_WheelSpeed_GetWheelSpeed
[003120155] ECUA RTE   WRITE P_VehicleSpeed_VehicleSpeed=1464
[003120171] ECUA OS    TASK_END Task_Swc10ms
[003130039] ECUA OS    ALARM Alarm_BswMain
[003130055] ECUA OS    ALARM Alarm_Swc10ms
[003130075] ECUA OS    TASK_START Task_BswMain prio=3
[003130097] ECUA COM   TX ipdu=0 len=2
[003130113] ECUA PDUR  TX com=0 canif=0
[003130131] ECUA CAN   TX id=0x101 dlc=2 data=b8 05
[003130138] ECUA CANIF TX pdu=0
[003130155] ECUA OS    TASK_END Task_BswMain
[003130172] ECUA OS    TASK_START Task_Swc10ms prio=2
[003130206] ECUA RTE   CALL R_WheelSpeed_GetWheelSpeed
[003130223] ECUA RTE   WRITE P_VehicleSpeed_VehicleSpeed=1464
[003130255] ECUA OS    TASK_END Task_Swc10ms
[003140039] ECUA OS    ALARM Alarm_BswMain
[003140055] ECUA OS    ALARM Alarm_Swc10ms
[003140075] ECUA OS    TASK_START Task_BswMain prio=3
[003140099] ECUA OS    TASK_END Task_BswMain
[003140119] ECUA OS    TASK_START Task_Swc10ms prio=2
[003140137] ECUA RTE   CALL R_WheelSpeed_GetWheelSpeed
[003140155] ECUA RTE   WRITE P_VehicleSpeed_VehicleSpeed=1464
[003140172] ECUA OS    TASK_END Task_Swc10ms
[003150039] ECUA OS    ALARM Alarm_BswMain
[003150055] ECUA OS    ALARM Alarm_Swc10ms
[003150075] ECUA OS    TASK_START Task_BswMain prio=3
[003150098] ECUA COM   TX ipdu=0 len=2
[003150113] ECUA PDUR  TX com=0 canif=0
[003150131] ECUA CAN   TX id=0x101 dlc=2 data=b8 05
[003150139] ECUA CANIF TX pdu=0
[003150156] ECUA OS    TASK_END Task_BswMain
[003150173] ECUA OS    TASK_START Task_Swc10ms prio=2
[003150194] ECUA RTE   CALL R_WheelSpeed_GetWheelSpeed
[003150223] ECUA RTE   WRITE P_VehicleSpeed_VehicleSpeed=1464
[003150255] ECUA OS    TASK_END Task_Swc10ms
[003160039] ECUA OS    ALARM Alarm_BswMain
[003160055] ECUA OS    ALARM Alarm_Swc10ms
[003160075] ECUA OS    TASK_START Task_BswMain prio=3
[003160099] ECUA OS    TASK_END Task_BswMain
[003160120] ECUA OS    TASK_START Task_Swc10ms prio=2
[003160139] ECUA RTE   CALL R_WheelSpeed_GetWheelSpeed
[003160155] ECUA RTE   WRITE P_VehicleSpeed_VehicleSpeed=1464
[003160172] ECUA OS    TASK_END Task_Swc10ms
[003170039] ECUA OS    ALARM Alarm_BswMain
[003170055] ECUA OS    ALARM Alarm_Swc10ms
[003170075] ECUA OS    TASK_START Task_BswMain prio=3
[003170098] ECUA COM   TX ipdu=0 len=2
[003170113] ECUA PDUR  TX com=0 canif=0
[003170131] ECUA CAN   TX id=0x101 dlc=2 data=b8 05
[003170139] ECUA CANIF TX pdu=0
[003170156] ECUA OS    TASK_END Task_BswMain
[003170173] ECUA OS    TASK_START Task_Swc10ms prio=2
[003170206] ECUA RTE   CALL R_WheelSpeed_GetWheelSpeed
[003170223] ECUA RTE   WRITE P_VehicleSpeed_VehicleSpeed=1464
[003170255] ECUA OS    TASK_END Task_Swc10ms
[003180039] ECUA OS    ALARM Alarm_BswMain
[003180056] ECUA OS    ALARM Alarm_Swc10ms
[003180076] ECUA OS    TASK_START Task_BswMain prio=3
[003180099] ECUA OS    TASK_END Task_BswMain
[003180120] ECUA OS    TASK_START Task_Swc10ms prio=2
[003180139] ECUA RTE   CALL R_WheelSpeed_GetWheelSpeed
[003180156] ECUA RTE   WRITE P_VehicleSpeed_VehicleSpeed=1464
[003180172] ECUA OS    TASK_END Task_Swc10ms
[003190039] ECUA OS    ALARM Alarm_BswMain
[003190056] ECUA OS    ALARM Alarm_Swc10ms
[003190076] ECUA OS    TASK_START Task_BswMain prio=3
[003190098] ECUA COM   TX ipdu=0 len=2
[003190113] ECUA PDUR  TX com=0 canif=0
[003190131] ECUA CAN   TX id=0x101 dlc=2 data=b8 05
[003190139] ECUA CANIF TX pdu=0
[003190156] ECUA OS    TASK_END Task_BswMain
[003190173] ECUA OS    TASK_START Task_Swc10ms prio=2
[003190194] ECUA RTE   CALL R_WheelSpeed_GetWheelSpeed
[003190223] ECUA RTE   WRITE P_VehicleSpeed_VehicleSpeed=1464
[003190256] ECUA OS    TASK_END Task_Swc10ms
[003200038] ECUA OS    ALARM Alarm_BswMain
[003200056] ECUA OS    ALARM Alarm_Swc10ms
[003200076] ECUA OS    TASK_START Task_BswMain prio=3
[003200100] ECUA OS    TASK_END Task_BswMain
[003200105] ECUA OS    TASK_START Task_Swc10ms prio=2
[003200138] ECUA RTE   CALL R_WheelSpeed_GetWheelSpeed
[003200154] ECUA SWC   SpeedSensor raw=2999 speed=1464
[003200171] ECUA RTE   WRITE P_VehicleSpeed_VehicleSpeed=1464
[003200196] ECUA OS    TASK_END Task_Swc10ms
[003210001] ECUA OS    ALARM Alarm_BswMain
[003210017] ECUA OS    ALARM Alarm_Swc10ms
[003210037] ECUA OS    TASK_START Task_BswMain prio=3
[003210060] ECUA COM   TX ipdu=0 len=2
[003210075] ECUA PDUR  TX com=0 canif=0
[003210093] ECUA CAN   TX id=0x101 dlc=2 data=b8 05
[003210114] ECUA CANIF TX pdu=0
[003210128] ECUA OS    TASK_END Task_BswMain
[003210139] ECUA OS    TASK_START Task_Swc10ms prio=2
[003210156] ECUA RTE   CALL R_WheelSpeed_GetWheelSpeed
[003210190] ECUA RTE   WRITE P_VehicleSpeed_VehicleSpeed=1464
[003210217] ECUA OS    TASK_END Task_Swc10ms
[003220040] ECUA OS    ALARM Alarm_BswMain
[003220056] ECUA OS    ALARM Alarm_Swc10ms
[003220076] ECUA OS    TASK_START Task_BswMain prio=3
[003220100] ECUA OS    TASK_END Task_BswMain
[003220120] ECUA OS    TASK_START Task_Swc10ms prio=2
[003220140] ECUA RTE   CALL R_WheelSpeed_GetWheelSpeed
[003220156] ECUA RTE   WRITE P_VehicleSpeed_VehicleSpeed=1464
[003220173] ECUA OS    TASK_END Task_Swc10ms
[003230040] ECUA OS    ALARM Alarm_BswMain
[003230056] ECUA OS    ALARM Alarm_Swc10ms
[003230076] ECUA OS    TASK_START Task_BswMain prio=3
[003230099] ECUA COM   TX ipdu=0 len=2
[003230114] ECUA PDUR  TX com=0 canif=0
[003230132] ECUA CAN   TX id=0x101 dlc=2 data=b8 05
[003230140] ECUA CANIF TX pdu=0
[003230157] ECUA OS    TASK_END Task_BswMain
[003230173] ECUA OS    TASK_START Task_Swc10ms prio=2
[003230207] ECUA RTE   CALL R_WheelSpeed_GetWheelSpeed
[003230224] ECUA RTE   WRITE P_VehicleSpeed_VehicleSpeed=1464
[003230256] ECUA OS    TASK_END Task_Swc10ms
[003240040] ECUA OS    ALARM Alarm_BswMain
[003240056] ECUA OS    ALARM Alarm_Swc10ms
[003240076] ECUA OS    TASK_START Task_BswMain prio=3
[003240100] ECUA OS    TASK_END Task_BswMain
[003240121] ECUA OS    TASK_START Task_Swc10ms prio=2
[003240140] ECUA RTE   CALL R_WheelSpeed_GetWheelSpeed
[003240156] ECUA RTE   WRITE P_VehicleSpeed_VehicleSpeed=1464
[003240173] ECUA OS    TASK_END Task_Swc10ms
[003250040] ECUA OS    ALARM Alarm_BswMain
[003250056] ECUA OS    ALARM Alarm_Swc10ms
[003250076] ECUA OS    TASK_START Task_BswMain prio=3
[003250099] ECUA COM   TX ipdu=0 len=2
[003250114] ECUA PDUR  TX com=0 canif=0
[003250132] ECUA CAN   TX id=0x101 dlc=2 data=b8 05
[003250153] ECUA CANIF TX pdu=0
[003250157] ECUA OS    TASK_END Task_BswMain
[003250174] ECUA OS    TASK_START Task_Swc10ms prio=2
[003250207] ECUA RTE   CALL R_WheelSpeed_GetWheelSpeed
[003250229] ECUA RTE   WRITE P_VehicleSpeed_VehicleSpeed=1464
[003250256] ECUA OS    TASK_END Task_Swc10ms
[003260040] ECUA OS    ALARM Alarm_BswMain
[003260057] ECUA OS    ALARM Alarm_Swc10ms
[003260077] ECUA OS    TASK_START Task_BswMain prio=3
[003260100] ECUA OS    TASK_END Task_BswMain
[003260121] ECUA OS    TASK_START Task_Swc10ms prio=2
[003260140] ECUA RTE   CALL R_WheelSpeed_GetWheelSpeed
[003260157] ECUA RTE   WRITE P_VehicleSpeed_VehicleSpeed=1464
[003260173] ECUA OS    TASK_END Task_Swc10ms
[003270040] ECUA OS    ALARM Alarm_BswMain
[003270057] ECUA OS    ALARM Alarm_Swc10ms
[003270077] ECUA OS    TASK_START Task_BswMain prio=3
[003270099] ECUA COM   TX ipdu=0 len=2
[003270114] ECUA PDUR  TX com=0 canif=0
[003270132] ECUA CAN   TX id=0x101 dlc=2 data=b8 05
[003270140] ECUA CANIF TX pdu=0
[003270157] ECUA OS    TASK_END Task_BswMain
[003270174] ECUA OS    TASK_START Task_Swc10ms prio=2
[003270207] ECUA RTE   CALL R_WheelSpeed_GetWheelSpeed
[003270224] ECUA RTE   WRITE P_VehicleSpeed_VehicleSpeed=1464
[003270256] ECUA OS    TASK_END Task_Swc10ms
[003280040] ECUA OS    ALARM Alarm_BswMain
[003280057] ECUA OS    ALARM Alarm_Swc10ms
[003280077] ECUA OS    TASK_START Task_BswMain prio=3
[003280101] ECUA OS    TASK_END Task_BswMain
[003280121] ECUA OS    TASK_START Task_Swc10ms prio=2
[003280139] ECUA RTE   CALL R_WheelSpeed_GetWheelSpeed
[003280157] ECUA RTE   WRITE P_VehicleSpeed_VehicleSpeed=1464
[003280173] ECUA OS    TASK_END Task_Swc10ms
[003290040] ECUA OS    ALARM Alarm_BswMain
[003290057] ECUA OS    ALARM Alarm_Swc10ms
[003290077] ECUA OS    TASK_START Task_BswMain prio=3
[003290099] ECUA COM   TX ipdu=0 len=2
[003290115] ECUA PDUR  TX com=0 canif=0
[003290132] ECUA CAN   TX id=0x101 dlc=2 data=b8 05
[003290140] ECUA CANIF TX pdu=0
[003290157] ECUA OS    TASK_END Task_BswMain
[003290174] ECUA OS    TASK_START Task_Swc10ms prio=2
[003290208] ECUA RTE   CALL R_WheelSpeed_GetWheelSpeed
[003290225] ECUA RTE   WRITE P_VehicleSpeed_VehicleSpeed=1464
[003290257] ECUA OS    TASK_END Task_Swc10ms
[003300039] ECUA OS    ALARM Alarm_BswMain
[003300040] ECUA OS    ALARM Alarm_Swc10ms
[003300057] ECUA OS    TASK_START Task_BswMain prio=3
[003300100] ECUA OS    TASK_END Task_BswMain
[003300106] ECUA OS    TASK_START Task_Swc10ms prio=2
[003300139] ECUA RTE   CALL R_WheelSpeed_GetWheelSpeed
[003300156] ECUA SWC   SpeedSensor raw=2999 speed=1464
[003300172] ECUA RTE   WRITE P_VehicleSpeed_VehicleSpeed=1464
[003300197] ECUA OS    TASK_END Task_Swc10ms
[003310041] ECUA OS    ALARM Alarm_BswMain
[003310057] ECUA OS    ALARM Alarm_Swc10ms
[003310077] ECUA OS    TASK_START Task_BswMain prio=3
[003310100] ECUA COM   TX ipdu=0 len=2
[003310115] ECUA PDUR  TX com=0 canif=0
[003310133] ECUA CAN   TX id=0x101 dlc=2 data=b8 05
[003310141] ECUA CANIF TX pdu=0
[003310158] ECUA OS    TASK_END Task_BswMain
[003310174] ECUA OS    TASK_START Task_Swc10ms prio=2
[003310208] ECUA RTE   CALL R_WheelSpeed_GetWheelSpeed
[003310225] ECUA RTE   WRITE P_VehicleSpeed_VehicleSpeed=1464
[003310257] ECUA OS    TASK_END Task_Swc10ms
[003320041] ECUA OS    ALARM Alarm_BswMain
[003320057] ECUA OS    ALARM Alarm_Swc10ms
[003320077] ECUA OS    TASK_START Task_BswMain prio=3
[003320101] ECUA OS    TASK_END Task_BswMain
[003320121] ECUA OS    TASK_START Task_Swc10ms prio=2
[003320141] ECUA RTE   CALL R_WheelSpeed_GetWheelSpeed
[003320157] ECUA RTE   WRITE P_VehicleSpeed_VehicleSpeed=1464
[003320174] ECUA OS    TASK_END Task_Swc10ms
[003330001] ECUA OS    ALARM Alarm_BswMain
[003330017] ECUA OS    ALARM Alarm_Swc10ms
[003330037] ECUA OS    TASK_START Task_BswMain prio=3
[003330060] ECUA COM   TX ipdu=0 len=2
[003330075] ECUA PDUR  TX com=0 canif=0
[003330093] ECUA CAN   TX id=0x101 dlc=2 data=b8 05
[003330114] ECUA CANIF TX pdu=0
[003330128] ECUA OS    TASK_END Task_BswMain
[003330141] ECUA OS    TASK_START Task_Swc10ms prio=2
[003330158] ECUA RTE   CALL R_WheelSpeed_GetWheelSpeed
[003330175] ECUA RTE   WRITE P_VehicleSpeed_VehicleSpeed=1464
[003330208] ECUA OS    TASK_END Task_Swc10ms
[003340041] ECUA OS    ALARM Alarm_BswMain
[003340058] ECUA OS    ALARM Alarm_Swc10ms
[003340077] ECUA OS    TASK_START Task_BswMain prio=3
[003340101] ECUA OS    TASK_END Task_BswMain
[003340122] ECUA OS    TASK_START Task_Swc10ms prio=2
[003340141] ECUA RTE   CALL R_WheelSpeed_GetWheelSpeed
[003340157] ECUA RTE   WRITE P_VehicleSpeed_VehicleSpeed=1464
[003340174] ECUA OS    TASK_END Task_Swc10ms
[003350001] ECUA OS    ALARM Alarm_BswMain
[003350017] ECUA OS    ALARM Alarm_Swc10ms
[003350037] ECUA OS    TASK_START Task_BswMain prio=3
[003350060] ECUA COM   TX ipdu=0 len=2
[003350075] ECUA PDUR  TX com=0 canif=0
[003350093] ECUA CAN   TX id=0x101 dlc=2 data=b8 05
[003350114] ECUA CANIF TX pdu=0
[003350128] ECUA OS    TASK_END Task_BswMain
[003350141] ECUA OS    TASK_START Task_Swc10ms prio=2
[003350158] ECUA RTE   CALL R_WheelSpeed_GetWheelSpeed
[003350175] ECUA RTE   WRITE P_VehicleSpeed_VehicleSpeed=1464
[003350209] ECUA OS    TASK_END Task_Swc10ms
[003360041] ECUA OS    ALARM Alarm_BswMain
[003360058] ECUA OS    ALARM Alarm_Swc10ms
[003360078] ECUA OS    TASK_START Task_BswMain prio=3
[003360102] ECUA OS    TASK_END Task_BswMain
[003360122] ECUA OS    TASK_START Task_Swc10ms prio=2
[003360140] ECUA RTE   CALL R_WheelSpeed_GetWheelSpeed
[003360158] ECUA RTE   WRITE P_VehicleSpeed_VehicleSpeed=1464
[003360174] ECUA OS    TASK_END Task_Swc10ms
[003370041] ECUA OS    ALARM Alarm_BswMain
[003370058] ECUA OS    ALARM Alarm_Swc10ms
[003370078] ECUA OS    TASK_START Task_BswMain prio=3
[003370100] ECUA COM   TX ipdu=0 len=2
[003370116] ECUA PDUR  TX com=0 canif=0
[003370133] ECUA CAN   TX id=0x101 dlc=2 data=b8 05
[003370154] ECUA CANIF TX pdu=0
[003370158] ECUA OS    TASK_END Task_BswMain
[003370175] ECUA OS    TASK_START Task_Swc10ms prio=2
[003370209] ECUA RTE   CALL R_WheelSpeed_GetWheelSpeed
[003370225] ECUA RTE   WRITE P_VehicleSpeed_VehicleSpeed=1464
[003370258] ECUA OS    TASK_END Task_Swc10ms
[003380040] ECUA OS    ALARM Alarm_BswMain
[003380058] ECUA OS    ALARM Alarm_Swc10ms
[003380078] ECUA OS    TASK_START Task_BswMain prio=3
[003380102] ECUA OS    TASK_END Task_BswMain
[003380122] ECUA OS    TASK_START Task_Swc10ms prio=2
[003380141] ECUA RTE   CALL R_WheelSpeed_GetWheelSpeed
[003380158] ECUA RTE   WRITE P_VehicleSpeed_VehicleSpeed=1464
[003380175] ECUA OS    TASK_END Task_Swc10ms
[003390042] ECUA OS    ALARM Alarm_BswMain
[003390058] ECUA OS    ALARM Alarm_Swc10ms
[003390078] ECUA OS    TASK_START Task_BswMain prio=3
[003390100] ECUA COM   TX ipdu=0 len=2
[003390116] ECUA PDUR  TX com=0 canif=0
[003390134] ECUA CAN   TX id=0x101 dlc=2 data=b8 05
[003390142] ECUA CANIF TX pdu=0
[003390158] ECUA OS    TASK_END Task_BswMain
[003390175] ECUA OS    TASK_START Task_Swc10ms prio=2
[003390197] ECUA RTE   CALL R_WheelSpeed_GetWheelSpeed
[003390226] ECUA RTE   WRITE P_VehicleSpeed_VehicleSpeed=1464
[003390258] ECUA OS    TASK_END Task_Swc10ms
[003400042] ECUA OS    ALARM Alarm_BswMain
[003400058] ECUA OS    ALARM Alarm_Swc10ms
[003400078] ECUA OS    TASK_START Task_BswMain prio=3
[003400102] ECUA OS    TASK_END Task_BswMain
[003400122] ECUA OS    TASK_START Task_Swc10ms prio=2
[003400140] ECUA RTE   CALL R_WheelSpeed_GetWheelSpeed
[003400158] ECUA SWC   SpeedSensor raw=2999 speed=1464
[003400175] ECUA RTE   WRITE P_VehicleSpeed_VehicleSpeed=1464
[003400200] ECUA OS    TASK_END Task_Swc10ms
[003410042] ECUA OS    ALARM Alarm_BswMain
[003410058] ECUA OS    ALARM Alarm_Swc10ms
[003410078] ECUA OS    TASK_START Task_BswMain prio=3
[003410101] ECUA COM   TX ipdu=0 len=2
[003410116] ECUA PDUR  TX com=0 canif=0
[003410134] ECUA CAN   TX id=0x101 dlc=2 data=b8 05
[003410155] ECUA CANIF TX pdu=0
[003410159] ECUA OS    TASK_END Task_BswMain
[003410176] ECUA OS    TASK_START Task_Swc10ms prio=2
[003410209] ECUA RTE   CALL R_WheelSpeed_GetWheelSpeed
[003410231] ECUA RTE   WRITE P_VehicleSpeed_VehicleSpeed=1464
[003410258] ECUA OS    TASK_END Task_Swc10ms
[003420042] ECUA OS    ALARM Alarm_BswMain
[003420058] ECUA OS    ALARM Alarm_Swc10ms
[003420078] ECUA OS    TASK_START Task_BswMain prio=3
[003420102] ECUA OS    TASK_END Task_BswMain
[003420123] ECUA OS    TASK_START Task_Swc10ms prio=2
[003420142] ECUA RTE   CALL R_WheelSpeed_GetWheelSpeed
[003420158] ECUA RTE   WRITE P_VehicleSpeed_VehicleSpeed=1464
[003420175] ECUA OS    TASK_END Task_Swc10ms
[003430042] ECUA OS    ALARM Alarm_BswMain
[003430059] ECUA OS    ALARM Alarm_Swc10ms
[003430079] ECUA OS    TASK_START Task_BswMain prio=3
[003430101] ECUA COM   TX ipdu=0 len=2
[003430116] ECUA PDUR  TX com=0 canif=0
[003430134] ECUA CAN   TX id=0x101 dlc=2 data=b8 05
[003430155] ECUA CANIF TX pdu=0
[003430159] ECUA OS    TASK_END Task_BswMain
[003430176] ECUA OS    TASK_START Task_Swc10ms prio=2
[003430209] ECUA RTE   CALL R_WheelSpeed_GetWheelSpeed
[003430226] ECUA RTE   WRITE P_VehicleSpeed_VehicleSpeed=1464
[003430258] ECUA OS    TASK_END Task_Swc10ms
[003440042] ECUA OS    ALARM Alarm_BswMain
[003440059] ECUA OS    ALARM Alarm_Swc10ms
[003440079] ECUA OS    TASK_START Task_BswMain prio=3
[003440103] ECUA OS    TASK_END Task_BswMain
[003440123] ECUA OS    TASK_START Task_Swc10ms prio=2
[003440142] ECUA RTE   CALL R_WheelSpeed_GetWheelSpeed
[003440159] ECUA RTE   WRITE P_VehicleSpeed_VehicleSpeed=1464
[003440175] ECUA OS    TASK_END Task_Swc10ms
[003450042] ECUA OS    ALARM Alarm_BswMain
[003450059] ECUA OS    ALARM Alarm_Swc10ms
[003450079] ECUA OS    TASK_START Task_BswMain prio=3
[003450101] ECUA COM   TX ipdu=0 len=2
[003450117] ECUA PDUR  TX com=0 canif=0
[003450134] ECUA CAN   TX id=0x101 dlc=2 data=b8 05
[003450155] ECUA CANIF TX pdu=0
[003450159] ECUA OS    TASK_END Task_BswMain
[003450176] ECUA OS    TASK_START Task_Swc10ms prio=2
[003450209] ECUA RTE   CALL R_WheelSpeed_GetWheelSpeed
[003450226] ECUA RTE   WRITE P_VehicleSpeed_VehicleSpeed=1464
[003450259] ECUA OS    TASK_END Task_Swc10ms
[003460042] ECUA OS    ALARM Alarm_BswMain
[003460059] ECUA OS    ALARM Alarm_Swc10ms
[003460079] ECUA OS    TASK_START Task_BswMain prio=3
[003460103] ECUA OS    TASK_END Task_BswMain
[003460123] ECUA OS    TASK_START Task_Swc10ms prio=2
[003460142] ECUA RTE   CALL R_WheelSpeed_GetWheelSpeed
[003460159] ECUA RTE   WRITE P_VehicleSpeed_VehicleSpeed=1464
[003460176] ECUA OS    TASK_END Task_Swc10ms
[003470043] ECUA OS    ALARM Alarm_BswMain
[003470059] ECUA OS    ALARM Alarm_Swc10ms
[003470079] ECUA OS    TASK_START Task_BswMain prio=3
[003470101] ECUA COM   TX ipdu=0 len=2
[003470117] ECUA PDUR  TX com=0 canif=0
[003470135] ECUA CAN   TX id=0x101 dlc=2 data=b8 05
[003470143] ECUA CANIF TX pdu=0
[003470159] ECUA OS    TASK_END Task_BswMain
[003470176] ECUA OS    TASK_START Task_Swc10ms prio=2
[003470210] ECUA RTE   CALL R_WheelSpeed_GetWheelSpeed
[003470227] ECUA RTE   WRITE P_VehicleSpeed_VehicleSpeed=1464
[003470259] ECUA OS    TASK_END Task_Swc10ms
[003480043] ECUA OS    ALARM Alarm_BswMain
[003480059] ECUA OS    ALARM Alarm_Swc10ms
[003480079] ECUA OS    TASK_START Task_BswMain prio=3
[003480103] ECUA OS    TASK_END Task_BswMain
[003480123] ECUA OS    TASK_START Task_Swc10ms prio=2
[003480143] ECUA RTE   CALL R_WheelSpeed_GetWheelSpeed
[003480159] ECUA RTE   WRITE P_VehicleSpeed_VehicleSpeed=1464
[003480176] ECUA OS    TASK_END Task_Swc10ms
[003490043] ECUA OS    ALARM Alarm_BswMain
[003490059] ECUA OS    ALARM Alarm_Swc10ms
[003490079] ECUA OS    TASK_START Task_BswMain prio=3
[003490102] ECUA COM   TX ipdu=0 len=2
[003490117] ECUA PDUR  TX com=0 canif=0
[003490135] ECUA CAN   TX id=0x101 dlc=2 data=b8 05
[003490143] ECUA CANIF TX pdu=0
[003490160] ECUA OS    TASK_END Task_BswMain
[003490177] ECUA OS    TASK_START Task_Swc10ms prio=2
[003490210] ECUA RTE   CALL R_WheelSpeed_GetWheelSpeed
[003490227] ECUA RTE   WRITE P_VehicleSpeed_VehicleSpeed=1464
[003490259] ECUA OS    TASK_END Task_Swc10ms
[003500042] ECUA OS    ALARM Alarm_BswMain
[003500042] ECUA OS    ALARM Alarm_Swc10ms
[003500059] ECUA OS    TASK_START Task_BswMain prio=3
[003500100] ECUA OS    TASK_END Task_BswMain
[003500120] ECUA OS    TASK_START Task_Swc10ms prio=2
[003500142] ECUA RTE   CALL R_WheelSpeed_GetWheelSpeed
[003500158] ECUA SWC   SpeedSensor raw=2999 speed=1464
[003500175] ECUA RTE   WRITE P_VehicleSpeed_VehicleSpeed=1464
[003500200] ECUA OS    TASK_END Task_Swc10ms
[003510043] ECUA OS    ALARM Alarm_BswMain
[003510060] ECUA OS    ALARM Alarm_Swc10ms
[003510080] ECUA OS    TASK_START Task_BswMain prio=3
[003510102] ECUA COM   TX ipdu=0 len=2
[003510117] ECUA PDUR  TX com=0 canif=0
[003510135] ECUA CAN   TX id=0x101 dlc=2 data=b8 05
[003510156] ECUA CANIF TX pdu=0
[003510160] ECUA OS    TASK_END Task_BswMain
[003510177] ECUA OS    TASK_START Task_Swc10ms prio=2
[003510210] ECUA RTE   CALL R_WheelSpeed_GetWheelSpeed
[003510227] ECUA BSW   IOHWAB ADC raw=2999
[003510243] ECUA RTE   WRITE P_VehicleSpeed_VehicleSpeed=1464
[003510262] ECUA OS    TASK_END Task_Swc10ms
[003520043] ECUA OS    ALARM Alarm_BswMain
[003520060] ECUA OS    ALARM Alarm_Swc10ms
[003520080] ECUA OS    TASK_START Task_BswMain prio=3
[003520104] ECUA OS    TASK_END Task_BswMain
[003520124] ECUA OS    TASK_START Task_Swc10ms prio=2
[003520142] ECUA RTE   CALL R_WheelSpeed_GetWheelSpeed
[003520160] ECUA RTE   WRITE P_VehicleSpeed_VehicleSpeed=1464
[003520176] ECUA OS    TASK_END Task_Swc10ms
[003530043] ECUA OS    ALARM Alarm_BswMain
[003530060] ECUA OS    ALARM Alarm_Swc10ms
[003530080] ECUA OS    TASK_START Task_BswMain prio=3
[003530102] ECUA COM   TX ipdu=0 len=2
[003530118] ECUA PDUR  TX com=0 canif=0
[003530135] ECUA CAN   TX id=0x101 dlc=2 data=b8 05
[003530143] ECUA CANIF TX pdu=0
[003530160] ECUA OS    TASK_END Task_BswMain
[003530177] ECUA OS    TASK_START Task_Swc10ms prio=2
[003530210] ECUA RTE   CALL R_WheelSpeed_GetWheelSpeed
[003530227] ECUA RTE   WRITE P_VehicleSpeed_VehicleSpeed=1464
[003530260] ECUA OS    TASK_END Task_Swc10ms
[003540043] ECUA OS    ALARM Alarm_BswMain
[003540060] ECUA OS    ALARM Alarm_Swc10ms
[003540080] ECUA OS    TASK_START Task_BswMain prio=3
[003540104] ECUA OS    TASK_END Task_BswMain
[003540124] ECUA OS    TASK_START Task_Swc10ms prio=2
[003540143] ECUA RTE   CALL R_WheelSpeed_GetWheelSpeed
[003540160] ECUA RTE   WRITE P_VehicleSpeed_VehicleSpeed=1464
[003540176] ECUA OS    TASK_END Task_Swc10ms
[003550044] ECUA OS    ALARM Alarm_BswMain
[003550060] ECUA OS    ALARM Alarm_Swc10ms
[003550080] ECUA OS    TASK_START Task_BswMain prio=3
[003550102] ECUA COM   TX ipdu=0 len=2
[003550118] ECUA PDUR  TX com=0 canif=0
[003550136] ECUA CAN   TX id=0x101 dlc=2 data=b8 05
[003550144] ECUA CANIF TX pdu=0
[003550160] ECUA OS    TASK_END Task_BswMain
[003550177] ECUA OS    TASK_START Task_Swc10ms prio=2
[003550199] ECUA RTE   CALL R_WheelSpeed_GetWheelSpeed
[003550228] ECUA RTE   WRITE P_VehicleSpeed_VehicleSpeed=1464
[003550260] ECUA OS    TASK_END Task_Swc10ms
[003560042] ECUA OS    ALARM Alarm_BswMain
[003560060] ECUA OS    ALARM Alarm_Swc10ms
[003560080] ECUA OS    TASK_START Task_BswMain prio=3
[003560104] ECUA OS    TASK_END Task_BswMain
[003560124] ECUA OS    TASK_START Task_Swc10ms prio=2
[003560144] ECUA RTE   CALL R_WheelSpeed_GetWheelSpeed
[003560160] ECUA RTE   WRITE P_VehicleSpeed_VehicleSpeed=1464
[003560177] ECUA OS    TASK_END Task_Swc10ms
[003570001] ECUA OS    ALARM Alarm_BswMain
[003570017] ECUA OS    ALARM Alarm_Swc10ms
[003570037] ECUA OS    TASK_START Task_BswMain prio=3
[003570060] ECUA COM   TX ipdu=0 len=2
[003570075] ECUA PDUR  TX com=0 canif=0
[003570093] ECUA CAN   TX id=0x101 dlc=2 data=b8 05
[003570114] ECUA CANIF TX pdu=0
[003570128] ECUA OS    TASK_END Task_BswMain
[003570144] ECUA OS    TASK_START Task_Swc10ms prio=2
[003570161] ECUA RTE   CALL R_WheelSpeed_GetWheelSpeed
[003570178] ECUA RTE   WRITE P_VehicleSpeed_VehicleSpeed=1464
[003570211] ECUA OS    TASK_END Task_Swc10ms
[003580044] ECUA OS    ALARM Alarm_BswMain
[003580060] ECUA OS    ALARM Alarm_Swc10ms
[003580080] ECUA OS    TASK_START Task_BswMain prio=3
[003580104] ECUA OS    TASK_END Task_BswMain
[003580125] ECUA OS    TASK_START Task_Swc10ms prio=2
[003580144] ECUA RTE   CALL R_WheelSpeed_GetWheelSpeed
[003580166] ECUA RTE   WRITE P_VehicleSpeed_VehicleSpeed=1464
[003580194] ECUA OS    TASK_END Task_Swc10ms
[003590044] ECUA OS    ALARM Alarm_BswMain
[003590061] ECUA OS    ALARM Alarm_Swc10ms
[003590080] ECUA OS    TASK_START Task_BswMain prio=3
[003590103] ECUA COM   TX ipdu=0 len=2
[003590118] ECUA PDUR  TX com=0 canif=0
[003590136] ECUA CAN   TX id=0x101 dlc=2 data=b8 05
[003590144] ECUA CANIF TX pdu=0
[003590161] ECUA OS    TASK_END Task_BswMain
[003590178] ECUA OS    TASK_START Task_Swc10ms prio=2
[003590211] ECUA RTE   CALL R_WheelSpeed_GetWheelSpeed
[003590228] ECUA RTE   WRITE P_VehicleSpeed_VehicleSpeed=1464
[003590260] ECUA OS    TASK_END Task_Swc10ms
[003600044] ECUA OS    ALARM Alarm_BswMain
[003600061] ECUA OS    ALARM Alarm_Swc10ms
[003600081] ECUA OS    TASK_START Task_BswMain prio=3
[003600105] ECUA OS    TASK_END Task_BswMain
[003600125] ECUA OS    TASK_START Task_Swc10ms prio=2
[003600144] ECUA RTE   CALL R_WheelSpeed_GetWheelSpeed
[003600161] ECUA SWC   SpeedSensor raw=2999 speed=1464
[003600177] ECUA RTE   WRITE P_VehicleSpeed_VehicleSpeed=1464
[003600215] ECUA OS    TASK_END Task_Swc10ms
[003610044] ECUA OS    ALARM Alarm_BswMain
[003610061] ECUA OS    ALARM Alarm_Swc10ms
[003610081] ECUA OS    TASK_START Task_BswMain prio=3
[003610103] ECUA COM   TX ipdu=0 len=2
[003610118] ECUA PDUR  TX com=0 canif=0
[003610136] ECUA CAN   TX id=0x101 dlc=2 data=b8 05
[003610144] ECUA CANIF TX pdu=0
[003610161] ECUA OS    TASK_END Task_BswMain
[003610178] ECUA OS    TASK_START Task_Swc10ms prio=2
[003610211] ECUA RTE   CALL R_WheelSpeed_GetWheelSpeed
[003610228] ECUA RTE   WRITE P_VehicleSpeed_VehicleSpeed=1464
[003610261] ECUA OS    TASK_END Task_Swc10ms
[003620044] ECUA OS    ALARM Alarm_BswMain
[003620061] ECUA OS    ALARM Alarm_Swc10ms
[003620081] ECUA OS    TASK_START Task_BswMain prio=3
[003620105] ECUA OS    TASK_END Task_BswMain
[003620125] ECUA OS    TASK_START Task_Swc10ms prio=2
[003620144] ECUA RTE   CALL R_WheelSpeed_GetWheelSpeed
[003620161] ECUA RTE   WRITE P_VehicleSpeed_VehicleSpeed=1464
[003620177] ECUA OS    TASK_END Task_Swc10ms
[003630045] ECUA OS    ALARM Alarm_BswMain
[003630061] ECUA OS    ALARM Alarm_Swc10ms
[003630081] ECUA OS    TASK_START Task_BswMain prio=3
[003630103] ECUA COM   TX ipdu=0 len=2
[003630119] ECUA PDUR  TX com=0 canif=0
[003630137] ECUA CAN   TX id=0x101 dlc=2 data=b8 05
[003630144] ECUA CANIF TX pdu=0
[003630161] ECUA OS    TASK_END Task_BswMain
[003630178] ECUA OS    TASK_START Task_Swc10ms prio=2
[003630200] ECUA RTE   CALL R_WheelSpeed_GetWheelSpeed
[003630229] ECUA RTE   WRITE P_VehicleSpeed_VehicleSpeed=1464
[003630261] ECUA OS    TASK_END Task_Swc10ms
[003640045] ECUA OS    ALARM Alarm_BswMain
[003640061] ECUA OS    ALARM Alarm_Swc10ms
[003640081] ECUA OS    TASK_START Task_BswMain prio=3
[003640105] ECUA OS    TASK_END Task_BswMain
[003640125] ECUA OS    TASK_START Task_Swc10ms prio=2
[003640145] ECUA RTE   CALL R_WheelSpeed_GetWheelSpeed
[003640161] ECUA RTE   WRITE P_VehicleSpeed_VehicleSpeed=1464
[003640178] ECUA OS    TASK_END Task_Swc10ms
[003650045] ECUA OS    ALARM Alarm_BswMain
[003650061] ECUA OS    ALARM Alarm_Swc10ms
[003650081] ECUA OS    TASK_START Task_BswMain prio=3
[003650104] ECUA COM   TX ipdu=0 len=2
[003650119] ECUA PDUR  TX com=0 canif=0
[003650137] ECUA CAN   TX id=0x101 dlc=2 data=b8 05
[003650145] ECUA CANIF TX pdu=0
[003650162] ECUA OS    TASK_END Task_BswMain
[003650179] ECUA OS    TASK_START Task_Swc10ms prio=2
[003650200] ECUA RTE   CALL R_WheelSpeed_GetWheelSpeed
[003650212] ECUA RTE   WRITE P_VehicleSpeed_VehicleSpeed=1464
[003650261] ECUA OS    TASK_END Task_Swc10ms
[003660045] ECUA OS    ALARM Alarm_BswMain
[003660061] ECUA OS    ALARM Alarm_Swc10ms
[003660081] ECUA OS    TASK_START Task_BswMain prio=3
[003660105] ECUA OS    TASK_END Task_BswMain
[003660126] ECUA OS    TASK_START Task_Swc10ms prio=2
[003660145] ECUA RTE   CALL R_WheelSpeed_GetWheelSpeed
[003660161] ECUA RTE   WRITE P_VehicleSpeed_VehicleSpeed=1464
[003660178] ECUA OS    TASK_END Task_Swc10ms
[003670001] ECUA OS    ALARM Alarm_BswMain
[003670017] ECUA OS    ALARM Alarm_Swc10ms
[003670037] ECUA OS    TASK_START Task_BswMain prio=3
[003670060] ECUA COM   TX ipdu=0 len=2
[003670075] ECUA PDUR  TX com=0 canif=0
[003670093] ECUA CAN   TX id=0x101 dlc=2 data=b8 05
[003670114] ECUA CANIF TX pdu=0
[003670128] ECUA OS    TASK_END Task_BswMain
[003670144] ECUA OS    TASK_START Task_Swc10ms prio=2
[003670145] ECUA RTE   CALL R_WheelSpeed_GetWheelSpeed
[003670179] ECUA RTE   WRITE P_VehicleSpeed_VehicleSpeed=1464
[003670200] ECUA OS    TASK_END Task_Swc10ms
[003680045] ECUA OS    ALARM Alarm_BswMain
[003680062] ECUA OS    ALARM Alarm_Swc10ms
[003680082] ECUA OS    TASK_START Task_BswMain prio=3
[003680105] ECUA OS    TASK_END Task_BswMain
[003680126] ECUA OS    TASK_START Task_Swc10ms prio=2
[003680145] ECUA RTE   CALL R_WheelSpeed_GetWheelSpeed
[003680162] ECUA RTE   WRITE P_VehicleSpeed_VehicleSpeed=1464
[003680178] ECUA OS    TASK_END Task_Swc10ms
[003690045] ECUA OS    ALARM Alarm_BswMain
[003690062] ECUA OS    ALARM Alarm_Swc10ms
[003690082] ECUA OS    TASK_START Task_BswMain prio=3
[003690104] ECUA COM   TX ipdu=0 len=2
[003690119] ECUA PDUR  TX com=0 canif=0
[003690137] ECUA CAN   TX id=0x101 dlc=2 data=b8 05
[003690145] ECUA CANIF TX pdu=0
[003690162] ECUA OS    TASK_END Task_BswMain
[003690179] ECUA OS    TASK_START Task_Swc10ms prio=2
[003690200] ECUA RTE   CALL R_WheelSpeed_GetWheelSpeed
[003690229] ECUA RTE   WRITE P_VehicleSpeed_VehicleSpeed=1464
[003690262] ECUA OS    TASK_END Task_Swc10ms
[003700045] ECUA OS    ALARM Alarm_BswMain
[003700062] ECUA OS    ALARM Alarm_Swc10ms
[003700082] ECUA OS    TASK_START Task_BswMain prio=3
[003700100] ECUA OS    TASK_END Task_BswMain
[003700117] ECUA OS    TASK_START Task_Swc10ms prio=2
[003700144] ECUA RTE   CALL R_WheelSpeed_GetWheelSpeed
[003700160] ECUA SWC   SpeedSensor raw=2999 speed=1464
[003700177] ECUA RTE   WRITE P_VehicleSpeed_VehicleSpeed=1464
[003700202] ECUA OS    TASK_END Task_Swc10ms
[003710045] ECUA OS    ALARM Alarm_BswMain
[003710062] ECUA OS    ALARM Alarm_Swc10ms
[003710082] ECUA OS    TASK_START Task_BswMain prio=3
[003710104] ECUA COM   TX ipdu=0 len=2
[003710120] ECUA PDUR  TX com=0 canif=0
[003710137] ECUA CAN   TX id=0x101 dlc=2 data=b8 05
[003710159] ECUA CANIF TX pdu=0
[003710162] ECUA OS    TASK_END Task_BswMain
[003710179] ECUA OS    TASK_START Task_Swc10ms prio=2
[003710213] ECUA RTE   CALL R_WheelSpeed_GetWheelSpeed
[003710230] ECUA RTE   WRITE P_VehicleSpeed_VehicleSpeed=1464
[003710262] ECUA OS    TASK_END Task_Swc10ms
[003720046] ECUA OS    ALARM Alarm_BswMain
[003720062] ECUA OS    ALARM Alarm_Swc10ms
[003720082] ECUA OS    TASK_START Task_BswMain prio=3
[003720106] ECUA OS    TASK_END Task_BswMain
[003720126] ECUA OS    TASK_START Task_Swc10ms prio=2
[003720146] ECUA RTE   CALL R_WheelSpeed_GetWheelSpeed
[003720162] ECUA RTE   WRITE P_VehicleSpeed_VehicleSpeed=1464
[003720179] ECUA OS    TASK_END Task_Swc10ms
[003730001] ECUA OS    ALARM Alarm_BswMain
[003730017] ECUA OS    ALARM Alarm_Swc10ms
[003730037] ECUA OS    TASK_START Task_BswMain prio=3
[003730060] ECUA COM   TX ipdu=0 len=2
[003730075] ECUA PDUR  TX com=0 canif=0
[003730093] ECUA CAN   TX id=0x101 dlc=2 data=b8 05
[003730114] ECUA CANIF TX pdu=0
[003730128] ECUA OS    TASK_END Task_BswMain
[003730146] ECUA OS    TASK_START Task_Swc10ms prio=2
[003730163] ECUA RTE   CALL R_WheelSpeed_GetWheelSpeed
[003730179] ECUA RTE   WRITE P_VehicleSpeed_VehicleSpeed=1464
[003730213] ECUA OS    TASK_END Task_Swc10ms
[003740001] ECUA OS    ALARM Alarm_BswMain
[003740017] ECUA OS    ALARM Alarm_Swc10ms
[003740037] ECUA OS    TASK_START Task_BswMain prio=3
[003740061] ECUA OS    TASK_END Task_BswMain
[003740082] ECUA OS    TASK_START Task_Swc10ms prio=2
[003740102] ECUA RTE   CALL R_WheelSpeed_GetWheelSpeed
[003740123] ECUA RTE   WRITE P_VehicleSpeed_VehicleSpeed=1464
[003740144] ECUA OS    TASK_END Task_Swc10ms
[003750046] ECUA OS    ALARM Alarm_BswMain
[003750062] ECUA OS    ALARM Alarm_Swc10ms
[003750082] ECUA OS    TASK_START Task_BswMain prio=3
[003750105] ECUA COM   TX ipdu=0 len=2
[003750120] ECUA PDUR  TX com=0 canif=0
[003750138] ECUA CAN   TX id=0x101 dlc=2 data=b8 05
[003750146] ECUA CANIF TX pdu=0
[003750163] ECUA OS    TASK_END Task_BswMain
[003750180] ECUA OS    TASK_START Task_Swc10ms prio=2
[003750213] ECUA RTE   CALL R_WheelSpeed_GetWheelSpeed
[003750230] ECUA RTE   WRITE P_VehicleSpeed_VehicleSpeed=1464
[003750262] ECUA OS    TASK_END Task_Swc10ms
[003760046] ECUA OS    ALARM Alarm_BswMain
[003760063] ECUA OS    ALARM Alarm_Swc10ms
[003760083] ECUA OS    TASK_START Task_BswMain prio=3
[003760106] ECUA OS    TASK_END Task_BswMain
[003760127] ECUA OS    TASK_START Task_Swc10ms prio=2
[003760146] ECUA RTE   CALL R_WheelSpeed_GetWheelSpeed
[003760163] ECUA RTE   WRITE P_VehicleSpeed_VehicleSpeed=1464
[003760179] ECUA OS    TASK_END Task_Swc10ms
[003770046] ECUA OS    ALARM Alarm_BswMain
[003770063] ECUA OS    ALARM Alarm_Swc10ms
[003770083] ECUA OS    TASK_START Task_BswMain prio=3
[003770105] ECUA COM   TX ipdu=0 len=2
[003770120] ECUA PDUR  TX com=0 canif=0
[003770138] ECUA CAN   TX id=0x101 dlc=2 data=b8 05
[003770159] ECUA CANIF TX pdu=0
[003770163] ECUA OS    TASK_END Task_BswMain
[003770180] ECUA OS    TASK_START Task_Swc10ms prio=2
[003770213] ECUA RTE   CALL R_WheelSpeed_GetWheelSpeed
[003770235] ECUA RTE   WRITE P_VehicleSpeed_VehicleSpeed=1464
[003770262] ECUA OS    TASK_END Task_Swc10ms
[003780046] ECUA OS    ALARM Alarm_BswMain
[003780063] ECUA OS    ALARM Alarm_Swc10ms
[003780083] ECUA OS    TASK_START Task_BswMain prio=3
[003780107] ECUA OS    TASK_END Task_BswMain
[003780127] ECUA OS    TASK_START Task_Swc10ms prio=2
[003780146] ECUA RTE   CALL R_WheelSpeed_GetWheelSpeed
[003780163] ECUA RTE   WRITE P_VehicleSpeed_VehicleSpeed=1464
[003780179] ECUA OS    TASK_END Task_Swc10ms
[003790046] ECUA OS    ALARM Alarm_BswMain
[003790063] ECUA OS    ALARM Alarm_Swc10ms
[003790083] ECUA OS    TASK_START Task_BswMain prio=3
[003790105] ECUA COM   TX ipdu=0 len=2
[003790121] ECUA PDUR  TX com=0 canif=0
[003790138] ECUA CAN   TX id=0x101 dlc=2 data=b8 05
[003790159] ECUA CANIF TX pdu=0
[003790163] ECUA OS    TASK_END Task_BswMain
[003790180] ECUA OS    TASK_START Task_Swc10ms prio=2
[003790214] ECUA RTE   CALL R_WheelSpeed_GetWheelSpeed
[003790231] ECUA RTE   WRITE P_VehicleSpeed_VehicleSpeed=1464
[003790263] ECUA OS    TASK_END Task_Swc10ms
[003800047] ECUA OS    ALARM Alarm_BswMain
[003800063] ECUA OS    ALARM Alarm_Swc10ms
[003800083] ECUA OS    TASK_START Task_BswMain prio=3
[003800107] ECUA OS    TASK_END Task_BswMain
[003800127] ECUA OS    TASK_START Task_Swc10ms prio=2
[003800145] ECUA RTE   CALL R_WheelSpeed_GetWheelSpeed
[003800163] ECUA SWC   SpeedSensor raw=2999 speed=1464
[003800180] ECUA RTE   WRITE P_VehicleSpeed_VehicleSpeed=1464
[003800205] ECUA OS    TASK_END Task_Swc10ms
[003810047] ECUA OS    ALARM Alarm_BswMain
[003810063] ECUA OS    ALARM Alarm_Swc10ms
[003810083] ECUA OS    TASK_START Task_BswMain prio=3
[003810106] ECUA COM   TX ipdu=0 len=2
[003810121] ECUA PDUR  TX com=0 canif=0
[003810139] ECUA CAN   TX id=0x101 dlc=2 data=b8 05
[003810160] ECUA CANIF TX pdu=0
[003810164] ECUA OS    TASK_END Task_BswMain
[003810180] ECUA OS    TASK_START Task_Swc10ms prio=2
[003810214] ECUA RTE   CALL R_WheelSpeed_GetWheelSpeed
[003810231] ECUA RTE   WRITE P_VehicleSpeed_VehicleSpeed=1464
[003810263] ECUA OS    TASK_END Task_Swc10ms
[003820047] ECUA OS    ALARM Alarm_BswMain
[003820063] ECUA OS    ALARM Alarm_Swc10ms
[003820083] ECUA OS    TASK_START Task_BswMain prio=3
[003820107] ECUA OS    TASK_END Task_BswMain
[003820127] ECUA OS    TASK_START Task_Swc10ms prio=2
[003820147] ECUA RTE   CALL R_WheelSpeed_GetWheelSpeed
[003820163] ECUA RTE   WRITE P_VehicleSpeed_VehicleSpeed=1464
[003820180] ECUA OS    TASK_END Task_Swc10ms
[003830047] ECUA OS    ALARM Alarm_BswMain
[003830063] ECUA OS    ALARM Alarm_Swc10ms
[003830083] ECUA OS    TASK_START Task_BswMain prio=3
[003830106] ECUA COM   TX ipdu=0 len=2
[003830121] ECUA PDUR  TX com=0 canif=0
[003830139] ECUA CAN   TX id=0x101 dlc=2 data=b8 05
[003830147] ECUA CANIF TX pdu=0
[003830164] ECUA OS    TASK_END Task_BswMain
[003830181] ECUA OS    TASK_START Task_Swc10ms prio=2
[003830202] ECUA RTE   CALL R_WheelSpeed_GetWheelSpeed
[003830231] ECUA RTE   WRITE P_VehicleSpeed_VehicleSpeed=1464
[003830263] ECUA OS    TASK_END Task_Swc10ms
[003840047] ECUA OS    ALARM Alarm_BswMain
[003840064] ECUA OS    ALARM Alarm_Swc10ms
[003840083] ECUA OS    TASK_START Task_BswMain prio=3
[003840107] ECUA OS    TASK_END Task_BswMain
[003840128] ECUA OS    TASK_START Task_Swc10ms prio=2
[003840146] ECUA RTE   CALL R_WheelSpeed_GetWheelSpeed
[003840163] ECUA RTE   WRITE P_VehicleSpeed_VehicleSpeed=1464
[003840180] ECUA OS    TASK_END Task_Swc10ms
[003850047] ECUA OS    ALARM Alarm_BswMain
[003850064] ECUA OS    ALARM Alarm_Swc10ms
[003850084] ECUA OS    TASK_START Task_BswMain prio=3
[003850106] ECUA COM   TX ipdu=0 len=2
[003850121] ECUA PDUR  TX com=0 canif=0
[003850139] ECUA CAN   TX id=0x101 dlc=2 data=b8 05
[003850147] ECUA CANIF TX pdu=0
[003850164] ECUA OS    TASK_END Task_BswMain
[003850181] ECUA OS    TASK_START Task_Swc10ms prio=2
[003850202] ECUA RTE   CALL R_WheelSpeed_GetWheelSpeed
[003850231] ECUA RTE   WRITE P_VehicleSpeed_VehicleSpeed=1464
[003850263] ECUA OS    TASK_END Task_Swc10ms
[003860047] ECUA OS    ALARM Alarm_BswMain
[003860064] ECUA OS    ALARM Alarm_Swc10ms
[003860084] ECUA OS    TASK_START Task_BswMain prio=3
[003860108] ECUA OS    TASK_END Task_BswMain
[003860128] ECUA OS    TASK_START Task_Swc10ms prio=2
[003860146] ECUA RTE   CALL R_WheelSpeed_GetWheelSpeed
[003860164] ECUA RTE   WRITE P_VehicleSpeed_VehicleSpeed=1464
[003860180] ECUA OS    TASK_END Task_Swc10ms
[003870047] ECUA OS    ALARM Alarm_BswMain
[003870064] ECUA OS    ALARM Alarm_Swc10ms
[003870084] ECUA OS    TASK_START Task_BswMain prio=3
[003870106] ECUA COM   TX ipdu=0 len=2
[003870122] ECUA PDUR  TX com=0 canif=0
[003870139] ECUA CAN   TX id=0x101 dlc=2 data=b8 05
[003870147] ECUA CANIF TX pdu=0
[003870164] ECUA OS    TASK_END Task_BswMain
[003870181] ECUA OS    TASK_START Task_Swc10ms prio=2
[003870215] ECUA RTE   CALL R_WheelSpeed_GetWheelSpeed
[003870231] ECUA RTE   WRITE P_VehicleSpeed_VehicleSpeed=1464
[003870264] ECUA OS    TASK_END Task_Swc10ms
[003880048] ECUA OS    ALARM Alarm_BswMain
[003880064] ECUA OS    ALARM Alarm_Swc10ms
[003880084] ECUA OS    TASK_START Task_BswMain prio=3
[003880108] ECUA OS    TASK_END Task_BswMain
[003880128] ECUA OS    TASK_START Task_Swc10ms prio=2
[003880146] ECUA RTE   CALL R_WheelSpeed_GetWheelSpeed
[003880164] ECUA RTE   WRITE P_VehicleSpeed_VehicleSpeed=1464
[003880181] ECUA OS    TASK_END Task_Swc10ms
[003890048] ECUA OS    ALARM Alarm_BswMain
[003890064] ECUA OS    ALARM Alarm_Swc10ms
[003890084] ECUA OS    TASK_START Task_BswMain prio=3
[003890106] ECUA COM   TX ipdu=0 len=2
[003890122] ECUA PDUR  TX com=0 canif=0
[003890140] ECUA CAN   TX id=0x101 dlc=2 data=b8 05
[003890148] ECUA CANIF TX pdu=0
[003890164] ECUA OS    TASK_END Task_BswMain
[003890181] ECUA OS    TASK_START Task_Swc10ms prio=2
[003890203] ECUA RTE   CALL R_WheelSpeed_GetWheelSpeed
[003890232] ECUA RTE   WRITE P_VehicleSpeed_VehicleSpeed=1464
[003890264] ECUA OS    TASK_END Task_Swc10ms
[003900046] ECUA OS    ALARM Alarm_BswMain
[003900047] ECUA OS    ALARM Alarm_Swc10ms
[003900064] ECUA OS    TASK_START Task_BswMain prio=3
[003900100] ECUA OS    TASK_END Task_BswMain
[003900115] ECUA OS    TASK_START Task_Swc10ms prio=2
[003900146] ECUA RTE   CALL R_WheelSpeed_GetWheelSpeed
[003900163] ECUA SWC   SpeedSensor raw=2999 speed=1464
[003900179] ECUA RTE   WRITE P_VehicleSpeed_VehicleSpeed=1464
[003900204] ECUA OS    TASK_END Task_Swc10ms
[003910048] ECUA OS    ALARM Alarm_BswMain
[003910064] ECUA OS    ALARM Alarm_Swc10ms
[003910084] ECUA OS    TASK_START Task_BswMain prio=3
[003910107] ECUA COM   TX ipdu=0 len=2
[003910122] ECUA PDUR  TX com=0 canif=0
[003910140] ECUA CAN   TX id=0x101 dlc=2 data=b8 05
[003910148] ECUA CANIF TX pdu=0
[003910165] ECUA OS    TASK_END Task_BswMain
[003910182] ECUA OS    TASK_START Task_Swc10ms prio=2
[003910203] ECUA RTE   CALL R_WheelSpeed_GetWheelSpeed
[003910232] ECUA RTE   WRITE P_VehicleSpeed_VehicleSpeed=1464
[003910264] ECUA OS    TASK_END Task_Swc10ms
[003920048] ECUA OS    ALARM Alarm_BswMain
[003920064] ECUA OS    ALARM Alarm_Swc10ms
[003920084] ECUA OS    TASK_START Task_BswMain prio=3
[003920108] ECUA OS    TASK_END Task_BswMain
[003920129] ECUA OS    TASK_START Task_Swc10ms prio=2
[003920148] ECUA RTE   CALL R_WheelSpeed_GetWheelSpeed
[003920164] ECUA RTE   WRITE P_VehicleSpeed_VehicleSpeed=1464
[003920181] ECUA OS    TASK_END Task_Swc10ms
[003930048] ECUA OS    ALARM Alarm_BswMain
[003930065] ECUA OS    ALARM Alarm_Swc10ms
[003930085] ECUA OS    TASK_START Task_BswMain prio=3
[003930107] ECUA COM   TX ipdu=0 len=2
[003930122] ECUA PDUR  TX com=0 canif=0
[003930140] ECUA CAN   TX id=0x101 dlc=2 data=b8 05
[003930148] ECUA CANIF TX pdu=0
[003930165] ECUA OS    TASK_END Task_BswMain
[003930182] ECUA OS    TASK_START Task_Swc10ms prio=2
[003930215] ECUA RTE   CALL R_WheelSpeed_GetWheelSpeed
[003930232] ECUA RTE   WRITE P_VehicleSpeed_VehicleSpeed=1464
[003930264] ECUA OS    TASK_END Task_Swc10ms
[003940048] ECUA OS    ALARM Alarm_BswMain
[003940065] ECUA OS    ALARM Alarm_Swc10ms
[003940085] ECUA OS    TASK_START Task_BswMain prio=3
[003940109] ECUA OS    TASK_END Task_BswMain
[003940129] ECUA OS    TASK_START Task_Swc10ms prio=2
[003940148] ECUA RTE   CALL R_WheelSpeed_GetWheelSpeed
[003940165] ECUA RTE   WRITE P_VehicleSpeed_VehicleSpeed=1464
[003940181] ECUA OS    TASK_END Task_Swc10ms
[003950048] ECUA OS    ALARM Alarm_BswMain
[003950065] ECUA OS    ALARM Alarm_Swc10ms
[003950085] ECUA OS    TASK_START Task_BswMain prio=3
[003950107] ECUA COM   TX ipdu=0 len=2
[003950123] ECUA PDUR  TX com=0 canif=0
[003950140] ECUA CAN   TX id=0x101 dlc=2 data=b8 05
[003950148] ECUA CANIF TX pdu=0
[003950165] ECUA OS    TASK_END Task_BswMain
[003950182] ECUA OS    TASK_START Task_Swc10ms prio=2
[003950204] ECUA RTE   CALL R_WheelSpeed_GetWheelSpeed
[003950232] ECUA RTE   WRITE P_VehicleSpeed_VehicleSpeed=1464
[003950265] ECUA OS    TASK_END Task_Swc10ms
[003960048] ECUA OS    ALARM Alarm_BswMain
[003960065] ECUA OS    ALARM Alarm_Swc10ms
[003960085] ECUA OS    TASK_START Task_BswMain prio=3
[003960109] ECUA OS    TASK_END Task_BswMain
[003960129] ECUA OS    TASK_START Task_Swc10ms prio=2
[003960148] ECUA RTE   CALL R_WheelSpeed_GetWheelSpeed
[003960165] ECUA RTE   WRITE P_VehicleSpeed_VehicleSpeed=1464
[003960182] ECUA OS    TASK_END Task_Swc10ms
[003970049] ECUA OS    ALARM Alarm_BswMain
[003970065] ECUA OS    ALARM Alarm_Swc10ms
[003970085] ECUA OS    TASK_START Task_BswMain prio=3
[003970107] ECUA COM   TX ipdu=0 len=2
[003970123] ECUA PDUR  TX com=0 canif=0
[003970141] ECUA CAN   TX id=0x101 dlc=2 data=b8 05
[003970149] ECUA CANIF TX pdu=0
[003970165] ECUA OS    TASK_END Task_BswMain
[003970182] ECUA OS    TASK_START Task_Swc10ms prio=2
[003970216] ECUA RTE   CALL R_WheelSpeed_GetWheelSpeed
[003970233] ECUA RTE   WRITE P_VehicleSpeed_VehicleSpeed=1464
[003970265] ECUA OS    TASK_END Task_Swc10ms
[003980049] ECUA OS    ALARM Alarm_BswMain
[003980065] ECUA OS    ALARM Alarm_Swc10ms
[003980085] ECUA OS    TASK_START Task_BswMain prio=3
[003980109] ECUA OS    TASK_END Task_BswMain
[003980129] ECUA OS    TASK_START Task_Swc10ms prio=2
[003980149] ECUA RTE   CALL R_WheelSpeed_GetWheelSpeed
[003980165] ECUA RTE   WRITE P_VehicleSpeed_VehicleSpeed=1464
[003980182] ECUA OS    TASK_END Task_Swc10ms
[003990049] ECUA OS    ALARM Alarm_BswMain
[003990065] ECUA OS    ALARM Alarm_Swc10ms
[003990085] ECUA OS    TASK_START Task_BswMain prio=3
[003990108] ECUA COM   TX ipdu=0 len=2
[003990123] ECUA PDUR  TX com=0 canif=0
[003990141] ECUA CAN   TX id=0x101 dlc=2 data=b8 05
[003990149] ECUA CANIF TX pdu=0
[003990166] ECUA OS    TASK_END Task_BswMain
[003990183] ECUA OS    TASK_START Task_Swc10ms prio=2
[003990216] ECUA RTE   CALL R_WheelSpeed_GetWheelSpeed
[003990233] ECUA RTE   WRITE P_VehicleSpeed_VehicleSpeed=1464
[003990265] ECUA OS    TASK_END Task_Swc10ms
